distance_km,weather_severity,traffic_index,weather_traffic_interaction,delay_hours
624.3561663863075,7,1,7,4.850160344031529
1431.0000289738825,4,10,40,14.04106217878829
1124.791518535967,2,5,10,6.438541786336005
938.1218778758513,5,6,30,9.255765559970023
318.4260966194111,3,4,12,3.446084765879376
318.3923284706837,9,7,63,15.0264886303275
181.31705703547925,6,3,18,7.013609537259093
1312.6466040849093,1,7,7,3.998325958558749
941.5610164404924,3,1,3,1.383827924578402
1091.3016089144637,4,7,28,9.471272111746938
128.81829201412341,9,1,9,2.0165117253608384
1457.873793026792,6,1,6,3.8906821226365134
1265.4196971205904,4,2,8,6.945032848715626
397.2747549495866,1,2,2,1.5371559936795767
354.5549540899409,8,4,32,8.240263407975212
356.76631379480733,2,1,2,2.2234686476465426
525.9391401433528,8,4,32,10.024364626873467
834.6590042851329,6,2,12,7.816222946514875
704.7230260989621,8,4,32,7.540131373436007
507.72079627725867,6,4,24,6.625785084139841
956.5940526113312,5,9,45,12.867670363793385
295.2914049128586,5,9,45,13.027287551990362
509.0025079493054,10,1,10,10.255847866979922
612.9065806111684,10,5,50,14.60538477718213
738.4979779038503,8,7,56,14.678180182519004
1199.246345950219,7,4,28,8.47856984779379
379.5432950217036,8,5,40,9.151453348899281
819.9282137790563,8,2,16,8.594574334872298
929.3803964068594,7,3,21,7.116594406240199
165.03057780799682,2,7,14,5.298936106243646
950.5627926620137,9,10,90,24.587029200095724
338.73377316220814,7,7,49,10.355533615526241
191.07223017939134,6,4,24,7.787870124523652
1428.4397521546666,9,1,9,5.951421049262889
1451.884846304383,1,1,1,6.208176049486632
1231.7562873630457,2,4,8,4.455645195988464
526.459276842719,1,4,4,4.556294312477516
236.74095960893743,10,6,60,12.161216865990083
1057.9262371170198,3,7,21,11.295769696300278
716.2134912354418,5,9,45,14.662012762532983
270.8535287826903,1,9,9,4.957417742390612
793.2476741557782,4,10,40,13.375969998551305
148.14392956130575,8,5,40,12.132277958269885
1373.0485629102948,6,10,60,17.775345546956984
462.2919742400237,1,3,3,2.291763149586836
1027.5311980955748,1,3,3,3.85793219893944
536.3955065251753,3,6,18,7.237828400384212
828.0952296489352,10,1,10,6.640704185250328
865.3943910805915,8,7,56,15.982567804474177
358.79623773573786,8,3,24,6.385723493316117
1457.418478870382,3,5,15,7.092532485086177
1185.1859527055603,7,7,49,14.035123194866369
1415.2985181898648,3,7,21,10.387101499941766
1352.7582905987083,4,9,36,10.613426274078831
937.0599703355192,9,1,9,6.554971406814231
1390.6239290323635,4,3,12,8.15242471480017
223.8895028726873,3,9,27,9.070381399295787
374.3760073868033,5,8,40,11.561571769668653
163.3182044747533,7,2,14,4.872882825897649
555.4624630685701,5,8,40,11.904284258480335
644.1482055652748,4,8,32,9.826636079648251
479.8886444834543,8,2,16,6.310202036438787
1260.232512812701,4,8,32,11.057982158719394
599.454657371025,2,3,6,3.6298428065458928
493.30831356233307,10,7,70,16.810236641470023
859.7745164215479,6,9,54,13.447758196510753
297.2939149646677,2,4,8,1.7361834553914397
1223.0757730556556,3,6,18,8.56499470117663
204.37090115167916,1,9,9,6.564561286668241
1481.6417112407241,5,5,25,12.54465069212413
1181.1426770153205,9,1,9,8.458636765471391
378.2019541478414,2,3,6,4.8127259356569745
107.73096397304336,7,9,63,15.70929211038393
1241.6459998367677,5,3,15,7.612145732038464
1089.600281386664,2,10,20,8.595457230956287
1120.6100352573822,8,2,16,6.487853486165051
1179.778485360324,6,4,24,9.645322855906377
203.6625124277265,4,5,20,5.354834979590613
601.8520199619817,4,7,28,9.267831084722191
262.2166833351816,2,7,14,2.277785713586842
1308.344796225831,3,9,27,11.867398021081218
972.6173775585811,7,8,56,14.093118167056495
563.2572347937089,3,2,6,1.5848455306730531
188.98169040043308,5,8,40,12.161650419402218
535.3752504019271,10,8,80,20.715362783388155
555.2566508374459,6,5,30,9.28380938353885
1121.4486496732898,6,3,18,6.867221132170259
992.5804598972984,4,9,36,13.262581889091113
1342.0978396068572,6,7,42,12.430690549530263
761.100895226729,3,1,3,3.035745132685264
267.43194431362235,7,8,56,16.25732826458231
1098.542702112193,7,10,70,19.359984045233393
1165.0990680636564,4,5,20,8.460963312684061
885.7880765972948,2,6,12,6.157738667624357
1179.3540519363853,7,9,63,17.574447861139756
791.3138349101471,3,10,30,11.381638263685117
831.8259611347917,1,8,8,4.675372475294506
698.5574257019695,2,3,6,5.909500562411998
135.58677744173326,10,5,50,12.083965195929807
251.04799779062623,9,4,36,9.895308070169694
144.00085996142795,8,1,8,5.508433851547444
990.9745757692925,6,5,30,10.069740452432733
540.0983735068573,6,10,60,17.201736369117473
811.9989676305839,1,7,7,5.703458442545989
1370.5930634965302,2,1,2,4.190185509785467
449.00912080842494,4,4,16,6.421077446301714
674.5360922498817,3,6,18,7.909930976657494
1157.771593960268,1,9,9,8.404798299425318
420.3174316882714,8,8,64,17.618625935599578
207.7718737603102,7,2,14,6.904481197549972
505.6520340792752,4,3,12,4.0213873237261595
325.7098021556062,9,10,90,23.0327217699338
1401.5767132796022,4,5,20,6.452386849901809
1231.3685313901838,1,7,7,5.665932168669633
986.7652591145928,10,3,30,10.466847284078607
1320.0448262628047,1,7,7,5.040701050398763
1225.1409076587602,1,5,5,5.920015426499391
361.19808244045015,1,10,10,7.632186830723446
1349.5825978859689,4,6,24,8.830228676322081
855.079138681911,1,6,6,6.0053326298207
1230.4162172296876,2,4,8,7.1161045395041205
1354.5278198928904,4,8,32,9.005774017545692
545.2048649606095,7,9,63,16.501776370298636
254.07269433874745,2,2,4,3.0681079940198517
419.1092275587184,8,9,72,16.26240284604744
697.9509040767589,7,4,28,7.5035054461296
1245.2206722914905,9,6,54,14.658784155720845
1305.0228165588808,6,7,42,13.229458944153594
109.73298274366698,4,4,16,4.293470051255407
815.0462236085921,6,8,48,14.663448472934554
684.3754044082906,4,10,40,13.207954395353848
410.9509346590223,7,8,56,15.08579131929682
267.8115142671559,9,1,9,6.872914690324977
572.6612399650792,3,8,24,9.813493251512009
1420.0735854775269,3,10,30,12.665227412570992
552.4841048290573,2,3,6,1.9680146223289863
826.3068704407125,1,5,5,6.438850406369049
1084.2265424532488,1,10,10,9.868455242309741
609.0814433310115,3,8,24,8.42453465012127
1460.494915809345,7,6,42,12.507010187575945
1447.4262129189558,9,4,36,13.726722023066916
452.4952141555098,2,4,8,1.574489263720365
796.1479082493396,7,4,28,10.089830367927423
521.2296337434775,1,6,6,6.887643099485779
498.77669212845467,2,7,14,5.925816806931396
151.64172629634592,6,5,30,8.966581197074387
953.3900675718555,5,10,50,15.05832486851113
803.750632520406,8,8,64,18.372479786760508
172.0702517499851,2,7,14,6.003322150376151
490.105049931256,1,8,8,5.16613858850857
1371.5722403533152,7,4,28,8.364332666257747
435.38664693376137,6,8,48,13.212141940147035
302.85282092771234,8,6,48,12.50098660563597
785.2338643885882,8,3,24,5.718618645493698
1479.910635754841,2,8,16,7.649857976063309
438.8773801161006,8,7,56,13.581301389930658
1040.98976636823,6,10,60,15.985838640565765
1166.2674614602047,9,5,45,13.740209099187464
432.6925615893595,7,4,28,8.600727399743976
1119.5028880566033,2,1,2,3.444873584740319
614.8963858069545,8,10,80,23.019168216478178
985.2281628310112,9,3,27,9.258319583349534
986.9415950652526,7,2,14,5.669826987366033
850.0845577046618,4,8,32,13.250660414903214
226.40567807617163,9,8,72,19.34872392239657
1269.423493824933,4,5,20,7.115516928350496
549.0920909604301,4,5,20,9.118325720384405
361.12591455979594,9,4,36,7.6522436481333465
157.08519817666948,8,1,8,8.619754971323637
927.2501204635386,4,1,4,6.728757187641324
1048.5901065791954,8,6,48,14.895082217761088
123.22296049899862,8,4,32,10.334301552889993
816.9302816189934,7,4,28,10.19943579198404
417.09408527711315,10,3,30,8.545642116582078
1003.2419065732298,6,9,54,17.299978723950876
344.113000606988,8,3,24,9.922462852478162
1067.3128333434524,7,8,56,14.74374137240645
641.4294848207524,5,2,10,5.034850620572764
1411.4219842314283,4,4,16,6.1730720097263685
292.5293218043905,2,1,2,1.8135859951541429
577.4928914703619,8,5,40,11.153566576506563
258.8629297368247,9,2,18,8.596459062438933
1394.571065589988,4,1,4,7.390403231150232
1328.2750947333734,4,1,4,3.261063432340932
461.11827880121785,5,2,10,5.875942679708097
1023.9776644478507,2,5,10,7.467442437464868
1244.1110802817022,7,9,63,15.016421109646311
877.2811362392473,5,6,30,11.602069879507454
841.510809698409,6,4,24,6.465838783810556
438.59320726063237,4,3,12,4.310352783613462
230.34387492825888,8,8,64,14.309172604154043
1356.1020611346576,8,3,24,7.555532333931992
1360.5852800286627,5,1,5,7.02685812566353
986.3420401825751,6,4,24,7.559380528625543
574.6417074681809,3,5,15,5.704848197530639
588.8934044577252,1,5,5,4.217555551089332
1116.3379504183351,9,5,45,14.797157155485289
1355.954363933608,9,8,72,17.95895784116264
1341.9209939711643,3,8,24,11.115075729268161
1191.8257642006733,4,4,16,7.237182007762848
998.8443046160029,7,9,63,15.635577149660602
217.79595099306835,2,1,2,3.2663536193965603
326.28019973245927,3,5,15,8.920244504356933
1357.9758639379108,6,5,30,11.321865464182192
949.0006835234259,8,5,40,11.384547526683496
112.87587226328151,1,8,8,3.822196590798099
242.06016001244495,4,9,36,11.893758277854843
1028.902476751278,1,3,3,4.0280856323173335
107.08621738470616,2,9,18,5.520682701745361
325.1312719844981,8,8,64,13.310478011674343
868.2273051132206,6,3,18,8.008276127811849
1068.6532767697704,9,2,18,6.439307443907236
1012.7457633036407,2,4,8,4.8216412290108615
413.9770332447837,3,2,6,5.871024095947608
1097.0509098865502,9,4,36,10.647393676877774
432.1487224955201,9,5,45,13.894821278689271
555.5595774229748,6,2,12,3.9793141444968794
1145.0879671652337,3,8,24,11.302208195631993
1009.4860586661006,5,1,5,5.531678723176938
1288.912774691849,2,3,6,6.010093447628882
1020.6580492204807,7,7,49,13.378327500674349
895.6320446696602,10,10,100,24.746596757078983
231.14467495932948,8,1,8,5.02416015092552
614.8021242832069,6,2,12,8.461518889143608
471.28331475441564,8,3,24,7.2186354128647885
441.585500730717,2,2,4,4.812157764649595
1462.2147766534238,3,2,6,4.17348610582026
650.3368145334646,7,6,42,11.742481032767229
1348.8651772479586,10,7,70,18.03996798716679
983.594076396168,1,6,6,4.824025585461424
1212.7358249583078,7,6,42,12.98940217766601
803.6919303472689,6,9,54,17.27000640982549
907.6654384769028,8,8,64,17.700295249068066
789.5247713464095,7,8,56,17.130166288414745
373.3401829172623,4,6,24,7.968544024914577
1111.4329613661075,3,5,15,9.2969688347337
493.0813074171981,3,9,27,9.876676027695051
134.04235300403536,4,2,8,2.2842018333532303
1003.661214270035,9,7,63,18.541323378082676
347.95495116986854,9,6,54,16.121763124420035
1416.64201809408,2,7,14,9.290759486426674
1435.5000078036223,5,4,20,10.217319956449213
1380.810146308628,1,9,9,9.930349922972987
618.2221803576222,4,7,28,9.031371859548758
121.6392631404144,2,2,4,1.1663613078920938
1399.6459876228155,8,4,32,12.143338692018535
699.45780764424,4,5,20,10.188592403230778
1453.3167466611374,5,2,10,7.15841796255646
1449.067967924954,4,10,40,15.042695729609127
1294.213237654304,5,8,40,13.400521533648758
512.22844889742,5,1,5,4.116316284892452
639.1368200426954,5,3,15,5.436246457752394
1291.5913401235996,3,1,3,5.155583703498098
543.6908072187887,7,5,35,11.754058015414444
337.2898453605295,3,8,24,6.120806564965556
879.5217674416903,2,7,14,5.00733076843891
1410.6166838250933,3,9,27,8.74044061981674
1074.4417153449622,3,2,6,6.962069228912508
898.0856381251109,8,8,64,15.608981045759224
236.04709127907594,4,8,32,10.19968534621164
961.0101173788377,3,6,18,10.59954406908263
1486.0753901459686,10,3,30,12.17093651471844
296.11762133113365,5,2,10,5.163675419301311
825.6615133092314,4,8,32,9.58663526778857
1328.3223006991377,9,6,54,16.356461065751322
1137.0760648558862,8,4,32,9.581507442833855
1075.822037393375,7,5,35,8.646676906253187
1083.4777175819531,8,5,40,12.645468312599464
603.2876117076572,5,9,45,13.537799464668836
511.0285819702907,4,9,36,10.429481856276155
1233.105617669919,7,8,56,15.046274061243357
1234.158752550853,1,8,8,6.848170762266816
1313.901246012145,6,2,12,5.937697781761796
1378.5367735790599,8,3,24,11.070375769813365
815.8793584053129,7,8,56,16.00202821306321
802.1228125620794,2,5,10,8.146307380732164
1217.6132505534852,7,7,49,14.1519642519612
1009.9495030888712,6,8,48,14.324632407430716
1082.7536281607847,5,6,30,10.825876807799116
1214.1097372105414,4,5,20,8.068728173814616
1346.007478544593,1,8,8,4.416781881654092
573.1932195921502,2,1,2,3.112221709259594
625.8161336959216,7,1,7,8.303864804412115
231.5747157772166,10,1,10,6.862182549242766
909.5921973946436,3,3,9,8.206464531676023
150.31918331543892,5,10,50,14.645832907988822
751.8372253854442,8,6,48,13.275723209711485
859.7024885906072,8,6,48,14.62177848061238
501.1577529795982,6,5,30,10.907154827235892
927.166564796615,5,7,35,9.00335222605016
142.7003499146692,2,5,10,5.052633020293216
152.2874642489002,9,2,18,6.356925771999134
1251.6407849235216,1,4,4,7.219448595158249
604.2668979757681,2,1,2,3.067021545090897
277.8847177126387,1,7,7,1.0153128259586204
831.1405640767262,4,4,16,7.5221104353001795
1177.9909743380551,4,4,16,4.4632046181583025
402.14943849558045,5,4,20,8.81546150153055
972.0466661466004,5,3,15,5.742261031981302
219.4864509912752,8,8,64,13.942854204679742
172.35440963605078,3,4,12,3.4881346720042274
843.8964841954072,6,8,48,12.547281607224061
856.8891702541491,3,9,27,10.03021309915009
992.4018620974891,2,1,2,1.9940419789545265
1116.527867211726,8,4,32,10.58181828646096
1466.1929112475484,1,6,6,4.218966518567322
822.8204876216735,9,8,72,17.96817364306941
552.1390621177443,7,6,42,14.038159135289675
1213.260672676185,10,6,60,16.153642716498343
479.16515176690393,4,10,40,13.094550455784866
714.5599889878905,3,4,12,3.8446835199568934
209.83893387917234,6,9,54,14.78922196682101
135.49104078164052,9,7,63,16.927358425654838
1447.707780549095,9,6,54,18.23323353591961
1270.3721687170882,4,1,4,5.04186588838283
1074.363888531177,10,2,20,9.955891933716664
672.5341221799779,5,6,30,7.824289974757383
342.6120480991841,9,1,9,4.560109302185472
319.01185973952045,2,5,10,3.5375982070366847
450.34005743043343,2,1,2,2.693359348600324
868.9173305885687,5,3,15,5.895511831054205
1100.4342917800873,1,7,7,7.3810505055290605
1024.2763274048239,8,5,40,16.15143814847923
491.90745572431996,5,10,50,14.916177050161208
1436.8113929284718,10,1,10,9.891109760867893
1133.055683374076,2,1,2,1.7892825257910765
876.0956735159609,9,8,72,18.324736147039903
956.4090447280931,2,9,18,9.138101252362958
687.4400873989059,7,7,49,13.722463721489676
446.8233853016204,8,3,24,10.858643957619527
598.3617501117662,6,6,36,9.680894429808925
1160.9845546501167,7,3,21,9.256655150775048
120.15088408165822,1,10,10,2.397600140619968
262.50169670968273,4,4,16,6.362013051464644
164.40369883045383,7,4,28,8.987681181532736
157.02032324655818,1,3,3,2.1856634515141877
1297.6448176154101,1,10,10,8.988241910698108
1085.1210031320331,6,6,36,10.923507918646795
763.8433607222553,4,5,20,5.895407406089987
236.96782491140206,3,9,27,7.5411250938009875
788.2622251635653,5,9,45,12.14767542212207
762.8604790927919,9,3,27,7.537193544734906
342.48261787402123,10,9,90,18.78723168618086
707.3923089331622,10,3,30,8.86968836977921
657.9066281563228,10,4,40,11.381658483734428
962.190137273103,3,1,3,3.8721950279346515
989.1311112147013,5,5,25,7.392400741518973
163.42561368086234,10,9,90,19.02606325639001
624.4576604770597,5,2,10,4.127517872272672
976.2038819999309,9,4,36,12.30772592116186
804.3907620121228,10,10,100,21.816083730581138
1299.0857776636512,4,2,8,5.022274759656135
1022.171084266523,1,8,8,8.202950486645808
328.10819791400155,10,9,90,19.56428263198954
198.7962463606018,5,3,15,3.4766740976882646
999.3869894888419,1,9,9,7.1179450848729635
137.11583475827052,6,6,36,8.62741679002136
920.0858137828486,10,6,60,12.097254622587155
1416.3223379949407,10,7,70,19.431213327899982
905.6638490262305,7,5,35,12.466683335652842
643.4378966891306,1,6,6,4.853337837868622
1000.6035058192945,10,1,10,8.466004485082289
741.5540466881233,4,3,12,6.649146940541405
863.8635050423089,9,9,81,18.895377507769265
1418.0507322871351,1,5,5,8.960361783504823
640.5436929210839,9,5,45,13.212802758688623
1445.66678935348,8,8,64,18.733037940872915
1367.4908987384892,5,2,10,5.044780369649235
374.107588705015,6,7,42,9.329442374223653
197.10582122523164,7,9,63,13.919120734828464
241.0892019283973,4,7,28,10.062330224626013
125.51055591216962,6,5,30,11.116768676625723
232.22014505829975,7,6,42,11.697566896894575
1056.2094827828996,6,4,24,9.251206427074475
199.6641078443206,6,7,42,12.75018766359084
546.5658824112659,2,1,2,4.464884416868294
1282.8254353572363,5,4,20,6.4875518289987735
132.5807100301562,3,3,9,6.157062378887796
1240.25587562451,7,4,28,9.809772022841141
494.5966846827599,4,1,4,4.815162640303933
265.43075867031877,1,2,2,0.329413958663725
1075.432031509811,6,9,54,17.201117033922667
980.5199854918376,6,7,42,10.710497287097756
1328.4608189378741,7,6,42,15.138891168389506
1129.0994613254402,8,2,16,8.82321841330271
1224.873302538788,3,1,3,1.8416822735011205
494.84840159982906,6,2,12,7.302817458120764
348.41536129161193,10,7,70,15.532862658999914
1150.8606522972016,2,2,4,6.016094697449019
1229.5686349741695,9,3,27,10.625854707167418
1486.7071988009427,2,8,16,7.3040079085358025
677.6647476759971,3,7,21,6.6855005161877665
620.8253201098964,10,9,90,27.19584871665268
1186.9781450387957,2,4,8,9.234976813937557
577.124956354225,9,7,63,15.788232627764009
1403.0602558449907,1,1,1,4.29307794391129
1301.7778525802166,5,2,10,8.208106505525071
700.5916383250257,1,7,7,3.6133675731670736
1151.2194949080963,5,2,10,7.137343258663499
1156.3600237185553,8,6,48,15.793472337398313
244.37341637030565,8,10,80,19.431513947954954
1363.5740693513933,8,9,72,21.613566460820724
807.353321427,2,5,10,5.943672579124311
1257.0404525508384,8,10,80,22.572026221135015
548.0694414428565,5,7,35,11.000589313299024
1353.7325198946808,1,1,1,1.2569186221688993
644.8823502278284,7,8,56,16.398207442442622
115.17271207241771,6,9,54,15.683265713278777
1367.534766986969,5,5,25,9.758265656727268
227.80134750058699,1,6,6,2.0469635635028265
547.0390926265809,1,8,8,7.096190023225231
1430.0867538711268,6,4,24,10.334888745009069
1430.8500057125786,10,2,20,10.107218931144802
902.8130433726005,7,10,70,18.68915528719281
984.572097037719,10,8,80,21.680709800965424
727.8237307696477,10,2,20,8.687551862908578
510.4950803772903,1,5,5,3.358608914230807
560.1303635178824,9,6,54,11.897369711437415
1041.5258385078537,4,5,20,7.590761926384957
1153.324341212752,5,6,30,12.070986934148737
1208.2106612161879,2,6,12,6.714279018998118
1205.4653999123755,10,3,30,12.472704807511832
227.6885442681665,8,3,24,5.534004786391074
792.188426583614,2,9,18,6.9668865928393195
180.582264023302,3,3,9,2.206612908585331
869.3404352532298,9,3,27,9.891744372486682
718.1427019227278,2,2,4,6.12430545120121
1342.7858558616197,6,7,42,16.95202214852474
591.2810175729102,4,10,40,13.968869845469724
263.8938229986482,7,10,70,14.190921886399238
300.1883548739702,6,4,24,6.4722551603161715
1166.1148844044612,10,1,10,2.673953518277769
965.5052886427654,9,6,54,15.37881471298904
241.57174657190635,9,5,45,14.370465110215827
217.7495285609964,10,2,20,8.458760062776328
1081.3567840427681,4,6,24,6.714512307284041
201.86820890987093,1,1,1,3.3368200864989244
1250.6040830064987,2,3,6,7.007627516540598
1088.7391180190948,8,4,32,13.292170513048504
213.88829289865967,10,3,30,10.791439354543927
218.77279971926868,8,6,48,11.648341842901825
1481.2954099016456,2,4,8,3.580218884305842
623.9791140585685,4,1,4,5.20434752528201
618.8990058936473,1,5,5,5.452697209521305
1237.9193941605035,7,5,35,8.867941966993804
1426.1480083374022,4,9,36,11.605848628900443
1480.4014893520193,8,8,64,16.75649142002975
1154.7294593625184,9,8,72,20.1006656920555
626.763419743282,9,5,45,12.680276429454263
216.90100337813627,3,8,24,7.73827906345884
1188.0056822984116,5,10,50,14.746792627137012
881.765949630127,6,7,42,10.975030504441294
693.9108129457668,6,1,6,5.935894447464905
1368.8961391326304,10,7,70,17.94745795681753
255.67647522861188,8,8,64,17.454917277162835
789.6751460072028,6,3,18,5.189792996269672
115.89510267438669,6,9,54,12.993832723489069
756.1248987917768,4,8,32,13.659499681482504
178.82458595457229,7,2,14,5.709582639678882
266.3450827753007,8,6,48,11.796869879879264
264.53674548794686,3,4,12,3.8869436093492116
1008.894422962489,7,3,21,7.163697766317766
1144.4628309715927,3,6,18,8.96947112166298
916.7162711360235,8,10,80,21.581327215928614
1447.0415678643587,1,9,9,8.521028997927822
624.8188113331856,1,2,2,2.5608113912996333
499.99692079460505,6,10,60,16.702346906224857
1316.0387794652445,10,10,100,22.525240401736955
413.03417392723367,9,10,90,21.593191450181266
1448.5115552168559,4,5,20,9.749004640997569
117.01626456574289,6,6,36,10.235062075996538
1457.8303573906946,5,4,20,8.182816489689388
160.42387673080657,1,7,7,3.3082829623389625
1347.6003591772994,6,2,12,5.143957500771178
838.7815527208198,9,7,63,18.833435464070444
1490.1507145670205,3,2,6,5.496785459834007
203.3151906295584,3,1,3,1.5209359576353214
875.3959981618491,2,5,10,5.068947180268535
1457.0235498667384,4,2,8,4.679307837081749
832.3369818382083,10,8,80,19.061118061663162
981.1580933893675,3,8,24,11.479160693998493
1074.048164578464,2,1,2,4.320663236831419
736.3574906748826,1,4,4,5.215455095010121
978.5813121176889,3,9,27,11.946092234788008
918.0400366923403,10,5,50,17.635825273937805
1361.6212146873845,6,10,60,17.564822702649682
163.62493247804102,9,6,54,12.885267967787023
493.3484654291224,5,3,15,6.592462843028924
1430.5760777071823,3,5,15,8.984167068788246
1346.3692974472829,5,1,5,5.2916698517376055
737.9194538999981,5,8,40,10.834892629695135
968.1856369221514,5,6,30,10.615366438032805
488.3336561735857,7,2,14,6.7934028115842
363.36962361326584,5,4,20,7.3478215085506395
749.177766915975,7,4,28,6.641896580185556
594.6931192364739,9,9,81,17.25425198920835
917.1185565912209,5,9,45,14.759413535094007
208.82849175097877,2,5,10,3.9591907327300975
1464.152730732633,5,3,15,11.215164335593762
1480.695042271444,8,1,8,8.973131183373996
1077.4263996276431,4,6,24,7.452657873237656
850.5349128817685,2,8,16,9.440842751658302
533.3386628008589,10,1,10,8.36754263091006
1239.313027589728,3,1,3,3.560715606161256
1058.623641575431,9,7,63,16.937980851969982
327.66371508284783,9,7,63,14.7832718573965
1375.2980582913794,8,2,16,6.666611458199573
1251.5521400924365,8,3,24,12.068571200787826
1429.7198786086938,8,2,16,4.574479015903611
1116.0073117437041,8,6,48,13.220142863501188
958.7812743101058,8,8,64,16.483873544652234
685.5402508068664,1,8,8,6.306862435018973
1405.8198766956186,6,1,6,4.052095373414938
1312.4894453005718,9,9,81,23.107380471728682
163.30613814866518,8,8,64,12.772762721782687
136.9137642961528,3,9,27,6.091918782322316
627.0487136292694,1,9,9,6.5911770921236394
1234.774663094566,2,6,12,5.3391197028191435
1482.1865810409222,2,3,6,5.976010092737976
310.5836475449395,7,1,7,3.0610267504285957
931.7830014929892,6,8,48,15.274659289076958
633.2471992834301,2,10,20,7.474691489879401
1457.8801569404445,8,3,24,12.282586472310301
1278.9664923899923,9,7,63,18.452044256485916
1273.660186595593,7,10,70,18.01017743266931
756.1704237129584,4,6,24,9.648710454375015
680.7473032727313,1,3,3,3.530518520458141
482.7699007029887,4,6,24,9.343805589680839
178.92569531129794,4,3,12,5.4570168863200825
1310.6113267570745,8,9,72,19.96015294768472
1238.0614127821086,4,1,4,4.773100906713039
1499.6047426005828,4,8,32,13.555920467994149
1495.2915719034675,2,5,10,8.84647803102713
877.6043878436784,10,4,40,12.560059277035707
1176.5823812527146,7,1,7,6.812387612133343
1422.6720218353992,4,9,36,14.45123136172694
1289.506346948376,6,9,54,18.4894032342738
446.2873424404767,3,5,15,8.190759865850696
730.761789434131,7,9,63,18.15630884768701
280.823181212093,6,10,60,14.740462698734067
1435.6714381622114,3,9,27,9.452031398097693
948.6444882312321,4,7,28,10.936234610551136
420.0999277048478,10,8,80,19.867790382588954
1040.3809581681994,5,1,5,4.135348631361567
965.3795366410542,9,4,36,9.629387005657179
601.4278052459767,6,10,60,18.4865458796236
258.98062907948065,4,10,40,12.356352135827823
1040.2024738299194,7,4,28,8.16803587762215
828.4307812653107,2,9,18,8.36639232241842
1181.245748429895,4,3,12,4.546964230063574
828.2289015567908,5,10,50,15.679134154938351
1293.0541004459562,4,10,40,16.561230424756452
872.6695742842797,4,1,4,3.6663046149438054
885.3131601495407,9,5,45,13.081897699927653
1327.315043721683,2,7,14,7.7401998332851205
664.8760126973558,6,4,24,7.993157244799963
287.62131983089705,8,9,72,16.21135465785141
140.29574683867457,8,6,48,14.353655783676205
1157.1921579430666,7,6,42,13.406926318434257
968.4333718948506,10,3,30,10.731941107115718
1085.711675338913,4,10,40,13.032343017497693
398.149826112475,7,10,70,15.486954971404561
290.9200658214777,10,5,50,14.489413371946803
120.3625319350347,6,10,60,17.175163088654806
590.8225823292357,6,6,36,7.989443406214926
925.8847615964863,2,4,8,6.315940318591572
649.1416631396253,8,3,24,9.791959454485845
712.4648908332207,8,5,40,13.751237560365192
1365.8221722912479,7,7,49,16.789842177568286
587.5576538326204,9,6,54,18.328819285651345
819.5852848237352,8,2,16,7.839561504272047
1197.1142178376003,9,1,9,8.333245720342047
655.1598952497782,9,5,45,12.7789681619154
970.9213803190229,6,5,30,9.037590496146962
1307.3091922454432,2,6,12,8.477028546944783
1429.328873120699,7,3,21,10.799348747606095
305.90287330065314,3,1,3,2.874483204485412
1397.2226752260922,7,4,28,8.204077501371085
788.9628103113535,9,4,36,9.104490838646234
461.5421436185417,10,10,100,24.074026785436452
742.7900587335658,10,2,20,7.736974440105005
1472.045605399668,2,8,16,9.67823115018112
789.6653315900174,6,6,36,11.903367490201996
560.2522544025114,6,3,18,6.648879099213747
986.761196043416,9,1,9,6.0393960164207545
436.2038662894703,9,3,27,8.627007290903547
206.20865935212947,5,8,40,11.999652682317812
280.43161067490894,5,4,20,7.380860146850029
279.2641745408814,9,3,27,7.310066453165996
312.6637709172121,8,4,32,9.403073505039947
294.3580417091742,7,4,28,6.89765575442042
997.2246427245004,8,2,16,8.365982911819419
354.63211815880277,6,4,24,7.010950911826229
583.9341966534084,3,9,27,10.797526586280723
1355.5037738684166,7,4,28,10.250363768696362
763.5462963680213,8,1,8,7.243101631182495
1034.580833929438,8,1,8,8.068751342179809
341.2478196822818,1,1,1,2.1987976496397073
369.20462633213907,7,5,35,9.537544333551702
157.2160627730704,3,6,18,4.908486336956047
336.5090883010304,2,6,12,6.915466314542628
490.02647464474205,2,6,12,5.680762830580977
347.8146779874455,8,9,72,17.567854369512528
224.18354725987786,9,1,9,4.315762153494917
268.89021954084114,3,10,30,7.86359011019699
745.0902752458161,3,6,18,9.101905078402986
388.8672057681095,6,8,48,12.850662675584918
609.9778054673056,10,8,80,16.626581101064875
804.7841791967996,1,3,3,3.3525254616492655
1066.5527600811115,6,5,30,8.401064717496226
155.0369957775385,3,10,30,10.595641915394959
1219.1745584726598,4,4,16,8.317853982124724
979.0605452872709,9,1,9,8.67050304852479
214.46264472842068,3,9,27,6.764048763634289
1323.0100737494881,1,5,5,7.851832356329004
1389.2213607445385,3,2,6,6.157444842741907
185.50914379680927,7,2,14,3.320648531206637
487.6287074060852,7,7,49,15.965783681960994
1228.6817917102858,5,4,20,8.370674828258656
1147.5635665371217,1,1,1,1.358275045392623
358.32942709892825,8,5,40,12.67603346706476
393.0890526713944,10,2,20,5.952818454897418
618.6609439079348,8,7,56,16.571653535552436
778.3321792674299,10,9,90,21.368729657894846
965.5566801424143,10,1,10,6.307278784215004
616.4790953976814,10,2,20,6.080496479989346
747.548602586407,2,6,12,4.729711197734062
1146.459313387259,10,8,80,20.733616535586947
151.35648404683707,3,7,21,4.693911970347401
453.4117220816291,4,9,36,12.140661400794134
1098.6894202383733,1,2,2,2.810158051957752
1353.2895727620792,4,9,36,12.31199567729192
816.3484189619326,5,4,20,8.607444144369076
844.9588793714419,3,3,9,4.8338087515907375
250.04081587568646,10,7,70,18.645946025369987
726.3773135528365,2,5,10,2.477221766479948
845.6641730370325,6,5,30,11.192006750444678
439.4587050886215,8,2,16,6.515050822062233
476.9405233291333,7,6,42,10.76705884959409
628.1978283464717,1,6,6,6.279882346537072
128.09967688881693,4,4,16,6.3364350089638
550.9108318164497,3,5,15,6.594330549559389
396.0272097951625,6,7,42,11.3124348382708
558.4962930490806,9,8,72,16.75879357613659
267.6669845469517,9,6,54,12.116920877487445
1346.7381930358529,7,5,35,14.092379145591325
931.0294349756681,9,3,27,11.052162643115672
1050.7432468022853,8,7,56,16.554467038572632
1204.8397340502736,5,8,40,12.46918347496911
797.8190785006802,9,3,27,12.596477532168763
221.68840332239319,7,5,35,8.751704788846038
851.9491585459668,5,2,10,4.936790574332778
921.5775652292308,8,10,80,22.96258657215604
1143.615263858062,7,10,70,18.808617134937283
704.3233647215511,9,4,36,13.715811295955405
278.61242391378926,10,4,40,11.725117667300403
497.28626811821425,1,8,8,4.9224055578127475
608.3152149580892,9,3,27,8.87291673791333
1004.2841378642418,7,5,35,10.283359992918767
899.0896265364767,1,5,5,5.8881785816827
598.5354162569847,1,2,2,4.43140443617941
1481.1213483101715,5,9,45,15.513230799071899
948.084747099642,8,4,32,11.121613992753641
432.11750843039226,9,9,81,17.75538313255371
242.49546166856524,6,9,54,15.625079675999949
314.0027948580648,10,2,20,8.687850918231378
444.3408197383114,8,9,72,18.105819880321967
324.95392256337794,6,9,54,13.697848713016171
361.1938336718281,6,2,12,5.188244977846969
499.13323617138593,4,6,24,6.833427329284621
342.7230334126567,5,9,45,10.32396924040043
1355.4715944769953,2,4,8,5.661172332706222
212.3272439262991,3,2,6,1.7346179119699163
834.3159453983566,3,7,21,7.757178269205677
674.5555577855262,5,9,45,12.46718432735834
1475.330063672049,5,6,30,11.233621878438738
256.8544630352733,6,4,24,7.298166249577284
656.9978386640383,5,1,5,0.0
1457.2586065855164,6,4,24,10.436363533628244
1311.7099762515725,8,3,24,10.020664762016526
1243.900899328992,2,7,14,9.429523285317227
461.06395786291574,4,10,40,11.801412764547132
339.24262234609216,6,5,30,10.60513560809677
1036.1005078942035,5,3,15,6.792654872904721
1401.1263847786201,1,2,2,4.712370658092565
879.4680502195017,9,2,18,6.5832336943822884
900.2577652578598,3,5,15,8.654635897258178
491.97073112439784,2,8,16,9.1339378734662
1177.2901064687117,9,8,72,21.879553743714325
361.8612479805327,7,5,35,9.26006034925733
553.1509309659411,5,2,10,5.700830315895556
695.6110140629835,6,4,24,6.2315244259355165
810.654530158237,4,7,28,6.9904583205314665
439.37362538111233,1,6,6,5.323900680942004
260.771554634885,4,10,40,11.552282888653277
954.8680594182856,9,7,63,14.932101048217785
504.0827745363581,1,5,5,4.32686145174913
913.7335099916572,10,2,20,10.027928296284811
316.10780138388327,3,8,24,8.426863781488953
773.5961425967445,5,2,10,7.189908390688055
845.6252055722202,7,8,56,14.400116281522177
172.55295155139765,9,7,63,16.919221412635824
571.2459894714889,6,3,18,6.266835804937366
288.18054771456394,3,4,12,6.721609491292078
188.72495866187484,7,7,49,10.720663634991077
1485.9443253459233,4,4,16,8.517991846351421
551.2953829646121,3,9,27,9.995520595264962
1233.8242241964888,7,7,49,15.43332230622753
456.4969166692694,7,1,7,3.935863980187394
1054.103811113501,4,1,4,4.955722411529837
1164.3190038455612,7,4,28,9.93120676711293
933.894236850982,2,9,18,7.977914423440161
760.2066639702217,1,4,4,6.141552433049234
676.577279806176,2,5,10,5.570203370466737
588.4155731601934,4,1,4,1.1060841021831673
1401.3408019469562,8,2,16,7.393136530884937
1262.8671709028208,3,4,12,9.002965282551001
1451.0376749331176,10,4,40,12.139164618032158
274.01611287976266,6,10,60,16.159299534912662
1123.214465285102,6,6,36,10.804615902048623
1413.676639549453,9,6,54,13.870046283511222
353.72629263192425,9,8,72,18.12813491518155
193.0947743134885,4,9,36,10.093310686828037
1137.5689090060828,9,1,9,9.107930470057294
904.2623584518767,6,1,6,6.596840549820596
1278.5602874615809,2,6,12,9.255007453154935
295.6813272768053,10,4,40,12.790492749875773
1213.3742366038462,6,4,24,10.4610169230866
382.27824806684237,2,1,2,0.015850136482418176
329.11832001198627,8,9,72,17.107305078733102
329.97211710339013,4,3,12,5.866255400809253
1240.404608323935,5,5,25,9.295201057195573
1031.27610897468,8,10,80,20.41755474552084
832.2915946767671,8,1,8,6.751500754496234
602.3626777729035,6,8,48,14.988810890623078
1328.0807571383516,4,3,12,5.47227256738746
649.4231503916895,1,1,1,3.1539078144782
1243.2392152602079,7,10,70,19.933920264174134
714.7888719983058,8,6,48,11.946274883992228
627.7222011948706,9,1,9,5.09571950201801
747.751699937449,2,3,6,4.420031139690017
521.9290238297989,1,5,5,6.178780488713157
1146.6531322467515,4,4,16,6.8711779483898665
803.8085461294709,5,7,35,11.784099526030003
425.09777320554423,10,6,60,17.003345243726024
1359.404402584396,1,3,3,7.450829970002484
637.447709922496,5,8,40,12.315137183162744
860.974005559584,6,8,48,10.74244957640862
1369.0609553503657,3,2,6,6.7232448056220075
973.933194279589,7,7,49,14.514472142356434
263.6572569917097,6,1,6,2.3599408909820014
1415.7649730588653,4,2,8,7.0981253028030595
978.791274299985,3,8,24,12.455579611848563
568.8678605199206,5,1,5,4.1012196093709115
294.9809017287422,3,2,6,0.7572441230008295
1211.6352649784144,10,1,10,9.48940867656759
968.101858299919,9,5,45,13.420170371492134
846.8455287668502,9,7,63,17.71251400431893
1351.4496162713408,6,6,36,12.395917678680233
1204.036095714343,6,6,36,12.69232513170756
312.3448316258516,4,6,24,8.823214241111096
536.4108949137676,4,8,32,11.483245829650775
447.88479574025206,2,5,10,5.215762429508406
1141.5248096017478,10,10,100,23.142184766634244
146.94540863009115,4,7,28,8.784411343892435
897.8455588198432,8,3,24,10.17849697016869
1167.4421600369667,10,9,90,21.30447510525352
1327.4718914664493,2,10,20,8.594971006318575
578.9144482022705,9,3,27,11.107370594449744
1249.760226540818,1,6,6,8.636892661449096
254.88443173729013,2,3,6,3.2673268148951737
1285.0332084283255,2,1,2,4.771896197133783
278.4841272647754,6,1,6,4.220639947820198
656.2022067845141,7,3,21,4.492496742893596
1216.2135120913752,3,4,12,7.042517294880914
309.88439828828325,9,2,18,9.018728276034546
420.95195332569807,5,9,45,10.930341377122566
1111.1535957502929,5,8,40,11.023550807111306
1108.051151164504,4,3,12,5.320579080957253
997.6066860394162,9,7,63,16.2340100295241
1071.52782225394,8,4,32,11.943769499399938
859.8142206866346,4,5,20,9.900589048105287
452.51868246973385,4,4,16,8.050808451724329
583.9743909054872,2,9,18,9.048869685393441
354.23680352199597,9,7,63,13.271843877086683
1371.8307858670796,3,4,12,4.650890908790532
916.7485126725686,4,8,32,12.134767373315173
661.1919834690958,7,2,14,3.941903466541084
746.8081251017858,10,7,70,18.62664864228232
1426.1966754565415,8,1,8,7.268638395182281
314.6919643625123,8,8,64,15.134192598984368
920.7217648235161,4,6,24,5.221870235392215
808.2441504382524,7,5,35,11.269160965366975
956.035929608507,10,9,90,22.779857041623025
125.35425734917672,1,9,9,4.666548373532848
1320.973472521812,6,3,18,6.704043754191423
1404.9655954770574,6,9,54,16.749934076909046
891.1864570248925,6,9,54,13.103973385081062
1075.311153427649,2,2,4,5.07591295947543
1391.499133648214,8,5,40,14.766762633121608
1090.134088038758,5,2,10,3.0400597594800565
313.55466007996586,5,1,5,2.4849041548107396
906.8037042335385,2,7,14,7.240454478173826
949.4010649359983,4,4,16,7.069702255032908
693.7829398233405,9,5,45,11.519076364767441
1131.021929874612,9,4,36,9.957650761635392
1408.113820676621,6,6,36,11.72601780867261
1395.7959180694868,9,2,18,9.957769012126075
731.1751199657849,4,8,32,11.518067299054223
258.5332641770574,1,4,4,3.8911192948634556
1478.7776785472684,2,8,16,11.034040098280478
1274.4573210243077,1,3,3,2.9279037313087395
274.52775368457355,8,5,40,10.38209075748743
1389.1786356643213,9,3,27,10.451101954655691
1317.8549068869795,10,7,70,14.611987960881462
826.373279976501,6,3,18,7.689109525196712
927.785610042901,2,8,16,8.011071359631375
658.6037854181824,6,9,54,13.112674997500385
176.66629435084388,9,2,18,7.860271950088666
569.2761383042613,3,3,9,5.800707820969548
1223.994828037216,9,7,63,17.997732898181678
106.484832206444,2,5,10,1.7497255750671998
566.8988403676019,5,10,50,12.674284613870967
657.4361710273206,2,7,14,7.270925570001764
852.353844113092,7,2,14,5.89927381862474
1387.7978629778647,10,4,40,13.029354354054227
584.8843921123457,9,1,9,3.9680403711515284
585.7344826547187,7,5,35,10.809329098671807
1132.5017473536477,5,8,40,15.222189370059686
733.1051172457301,4,1,4,4.151818231582633
414.44675211597473,4,7,28,10.485761660648187
733.4153225857708,10,7,70,19.083250150947354
297.1998285317198,8,7,56,13.657113906242886
346.94178110871263,10,1,10,5.3155415685149165
797.7148818352716,10,3,30,12.501484211682051
686.495629306367,10,2,20,9.27179981159518
1380.7842614953402,10,5,50,16.702874503463235
607.3514587632864,10,2,20,8.264607938984394
912.8236903892608,1,5,5,4.287712955810817
985.1700030873425,5,5,25,8.81496657067576
118.33223922366709,2,4,8,5.702584914260974
1028.952320823395,9,7,63,17.006689304564826
349.25035361765197,7,10,70,19.169974343886224
1445.4984444572372,10,6,60,19.3987002410092
308.1278188543581,8,2,16,7.597169277670857
680.4737732178332,6,4,24,9.566417564756822
219.48953531010142,9,7,63,17.934335872398783
1495.6239525843264,6,9,54,15.222829254091025
803.0730144637396,7,9,63,16.13771965022687
933.5390242480613,7,3,21,6.428040258678495
193.90706834379847,9,1,9,2.5916467863904913
1149.944658558849,8,9,72,19.03341621047896
393.86783033382005,1,8,8,5.89059292325644
1357.2760052169992,4,7,28,11.672592281717609
387.19549667481004,7,6,42,10.528468099614647
366.9628089291332,8,10,80,18.51434832546825
151.16953498733284,7,7,49,13.82244766753454
760.893723153999,3,9,27,7.881026844683177
890.777586567663,4,6,24,9.000569183036541
191.99209519969332,7,10,70,18.942896290212953
1185.7386633730148,8,3,24,9.173071551416756
734.6043686472386,7,3,21,7.28746637773496
834.1463770586121,6,4,24,10.532543757932464
717.0678457135194,9,10,90,19.51353522053618
661.0682852254564,9,10,90,20.31609376272182
883.496463831505,7,8,56,14.318584279392256
317.33634430299753,8,10,80,20.075994920304375
354.69938269337956,6,9,54,11.803313750512466
1306.4998694189242,1,8,8,9.163425256207159
1424.5616469870859,1,10,10,8.609206211133923
622.6330427916541,6,2,12,7.213959616412419
479.04254240097526,2,4,8,6.219322688246878
1001.5993605346221,8,4,32,9.6247996455472
672.227839537335,1,2,2,2.771962212274579
135.5408979244828,2,8,16,6.128973647261711
318.6136363126665,8,3,24,7.739059323191246
1102.3611203863566,6,2,12,5.750322755051754
1022.4935186742119,10,7,70,20.01623551066204
137.9343895048769,2,1,2,1.2967774309567266
410.7610267061292,2,6,12,5.120326439106082
423.50471522329997,7,3,21,8.982329546374704
1040.6498410382196,5,3,15,8.285558250413303
127.59475285610982,5,5,25,7.936507518568966
245.75201477840338,8,3,24,7.102922659705697
1219.8825195224651,7,4,28,12.53668106577005
349.96252687606705,9,3,27,7.0646511724234475
1013.8445509926246,4,7,28,11.836263843361044
433.45589346541715,10,3,30,10.506591411138242
239.21794986308322,4,10,40,9.778831162467666
440.4410673992357,2,4,8,4.391739904318627
1111.1737045979228,3,2,6,2.8412309852644895
1297.9750553488,1,2,2,3.474097946307405
1262.3078103937883,1,9,9,8.194854552951366
656.0569414658368,7,1,7,3.3406586182039204
1035.3191911989047,5,1,5,1.1989688208920999
386.97801358214934,3,10,30,9.982325482471584
510.4068223654186,7,1,7,4.892647859004714
1354.8701459295676,2,3,6,4.844277067095109
118.20269291503045,3,2,6,2.8133211999757948
219.7119431962553,1,3,3,2.120001756276871
391.04075720443825,8,5,40,9.655580444764045
137.1450854233476,2,9,18,10.094967195439455
354.0096091257162,7,2,14,6.1835005450152725
916.258185357569,9,1,9,5.643771641295485
689.9943708294971,6,6,36,9.742812756598624
1349.7403955077648,2,3,6,4.803134111580857
1244.4209864338172,2,7,14,7.441401698960919
578.5442923770263,9,6,54,14.414318001661059
463.1928068038095,10,7,70,18.94569495387384
631.5693714341737,8,5,40,10.456283970928196
926.4129195207308,9,1,9,6.56941192597242
475.2890971520268,4,3,12,6.3500347038201745
973.8084709887876,4,3,12,5.136845771124957
673.1763130677366,2,7,14,5.826958975777445
872.8660531927724,10,3,30,8.182074741690386
710.5771407894433,1,5,5,6.992970690968127
512.2520633586847,10,4,40,12.386392456637063
1427.8346297470193,4,4,16,7.200098288094182
1169.048111823665,10,7,70,17.71756817333262
296.1584460730336,10,1,10,3.9452436445569865
1315.8551662570778,8,7,56,16.467360879849323
782.4036775493191,2,8,16,7.251581411323872
1352.373117651728,8,3,24,8.52866846789114
1219.7973583262412,1,3,3,3.231987816390493
695.2989062569268,1,4,4,4.979174257607106
131.45703164816436,4,6,24,6.890762049243643
476.1483031389245,7,7,49,11.360214837719477
858.2879005252137,9,1,9,6.263594797456525
986.8695077566061,5,4,20,7.044375890710746
461.0427596064832,2,7,14,7.391194245681042
295.09850370195375,7,2,14,7.850609831167515
1268.9023315190188,2,1,2,0.9316327035476237
1478.1630529849729,9,1,9,6.345914922902386
835.9662552237602,9,10,90,22.07970718354962
340.3510001876249,3,6,18,6.566022889399528
481.23025712711654,8,5,40,13.240237212102773
125.74694716645342,4,1,4,2.4225416813801677
1380.0183291846986,3,10,30,12.466560803424121
264.8515160461976,1,3,3,3.125947687864289
907.123065719955,5,7,35,10.342981197902503
483.67730896208843,4,9,36,11.940150112548949
875.8492035221108,1,9,9,7.610061329993698
1011.9885436926099,10,6,60,16.57876874151474
1261.6385251900822,8,3,24,6.8466316507172245
388.9897804648445,8,1,8,3.636475565090273
115.39416012187267,8,3,24,7.709374929623003
291.6398820963302,3,10,30,9.840597252158593
1360.0260985873472,6,2,12,8.24352782260886
1323.4461085875214,7,5,35,13.132354337153856
936.3783430384316,9,8,72,19.08964322849768
940.7236046071147,5,5,25,10.26713941832649
1031.0513443647578,9,1,9,7.262243783432566
345.51979007282944,6,3,18,5.60158995666624
1380.1767242949436,10,5,50,15.251614288378388
686.2787348489023,10,7,70,16.024271951408988
636.3939395492964,10,5,50,16.012879022077463
826.4847873959726,4,10,40,10.971268345367385
165.75235348507707,1,5,5,0.2553363935343249
332.7967162585112,1,7,7,7.996590455263703
1133.2470629969187,10,8,80,20.32721272075394
215.91813509517704,5,8,40,12.473968134977566
944.4129532529435,3,7,21,9.838234762199034
443.48875355384934,5,3,15,7.405074822479069
645.0138596587672,5,2,10,5.9767277388364874
504.17123147897985,1,1,1,2.7544175978023784
597.9418030509288,8,6,48,9.685874041348642
1106.6642672579437,5,9,45,12.617899048407043
515.9704018724451,5,3,15,2.0401703123423047
892.966496415656,9,5,45,12.006051792569544
766.4705630787396,8,9,72,17.53336777541303
1029.1396315077072,1,9,9,7.13341099509581
1411.561635054661,3,7,21,8.251524025280565
1125.6009360943503,7,4,28,9.622560424186048
400.9165300270595,1,2,2,1.4249953563424873
143.65638908579854,1,2,2,2.2054342128944757
467.1696620197551,5,4,20,8.17302763588428
933.1091029803567,9,1,9,6.637529614627477
171.9961388779505,6,4,24,8.289458541442949
794.9127460817309,10,6,60,16.276085315948585
935.5799884836449,2,6,12,8.45166397952958
567.9414471437451,9,7,63,18.882103242696356
1179.2770852441506,6,5,30,6.989166900614927
249.2375543872805,5,9,45,14.048282185416893
205.19289443013227,5,2,10,2.275984626949233
1119.4642586850446,3,2,6,5.117626456080022
793.6878426886778,6,4,24,8.979408535621758
1063.7633549988304,4,4,16,8.240180898200201
708.7582740452447,10,4,40,11.941113395116465
444.96284653474953,2,1,2,2.182604576690328
1246.7432447438796,3,4,12,7.308581132087103
1219.1822305565709,9,5,45,13.369151718217022
1072.5750591961973,9,9,81,17.745967240950275
481.0031921219478,6,3,18,6.659375901921283
926.3229336167219,10,3,30,9.42940292868211
605.3634557160375,10,5,50,12.45930139078833
228.2149026572878,9,10,90,19.259078360651593
1384.23900564714,4,6,24,7.01159744763456
291.546083286546,5,3,15,4.9335849776856024
1430.3322953491233,10,1,10,7.761861993676908
724.408082141138,6,10,60,17.400831778353442
359.1861003740675,9,8,72,16.532278963481783
858.6613263297014,5,1,5,6.733596880145672
1322.1241702269715,8,2,16,9.119884722793026
1125.1148409733858,1,3,3,2.5186007438052656
1229.1856070060296,5,6,30,10.125944699496507
1022.2967133950043,10,4,40,15.6769088938327
1069.1871903249935,1,4,4,5.778303008219051
1288.873912191447,10,9,90,21.88742132161226
449.53521240286034,6,6,36,11.838054661095205
785.1949491003967,7,2,14,4.67856529557171
409.6932185474431,5,7,35,9.540370659546292
1482.7352111953057,1,3,3,1.4205533601977054
1421.6830755612586,6,9,54,17.248923492535628
155.19753591590825,10,6,60,12.962057274728398
1087.8052415219638,5,8,40,12.754744030273788
1395.3476443819322,6,1,6,3.5710419886683695
352.80548317826697,10,2,20,7.806234834663759
895.1233227736813,7,6,42,12.479011608624182
1381.6836166232586,7,3,21,7.002611745470105
147.52437002011837,2,1,2,0.8790414022372172
1076.3883741455759,3,6,18,8.352572632032485
516.288610321571,6,5,30,10.000348034990354
1394.1546735271424,3,9,27,13.713261828597002
1459.481543231515,2,6,12,9.545775291806708
1421.9730847588075,4,5,20,8.001369994391265
763.8999033204493,5,1,5,3.116928136245977
1306.8597113850387,10,1,10,5.36775992748177
1282.3691579490985,9,1,9,5.500129796048378
546.7406625405579,3,7,21,9.233714440169678
1260.4816638109482,3,6,18,6.137288700196447
151.81068860168966,6,5,30,8.371229071732346
934.7778298748742,5,4,20,7.517230596697269
422.01237220278426,6,8,48,11.907273819746255
268.79364008819033,7,8,56,12.284110411722466
207.73448228089282,3,5,15,2.7239421714297114
1074.8042862293955,5,4,20,6.3096187342296535
575.8249492752926,8,2,16,6.626993768091914
1114.673480140266,4,7,28,11.325832968106308
191.49887711851932,10,5,50,15.300895012866047
541.4064729628544,2,3,6,4.284537960163178
855.2878093254722,4,9,36,12.799740163932704
1207.0124307745489,2,9,18,11.726348931162528
546.253504104898,3,10,30,11.00000082348247
976.2479270118127,4,8,32,12.627114070243426
1340.368847530662,4,1,4,4.311349868222455
962.2084634552264,10,3,30,11.706293560068392
426.14326465508725,9,2,18,7.3672827578261995
134.16109417915322,10,4,40,10.505556200830306
1318.1384234613017,6,2,12,9.357080171419682
129.77717519054198,9,8,72,15.154917207230998
1324.5823417578792,4,1,4,3.559297889903945
840.5119876380968,9,4,36,13.147430991702102
1414.6947779180546,9,5,45,15.736113142186118
1218.2965300831315,6,10,60,17.255638704424435
1497.1077547466725,5,4,20,9.603756044082743
590.9965416323942,3,8,24,9.6580691026308
1174.0636045035776,5,2,10,6.695650625788773
662.703279052939,3,9,27,10.237140708348925
771.8258684254724,5,2,10,4.08294511667406
978.5076485057181,5,2,10,7.614363254311053
1323.1479598608742,2,2,4,4.340218823484334
1477.7168568790132,9,10,90,21.669568016490512
1175.5827794103254,7,8,56,16.252310997190143
684.8734950342673,6,3,18,7.584566636989202
689.8998031878982,5,10,50,14.972832009899761
1132.6152222244482,4,10,40,14.924408400343777
434.2880040756233,8,8,64,15.498863437998295
254.6637583839525,2,7,14,5.911592172676747
596.4710206970872,8,10,80,18.32701280873893
502.13458831571444,1,4,4,3.8548467824490014
514.831368638386,10,7,70,16.041688293766676
427.0508514698739,1,8,8,4.669226715428557
158.93046549090664,3,6,18,7.793038016414334
125.02350862677933,5,6,30,8.854766752935772
1482.811345630444,6,3,18,10.802471602266362
698.8823872302073,4,5,20,9.362841066854262
638.0573060235544,7,10,70,18.199730395492878
1051.5061957702978,7,2,14,7.633578956916447
405.55544301108984,2,5,10,4.553367248732842
1429.9456575303154,2,5,10,8.525752426857068
1200.883020181773,2,7,14,8.446452721521068
225.17540323716332,2,4,8,5.214692206331001
684.6130860988997,9,6,54,13.598929386618437
1330.7656305870305,5,9,45,12.46992116120985
1422.6248312079745,8,4,32,12.398631556234
754.3621157498176,5,6,30,10.962913894371269
958.7759448949907,5,9,45,13.880336257061161
333.8475245289053,1,10,10,7.335619645664723
1487.636076591767,6,1,6,4.797272271900219
424.34038193682073,4,8,32,11.457627768908383
1419.824483789176,3,1,3,6.347227034858008
1009.5053085893159,6,4,24,10.55003329392257
950.8315128304027,2,3,6,4.7876158748940325
817.763915423112,8,4,32,12.215268890945252
422.93773640486216,1,7,7,3.2815732875124315
347.1392448077116,9,9,81,20.004486694988138
408.6806926982455,8,9,72,18.6920365234484
361.01356700195635,1,10,10,7.273889705080556
1191.4182629934546,10,1,10,5.872281604387128
590.1753628334221,9,10,90,21.72438781474433
180.9797471887549,2,1,2,1.2778064840061671
1456.743682197136,3,9,27,8.527388312885261
1337.300238948796,2,4,8,4.3080295974054135
1398.853196473298,8,3,24,11.73959365291146
1492.8709517050095,2,9,18,9.288870275489794
343.45334890728225,10,5,50,14.771102495813244
654.7388264637223,2,6,12,7.824953869153065
1161.5338659857277,1,1,1,3.9924288698914165
1074.4288652753091,7,1,7,4.777211034799563
315.4542688757971,2,7,14,7.547260408480015
1242.1663749868649,10,10,100,24.8046672338757
414.21680057132494,5,8,40,11.595435501580276
413.34466075167234,5,8,40,10.159278895865631
851.764192050779,3,7,21,7.802354861070913
930.1159087783844,3,9,27,9.064649174645396
912.1206909729357,3,1,3,5.01293663538615
228.0815723568568,6,2,12,7.157717051588998
1328.4452076825326,4,3,12,8.242418564096312
471.8400596241885,3,5,15,6.392064434605657
281.32088979592584,2,4,8,3.50238514054836
1344.247311816568,3,4,12,7.703118903105138
1437.9120975216547,4,8,32,11.450210174552408
1306.978664171631,6,8,48,14.766914520720924
1233.3225046148293,4,7,28,9.434443112069546
1017.3387728946304,8,1,8,7.010638809385065
871.200318852795,3,10,30,12.193763018636005
221.7814638759742,3,4,12,6.106846381741734
671.8344982989781,3,1,3,3.930347409708808
621.7639238172396,8,5,40,12.375483058519022
463.6552972644567,4,3,12,3.561577545508104
1112.788159164019,1,3,3,2.547061222427078
794.2260291102791,2,4,8,5.485036347846873
213.4647022707071,10,2,20,8.878276250390092
408.25648272973586,2,7,14,5.915665663087825
1056.5622691234344,3,4,12,6.421537713429602
206.58320328642026,6,5,30,8.737160524738684
1291.689679668276,8,2,16,5.41844685192928
793.205137819564,1,6,6,5.547046903681341
772.8212082573071,9,9,81,19.170864374355496
929.3708985233246,1,8,8,7.475362443387584
1254.553352295209,10,8,80,20.66210076969971
586.9328910630702,2,2,4,2.9049719786204267
1049.222613582689,3,4,12,6.162226668847861
892.0247495941074,7,8,56,14.993520031151116
473.83957823718987,9,1,9,3.3553566438493467
1330.0819808972212,3,8,24,11.790186803796532
1216.3964302496993,8,3,24,8.681936940338591
1021.8325685217957,9,8,72,18.04203677177883
1290.8144207319388,10,6,60,17.10022702310364
1314.2118813437232,7,7,49,13.205094279380235
1091.7081674010487,4,2,8,4.6347966967431224
1271.8186597091408,4,1,4,7.618376847153648
1076.460046336997,4,6,24,9.858021639708658
1052.1970804644207,6,3,18,6.517689921680578
966.055929501258,4,4,16,4.010102286005024
1153.8032953806978,5,9,45,15.659697955160134
322.0471474103032,9,3,27,7.0759693760312565
1333.2190628784997,7,2,14,6.852133485902044
1320.5809388433247,8,2,16,7.616810454742899
140.94619624838282,5,2,10,2.7121984330717455
1256.1434507906677,5,6,30,10.797932431663883
280.4178144628233,7,2,14,4.733718855777882
569.1663959627987,8,7,56,15.655033444414713
1140.911558808251,9,7,63,17.44265066409419
325.0638544676315,2,7,14,8.298320519171515
1245.153833766687,3,2,6,7.268835429854316
1264.9878491408388,2,7,14,6.597750364140069
810.4548272651707,10,10,100,23.1303868496361
108.94022040356701,7,8,56,17.149339061871615
501.8533864448779,2,8,16,5.466017533356985
963.6976857260391,2,2,4,5.123833299219782
1473.6606492383928,2,5,10,7.869318121381266
984.5389378233357,4,6,24,7.895653293684139
463.7250134898237,1,9,9,4.976401809655007
987.6079843394559,2,6,12,9.542631761981077
855.9795316021977,3,10,30,13.849387998119596
1191.783553211601,7,6,42,13.828440567057857
249.77289435774176,10,10,100,20.420239299953028
1165.4390635028392,1,10,10,10.016164931564512
857.7732101465543,6,6,36,9.229893478128059
1448.1888054025926,3,9,27,12.519176148764966
578.6210324541605,3,10,30,8.12834865369817
985.6706503875274,4,7,28,10.182769055854916
1404.8393477140244,4,1,4,6.3371498697816335
243.51361918695096,7,1,7,0.0
1412.1198821310315,3,4,12,6.331671098585019
1063.0400112211387,8,2,16,7.956047948459371
194.97188274724067,8,3,24,7.073673095730995
521.3489937255428,7,7,49,12.286086124311282
1091.440924103394,2,7,14,7.482668644192956
194.29084205628038,5,3,15,6.894867418817863
915.0386442467826,6,2,12,8.283509648961953
584.2362797341394,10,1,10,7.126004306478807
969.281724874468,4,9,36,14.468605341570488
164.038847337518,10,10,100,21.52590683824889
1320.1515286133267,5,3,15,8.485480043018285
1462.8845568483557,9,9,81,19.847499302517516
1456.428997399968,7,4,28,15.20954466745671
1149.5125644400946,2,10,20,10.049245722922599
282.1207361828848,1,6,6,5.370401868923995
1161.5684743006316,2,7,14,5.179439586999312
134.42168304232212,3,10,30,10.840845184952812
130.97297214059614,2,6,12,5.232494802825843
553.0543068093577,3,1,3,3.5522659639097993
784.1004665665321,10,6,60,15.988559206170041
1178.5703849309104,9,6,54,15.377445018685757
1056.6135272491074,4,5,20,7.851004193159338
724.2637889274476,9,3,27,9.26404121098882
483.0773327943322,3,10,30,12.568567553274598
1495.9743002207956,1,3,3,4.390873666309271
696.6538231303621,5,10,50,17.78148327654
731.9418340615457,10,7,70,17.855949014706724
329.07334966833685,10,8,80,20.958097243977384
1212.733368249901,2,3,6,6.841355895132692
1071.155116094084,4,3,12,3.99715491034841
409.0774579042646,2,7,14,4.290353414660219
215.33346386217977,2,10,20,7.013320767913519
1052.6990229045982,3,7,21,6.63987248784236
1016.3156999935893,5,9,45,13.263038120987478
482.56333779749303,4,6,24,8.207303608992719
1431.2089871505746,2,7,14,9.335332174484543
311.48104849326035,10,10,100,22.893826718853038
705.2687214596427,2,1,2,2.7183971198301755
1421.0622882346383,6,7,42,15.277736511548866
687.6182436965712,7,2,14,7.710061250520717
993.9363267297198,10,7,70,21.149634523126025
656.632157147912,6,3,18,7.293200080427067
483.901283288138,7,9,63,12.50133526875475
1477.5687071437594,1,5,5,6.645935340774041
673.0676088410602,6,7,42,15.649682038182604
1351.7388851507883,3,8,24,11.942456911123365
421.9364482475207,1,2,2,4.126823000675781
398.34658563511664,8,1,8,4.938937980379827
143.5877160383159,4,7,28,9.85688040546637
1012.333555526239,10,6,60,18.386559909589682
615.9368812132656,8,6,48,12.73049828999716
1310.1015497754918,10,2,20,8.669028675051269
762.4938693681801,4,3,12,6.40704233177537
1455.4707990806105,4,4,16,9.564833893568428
359.7357219843696,10,3,30,5.286417897076612
1316.072435137855,4,2,8,5.539975819812114
1187.2355939084384,6,3,18,5.144289813468363
1179.2905825016728,9,6,54,15.374715321769601
1282.6965193636427,5,9,45,16.949814721116653
1165.4335873201985,10,4,40,11.994839635842748
976.7084502839815,8,6,48,13.524290486760867
283.7428287553426,8,1,8,5.560389309552206
145.53665128775268,4,6,24,8.981751303038752
1389.1869869419615,10,3,30,12.912623923475202
963.3104403290332,9,9,81,20.43259780792129
1215.1522073666467,9,4,36,12.986004675659439
774.1312921175701,5,7,35,11.888137574510441
264.2314645473523,6,4,24,6.472844375800473
275.2601090835706,5,6,30,6.323952160396504
1059.79140212056,3,7,21,7.624046396350881
702.4282528592478,8,2,16,9.162952877335327
380.73461738047143,9,10,90,24.281289012542036
788.2323654380116,4,6,24,8.63993712149536
189.89251190518772,9,8,72,19.180055095162658
914.7599626801583,9,6,54,14.583422663589836
476.59076620913675,7,2,14,6.476731205991166
1216.5827408920634,8,4,32,10.311858024162923
534.5067424930032,3,1,3,4.340836291982452
737.3082087145217,5,7,35,10.066692587539071
116.26875587134089,3,8,24,6.593617263181398
201.42564291238244,7,10,70,17.07297776828503
649.4909789693587,6,2,12,6.9241315861241945
771.9143686039729,3,10,30,11.189308405070479
940.0287673670252,9,5,45,12.626517432285844
508.3276101930245,1,8,8,4.367138037961169
1072.9746405771596,10,8,80,17.81561169791704
1304.1713560648864,3,5,15,7.073963081199869
1191.7913844506897,10,8,80,20.35421201520297
155.4663554877,7,6,42,11.941873548823004
772.7097261609605,3,5,15,4.944758386245672
246.9022497854448,3,4,12,5.796085899176242
438.86302220753845,2,5,10,4.086488401802498
1481.327630574005,9,4,36,11.89199936882526
299.49376006211855,4,1,4,4.672067170072993
798.4434148318985,10,3,30,6.580864220256574
965.4180280453668,6,8,48,12.290592647272348
1083.4509587617454,2,7,14,7.735370255058376
883.5081568816797,9,7,63,16.70955982018537
113.67918638685713,7,3,21,4.124381606820361
557.0458315415887,10,9,90,20.472781089793095
824.796300738596,5,6,30,11.486615377076243
223.0130988027667,7,8,56,12.401780547048993
590.8777036928531,4,8,32,12.002883822733246
146.48435230791318,10,3,30,7.918728319013389
210.00989601702904,7,4,28,5.510633702507864
655.6925866822345,2,6,12,7.340013452223947
285.8020556602845,7,2,14,5.9476417749829995
894.5571875661814,4,7,28,7.790209436696564
1065.250956792172,4,2,8,4.516333444353216
1220.821378752716,1,5,5,8.079087380061136
380.21034194273415,3,4,12,6.0479491975521436
334.47561516269764,5,9,45,14.192030319223237
246.39497646816037,5,2,10,2.5853134502994886
991.0023493610913,2,7,14,9.319922376222662
1089.0660170816616,4,7,28,8.242202519433732
144.22060275589885,1,7,7,2.349962403483792
1410.6971447411656,9,1,9,8.52407325970961
172.7597971120614,1,8,8,3.0488989508000928
857.8148694214987,6,2,12,8.39197117062619
1092.684727231283,7,5,35,9.656754637637492
1319.35677324452,3,2,6,3.780620054225503
1099.721704985399,1,5,5,6.97920075529691
1222.4193162977085,7,7,49,13.763710467942083
575.2302695599285,3,6,18,8.343192775877464
1240.755159245117,10,5,50,13.311430772595887
212.1607849385452,6,4,24,7.009420460588771
1352.7433184847387,6,8,48,16.01678401135472
866.6293266152308,4,8,32,9.664672476300296
1244.2168779474912,6,1,6,7.122524023931977
733.2455983256202,10,10,100,22.926062935279322
1001.0087732751349,4,2,8,5.382154298737255
836.9637253105585,8,3,24,7.36993366832346
1124.2253304574647,9,1,9,5.542908047556065
214.2819748428254,2,3,6,1.8623504168358465
184.4929175867893,7,10,70,16.055525930143983
445.944527614205,9,8,72,19.9111936330002
323.3625521584637,9,4,36,12.027909976216293
1320.4969932290824,5,7,35,12.868693352991258
406.89958230126206,1,7,7,3.975871810993019
1466.2113581467838,6,5,30,9.969304284380378
571.6541084795496,8,1,8,3.688886778932448
354.96508196417903,1,10,10,6.05417955777661
1205.5779099994709,2,4,8,6.23134964185017
1022.1908857012265,1,7,7,7.1157891078152495
797.4740030343946,5,5,25,8.866560255941927
877.5089713126837,2,2,4,4.60319012362717
1106.8824895811695,10,8,80,21.817691936393302
419.8366378638182,10,2,20,7.082039174461544
1494.8674824794386,4,8,32,13.837305175722394
1464.7104270054963,1,2,2,2.8538205690801512
1010.4559608857116,7,5,35,12.250484797209262
379.3594313008032,8,4,32,9.606664999475685
1052.319539403808,5,1,5,5.017589159875904
201.07777257084618,2,8,16,6.050453342373075
142.9135030881285,8,10,80,20.556808638787583
460.75604391569914,1,3,3,1.9651576591861084
747.6721394350428,7,4,28,11.47653161914556
1315.5815075717328,1,4,4,7.22221111454731
1118.0366976728312,6,5,30,11.212741526809891
1139.7891296799735,6,3,18,7.510323333381729
695.6906682273055,5,9,45,11.984721242825094
584.3089895657481,2,4,8,1.5770595340287459
619.4542681784437,2,10,20,9.648725714413445
1482.709389230481,9,4,36,10.998176203945537
156.15286797747547,5,6,30,7.255080901891738
1313.844094571428,5,8,40,14.154199936893267
910.1455720013507,7,7,49,13.425463643151584
714.0615868654266,6,4,24,8.754522545824823
1115.360724581191,2,4,8,6.321595441538037
781.336517994584,1,5,5,7.019723263298013
1322.7925333143248,5,10,50,15.943445574318755
1360.982609615762,4,5,20,8.09754323897132
690.4092976228376,3,1,3,3.018201230140786
487.5589161290722,2,8,16,6.308314917978432
929.2904600307071,10,10,100,26.678212795838743
1377.3086838633674,2,5,10,7.412967759448104
394.92706460793323,4,3,12,5.866855647941238
972.1532169888759,2,3,6,6.6730592978225785
984.1843081295287,4,4,16,5.896894077817852
1126.3582313813934,3,7,21,6.962983403968488
284.19475917816374,9,5,45,11.984278349298709
1102.154950554924,7,1,7,3.618791667789634
1372.6455289318974,3,5,15,7.278632673464896
351.55635241833875,8,5,40,7.83474349334105
432.5606548934287,9,6,54,12.037598256422969
1459.9531316582954,7,7,49,17.00430130024364
353.36773379328565,6,5,30,9.613690784550933
1296.1391307174108,4,2,8,8.488755484444367
789.1889990272487,5,2,10,5.331670893550531
446.12350416444787,8,4,32,9.58794869776384
1319.049861781516,3,1,3,4.711311646856027
723.4273570037317,2,7,14,12.329876641055932
820.7442955015663,3,1,3,4.970395696131563
602.926717159672,7,3,21,6.394946513262127
930.1311920088984,8,10,80,20.871275609058348
328.93342161903183,1,7,7,5.036715418032094
647.514151312465,7,6,42,13.176385837653926
1457.1772512694024,9,7,63,20.674184522454762
461.3868057815786,3,5,15,6.954436988928917
1019.4313303578091,3,8,24,9.18272364599282
555.2660899145728,8,6,48,15.907055558175767
1182.862375961241,4,4,16,5.6069148026573306
283.2231250056898,8,1,8,4.159707251623663
1457.7494631099626,5,2,10,8.067686764688498
735.305357937095,3,6,18,6.284856642111314
430.4706486850495,4,4,16,5.983278433217819
202.8954462620177,4,3,12,3.5538058798517422
337.66106712255703,8,7,56,14.217812861323337
827.6835279784248,6,7,42,11.505968593924624
571.8044470038008,7,2,14,6.262176053350667
1260.4367122356532,9,8,72,18.726439639692348
703.2425331265283,6,1,6,6.497346973963673
448.1999816226819,3,10,30,10.87464938687596
964.0029812456421,3,7,21,9.885200649080156
1089.4881036396241,3,10,30,11.795441516822516
333.8586710613298,10,1,10,4.916084558291288
334.6669028036447,2,3,6,3.8715347646297085
151.33999770696016,1,3,3,2.5568692053422537
1130.9628210918968,10,10,100,20.629806684713454
1029.326338670527,1,2,2,3.508982266061349
764.4832260497394,4,10,40,13.736908948948816
1281.838628556876,3,5,15,6.639528631345989
1227.9382141300744,5,4,20,9.857157170415034
919.496110155453,9,6,54,15.572379756251252
1315.5797927185622,8,2,16,7.635987805328039
388.17769405147556,9,4,36,11.289210418427354
256.687467156819,5,7,35,9.510486905830536
477.64945612378546,8,1,8,5.370496121205331
179.9215985250408,4,3,12,4.16996078074944
843.6373392014448,5,1,5,5.160782555074588
1411.2479692129461,3,2,6,7.4427330488241425
155.0809569359135,5,9,45,11.505983490041475
270.95387961403753,3,10,30,11.295248007003348
733.0786395968094,5,5,25,8.267713879867834
1407.425024539067,5,4,20,8.478166244017089
542.6185469674507,6,4,24,7.49234039426195
810.1287321637494,9,8,72,15.788247407436423
158.20200267054895,1,3,3,3.0169384836444637
307.6804813469244,10,4,40,11.641430729521453
1481.2821721423857,6,2,12,7.606989935891614
1451.1661750104638,1,6,6,8.834112960470197
106.91597330817346,6,9,54,16.210763641780602
1432.5364995925345,2,4,8,8.22699509135684
994.7679129417005,8,6,48,13.63654322871096
1315.085612328031,3,4,12,6.501092595926301
736.6357978874028,10,2,20,6.746035570463636
821.8344400109503,6,6,36,11.3364240336484
784.3852123596882,6,7,42,12.481150481538174
1033.609960564546,4,4,16,8.074887264697482
295.51175665883807,5,7,35,8.537753902279455
141.96302582174914,2,8,16,5.922534177943635
531.1019182276673,10,3,30,7.21978545532027
1086.5530678313053,10,2,20,7.899048040459544
382.59483297212773,8,5,40,12.504141507646594
1042.8054066548843,10,2,20,7.233473410580725
1457.8768645501787,7,10,70,22.131720981882093
231.46100210518574,10,5,50,14.476275724791035
1041.642965515177,6,10,60,17.6351476587648
721.2503070263996,7,6,42,14.242804809217754
1315.3991561285075,1,8,8,7.1492476625685395
348.00970522634026,5,6,30,7.989732688873281
1069.6763331166303,7,4,28,9.8954391803376
1273.3614055073542,1,3,3,1.9184549401563595
1422.4599072636324,2,2,4,6.631026960772237
1056.5472396055043,9,1,9,6.039761612242776
796.0446696117982,3,2,6,3.0592791827862196
964.9861362816994,6,2,12,5.370654836553113
1316.4669782702056,7,5,35,12.007798613822878
898.8536452943615,9,9,81,20.4271418217814
142.5418835755716,5,1,5,2.715927682377393
1403.3281737097689,4,4,16,7.780831930248205
1065.3374514441857,2,10,20,10.555313930390394
1047.1187400881452,3,7,21,7.296223850492526
401.94521335680406,5,10,50,14.14167755854254
1022.4396583257201,2,3,6,4.268084978264044
651.4101679158218,4,8,32,7.505838376755275
1011.726167858089,1,3,3,2.348497480847994
249.230242431187,4,8,32,8.510489197264482
1020.9834264442504,7,2,14,9.5475565105503
1499.1792160789332,3,5,15,8.827114515010708
167.49685440477845,10,4,40,11.341477840112473
1468.0438579098443,8,9,72,19.005630068259553
669.6711450120189,6,3,18,6.270819419389101
1319.0548304721628,6,5,30,9.163789984748234
1195.3396776815828,1,10,10,7.701065355913086
893.8227653813349,5,9,45,15.70105958419097
1133.8288929518571,3,6,18,6.29048179155132
1329.921785821887,10,2,20,8.580201614223249
665.7964503114462,1,1,1,3.570873497966318
557.8464261885342,8,1,8,6.500904565208802
1034.6307397890187,7,7,49,13.238450693128073
1230.984318717762,7,2,14,9.20739876888261
1167.199188687262,10,7,70,17.98235294172024
1216.9391084020883,10,1,10,5.609988843917694
709.8166407381062,10,4,40,14.267101267985687
1244.9679026450303,4,10,40,13.827876827329009
268.29267751885186,6,4,24,7.284793162310236
862.2847371451894,9,5,45,13.436814076449284
108.0621246973702,3,10,30,8.161237955528467
554.4201618603784,9,1,9,4.715984942347693
613.046148819957,4,7,28,11.581445041639615
654.6417682529575,5,2,10,7.897982527513015
1073.654089365807,7,2,14,5.477553010723925
643.9813417784841,6,8,48,12.903924824579926
728.1710716715429,10,9,90,21.562924535971796
432.56178322405844,8,6,48,13.166164364337325
622.5525082810761,8,1,8,3.8195265387466764
418.17747816841205,8,1,8,5.812015711215143
202.47429327582108,3,7,21,8.343932093088847
944.828030733929,10,8,80,21.36512373646403
1035.4979179770228,6,3,18,8.899692074556054
967.2864844134604,7,9,63,17.20642192965091
748.8916613208013,9,4,36,12.683617116511815
631.7000922509218,10,4,40,12.679499578819165
1308.6671094005553,10,3,30,9.091521542886092
826.7144991907053,4,8,32,8.638164814004845
770.8546286816234,5,9,45,13.854571396491707
135.89889212900997,8,1,8,6.200525499702214
577.7469586766189,1,2,2,3.224562101437743
632.2738663001999,6,1,6,5.247021278957813
658.3518932556607,4,4,16,4.928069691641156
912.2413169182652,5,10,50,14.925497163603117
847.0435654176298,5,7,35,12.957247026783397
951.0671299108225,2,7,14,8.070851517833844
1170.8365661589796,8,6,48,14.498636615090948
1238.1800342025308,2,5,10,7.467548204517325
1105.3723067170922,4,4,16,7.750556499098854
1437.7331743369086,5,8,40,15.337273946063643
125.52561574690628,1,7,7,4.739732553430526
374.08917995696453,6,10,60,15.50205703344257
110.58802496939897,2,1,2,0.0
1006.4645998164442,5,6,30,12.234516965368066
1357.2427685299817,6,2,12,5.703856996479663
440.875215206819,8,4,32,10.037967974053215
1397.8483627148294,9,5,45,15.44713082205974
184.3743464053852,6,8,48,15.252752435760694
1408.21043752772,5,6,30,11.556365005614051
592.2717621354882,4,2,8,6.471481843584441
241.98915982890313,2,5,10,4.625057901766033
780.220462860856,2,5,10,4.819800692396891
459.48719480871114,7,6,42,15.868606848890746
498.822062746692,5,1,5,1.8205142613254979
530.2059508968011,7,8,56,19.142398461167005
1224.236256965729,1,3,3,6.841022894350947
854.8257873453563,1,5,5,3.8974479133425675
535.8307788184052,5,7,35,11.59643363721988
954.4672966352857,2,3,6,2.512303280296905
1102.610943912471,8,10,80,21.494770340867817
481.67360102694727,3,6,18,7.446496463799871
678.9687421354921,1,5,5,5.707648742053512
270.64053067172654,2,7,14,5.435314046767721
353.6090893485524,10,10,100,22.9457549907806
1053.564995550976,10,3,30,11.521541999668848
354.01368677387774,7,2,14,4.975332739947327
835.2287371338842,6,4,24,10.7796005022706
1092.6647664114057,8,3,24,9.580537324761698
249.62769233264137,7,4,28,8.915816342833926
894.2371074804649,10,7,70,16.839307398306907
459.18789718190925,8,5,40,8.84136355123082
1448.0976253326116,3,4,12,5.176684047971681
776.9639054078946,6,6,36,12.048399543158343
1228.3895696852214,7,7,49,13.521342943225942
870.3171590187665,10,5,50,15.33395088260173
160.77754599674682,1,7,7,6.953667411171317
986.4119258316313,1,3,3,5.0792886310609635
1431.9646790893198,7,7,49,15.753395323268794
942.2565482048636,3,3,9,6.31803650962139
1246.8644031975064,3,6,18,10.149764232594702
1337.8890486877708,5,8,40,13.843356831559644
419.31168072850545,6,6,36,11.434165799086829
396.86277587151733,2,10,20,7.545602133262061
955.3733843913884,3,3,9,3.8964283278305425
675.4398577293866,6,5,30,8.892189873154805
1275.8058240134085,3,9,27,10.612075564053391
1360.0323727572156,5,8,40,12.869317109025646
594.7899310238054,9,6,54,16.109543653334203
431.6187825642749,3,9,27,5.339591953504742
1192.7357213414066,6,2,12,6.464873069900468
484.72844976739054,5,9,45,13.934377644734221
1251.6600459191498,5,10,50,16.563464786685277
693.233555108268,6,10,60,14.958068021719539
1034.5698590080588,6,6,36,14.277216443459212
233.74943936853546,1,9,9,3.6418697219289373
973.4030545472023,9,4,36,11.121855407937565
732.4747502321208,5,5,25,8.250206774934593
921.2518484456638,1,2,2,2.7627284488473736
335.2198908428088,8,3,24,9.90999041645242
1131.6232429218549,7,1,7,5.837191020391734
1307.91590856052,7,4,28,10.995495029708108
403.4357201270859,5,2,10,5.925847377487316
234.00037772822643,1,2,2,0.90862815427758
133.09402046487094,9,1,9,4.484093097622765
998.7601006205724,9,10,90,24.711622090945994
949.9316505242931,8,2,16,8.067227697215708
865.376377799698,5,4,20,6.1882872550017725
424.7259345623656,3,6,18,5.564913892492233
647.2683942677205,8,7,56,16.232436090576815
932.2668692606422,1,7,7,4.3203225100203415
795.4736024028372,3,7,21,7.7314620690117355
1482.8997283008423,7,4,28,11.170752751715138
291.0156535794264,4,5,20,6.80246356706291
1073.2023756666313,7,3,21,10.821231140987653
666.046275346009,5,1,5,0.3061664421508641
699.4794608958607,6,8,48,14.321879680589424
1104.6368719214468,7,10,70,18.385399425287712
1069.4106118541176,10,7,70,20.414333536314896
1487.7583911830636,7,9,63,17.77207610007104
279.7520052357753,7,10,70,16.84953011733152
245.75350913783288,7,4,28,8.385392138848369
1114.0743439802377,7,5,35,10.586437709276264
909.7416838089728,3,5,15,6.083114359604524
483.8249331837282,3,7,21,7.594216317300913
211.18711658458125,7,9,63,18.03983288033729
219.92154943500276,2,8,16,5.902818322803619
1351.8672245297655,2,7,14,7.172488385953447
368.6142546062401,3,1,3,1.887006349626096
552.720186961729,4,10,40,12.310534427762164
417.3189631177832,6,6,36,13.123304787631556
596.9948281647123,8,10,80,18.448311745681107
197.1933798445307,10,9,90,24.24302618365089
826.6837072715786,10,7,70,18.631816443244688
194.65758902910085,7,1,7,2.4388259747105256
1220.4991109513062,4,9,36,11.82011555939453
427.1969146746062,2,3,6,0.64971919656392
856.0166804463148,2,9,18,8.77205621866006
1332.1107225860414,4,4,16,9.441524343705671
1011.2283166660718,6,9,54,15.569090103778638
846.1409011718695,3,8,24,10.596492900195058
554.0672543615258,6,7,42,12.650865430508402
566.2026782814771,5,4,20,9.047607089322618
1037.2817372774662,5,9,45,12.454956673879964
1491.7951057096345,2,4,8,7.7079135345324685
1026.57486578913,8,1,8,8.88331364516089
880.8967843180349,5,6,30,14.009742242132296
1122.9107143349445,2,4,8,7.776310692532344
751.2878571972054,7,10,70,18.359782829493096
184.19927964109928,9,3,27,6.870488731049444
887.2155422290738,9,5,45,11.999496616177218
1440.6753983075323,1,3,3,4.571588308182382
345.42411930072353,7,9,63,18.63073181988192
1066.0068471489321,9,6,54,14.536459133116741
381.30716412267907,6,3,18,6.732010174484913
850.1587582623138,1,5,5,6.1614631820439385
235.34702950540748,2,8,16,1.7421947528858368
730.5193107614592,4,8,32,9.065919840095345
1158.6286604533445,4,6,24,12.447014124526934
586.6001339345748,2,5,10,6.837553940537701
1030.876414282105,8,5,40,14.036219638862784
1213.629945105621,2,1,2,2.3180182238000926
1398.0489472712338,3,2,6,7.573350273497628
428.49891459763495,4,4,16,4.8315855652461615
659.0422821330314,9,6,54,14.655406349678776
313.3824186625844,10,7,70,17.96880348785779
1489.4769030217253,1,1,1,5.078283668694819
1397.8013550940134,8,8,64,18.735924663215737
855.9399823927835,5,1,5,4.060485772967989
1278.8466121269898,7,9,63,14.936316977504505
829.3411681808591,8,4,32,10.582211543965427
973.0199632038635,5,7,35,8.243296382916627
224.77420496242325,8,6,48,13.300917405202037
1157.378588695531,10,9,90,20.94676690847842
278.79887708932876,8,2,16,5.918304484419288
1256.4946823535397,9,7,63,16.69569038213435
1194.8393227385402,2,5,10,7.338697105861925
1092.242576840167,3,7,21,7.849329572554579
150.62453273466696,1,1,1,1.5355666306608562
524.37969832346,4,10,40,12.525582452845306
468.35759787518003,5,9,45,12.88537027619471
604.1909704601267,1,1,1,2.6473953946558164
222.69984546937394,8,5,40,9.041669333639375
1411.740952243488,2,8,16,7.274648614072667
875.3231369973267,1,1,1,4.750859852893252
527.7340349212329,2,7,14,4.245659180770108
655.7741239039968,5,2,10,8.361069970217414
726.08355670677,9,7,63,16.19552290913216
940.8320667048642,9,7,63,15.555945056175231
821.9511987750968,2,9,18,9.835625211247386
1387.1487625001844,2,6,12,6.730947447393372
795.7488760681623,3,4,12,6.398792983355937
1489.0212207526376,7,7,49,17.09266468928884
1291.9949408431341,3,7,21,10.503872690845856
391.91472010027013,1,4,4,3.92356960872388
1402.8333005014827,6,2,12,8.187613753616615
262.91295703966654,3,9,27,9.13593687995172
1244.4295918876683,1,8,8,8.405501155308114
632.8726108672121,4,5,20,5.856577732591679
1329.1640486230974,1,5,5,7.897002164607644
1315.2793661504304,1,1,1,3.246248899544999
1228.2955601646695,2,9,18,9.622363864480583
1206.042610829886,10,10,100,23.941758660696866
526.5507947372571,8,8,64,17.162267846396453
213.28699627175305,2,5,10,6.107759390267228
664.1722502712261,2,10,20,7.440240200496946
342.93432098111214,10,6,60,14.981944682834378
1072.9315244634463,10,10,100,24.400646187053404
584.5396171528997,8,10,80,20.22356432967567
1465.8542812038809,6,8,48,14.694369882988351
997.3609082834648,4,6,24,8.546784235417935
1251.4727890881054,3,10,30,13.232098853472293
285.53454183858776,1,4,4,3.8340259451804934
1306.8202751816716,3,3,9,6.386837642036394
1391.860066718752,9,7,63,19.607828064413734
781.8866863465103,5,2,10,3.357181905453131
948.7541128513684,6,7,42,13.995187254904565
1170.7337212641937,5,1,5,5.551908871965065
344.77407816457753,1,10,10,4.307168003969194
803.5925070488194,10,5,50,15.856675786708566
658.1282388812383,1,9,9,7.451051404352047
304.92358902714875,4,1,4,3.8948598936451564
614.548191208144,3,8,24,8.473612716571617
195.441233139691,8,9,72,18.33476645604603
136.13666972928178,7,9,63,14.32586429635311
289.23280481675187,7,8,56,12.260338752962728
1448.3611562248434,8,4,32,11.677139318218902
869.3413502530237,10,7,70,19.051196491818956
1452.151025614508,7,1,7,7.97669045871043
705.4970296621848,10,7,70,17.937030222218947
536.5425863193634,2,6,12,5.983385754212169
808.5986079763418,4,5,20,9.338677915018739
715.3163640860741,6,1,6,4.029728065093946
247.93055796644148,3,8,24,7.352674411533917
997.1568405662887,3,10,30,13.821671901073039
402.45345551343945,6,1,6,3.488264826296591
967.4231368569614,1,1,1,4.1597672559466865
1010.2815293574147,1,3,3,6.010008622049396
312.8347943801074,5,8,40,11.64067860669129
185.88947795493542,1,8,8,5.467556923459498
1193.0662204958157,10,7,70,21.382838386179255
743.7205932770482,8,5,40,9.925482778375693
181.4293137076661,2,8,16,4.575461236627166
1492.812844037674,6,2,12,8.608933787754266
180.8927853949133,10,8,80,17.948652206515963
1073.0493204019745,10,2,20,10.23834143226416
1477.150495368779,5,10,50,15.869659848830425
434.8521459022959,10,5,50,14.61886236657439
299.1491161620746,4,4,16,4.476106668399081
269.93891519140044,1,1,1,2.3095609017924486
524.5852065946337,3,5,15,5.447722375564049
241.46413541490537,4,7,28,9.763274361442715
1069.0258783717845,2,1,2,6.984946486951772
187.20851738208776,2,2,4,1.167677945698119
813.1909794097056,2,9,18,7.995250056941979
1495.3755953941675,1,5,5,5.849137419600771
1239.5583773084263,10,7,70,19.263243335207743
961.3072135234153,2,2,4,0.48558887761774905
528.7550691012564,6,7,42,12.007368815834354
973.4541708082938,3,7,21,8.469183887940465
837.8580494763123,10,7,70,17.658552817490506
696.5167374465201,5,5,25,9.084835184203321
282.99452743627927,1,9,9,6.347097572732964
1341.2459013366533,8,2,16,8.790366168431412
729.6985083498515,4,4,16,5.043829862778436
372.4715165490711,9,2,18,6.56935377673046
614.8630912282055,4,8,32,9.991169696306267
679.7816535404978,2,1,2,3.4505033881502993
1258.553053793624,3,9,27,9.6179729555254
1127.0601327859629,5,5,25,9.794173445525457
1177.0268510978758,10,3,30,13.467340685640238
115.4437702001061,6,4,24,3.2395929210403835
682.6155974516661,7,1,7,4.660366819756341
773.881812289453,4,3,12,2.7705152848591688
126.86918755227936,7,8,56,13.954149116906322
463.7384922430479,10,2,20,8.980672373112565
1164.405752370989,3,2,6,4.1624411937353765
291.95358802059866,7,9,63,17.12299727733104
849.4341840336283,4,5,20,9.940127018787416
401.2826208241325,8,5,40,11.805227672302912
116.96908450145058,9,1,9,3.9114787434195115
437.6820406393581,7,6,42,12.47937048779718
1466.2232568740753,8,8,64,20.65378264959595
1222.1519566361853,8,6,48,12.447593627861465
1443.4073020494468,2,7,14,10.049045963057022
782.9956614969075,9,4,36,9.332616480108811
253.6306781485049,6,2,12,2.630899615495141
867.1432845631701,4,1,4,2.084006693696221
736.1282683839453,5,6,30,9.813176989386129
1282.0999158354623,10,9,90,24.55868683876497
237.31561309794242,5,10,50,10.458022460800027
783.5375918304894,7,5,35,12.401385423883905
310.06813057157797,9,2,18,6.590479415445326
554.546297646084,7,1,7,3.0047602364513
1132.2999083429195,9,3,27,11.101963871270968
766.4253811162731,4,4,16,6.020603735026754
626.2435992040771,10,7,70,20.94084148481553
652.2667899980495,10,9,90,22.152226745401894
743.2254757683813,4,8,32,10.770382308075812
1199.0231613718797,6,9,54,16.87037447230644
1348.9185645163282,8,7,56,18.3131221679196
1437.4685611054995,9,10,90,25.236181873864705
1201.664740757413,1,8,8,8.495387371884592
541.5696540472178,1,8,8,7.848338622948557
1063.388588521159,8,1,8,7.9316746454923805
712.6443736775487,7,9,63,17.9392253579143
456.5388708644716,9,2,18,6.521603007489023
1277.2202111962918,3,7,21,11.290296596058685
153.79688854725498,10,10,100,21.664634055063992
1362.466788989593,5,10,50,16.12028834632656
746.0684504746279,3,5,15,6.077899616329527
992.0820675315927,5,4,20,9.095136346049124
1023.0954910880957,10,1,10,8.86553500361684
1353.164836989151,1,1,1,2.9460315377369994
991.3375550340902,4,3,12,4.065079431031798
959.5070186640864,6,1,6,6.534821702826935
193.31285678496596,2,8,16,8.14002431395234
825.7712307232857,7,3,21,10.448239815740726
310.2366011438583,8,10,80,20.36131185431454
1132.4072762100798,1,2,2,5.0402698715928755
817.1106891377443,4,6,24,7.758092353873348
1052.3188908916945,4,4,16,8.410181239866915
158.34206084333798,5,4,20,9.636925723945904
218.70882246412452,4,2,8,2.8079294068315965
1102.8527432877552,9,2,18,6.578731719927086
200.91807039814273,7,6,42,11.412679849412225
199.75941887136204,2,5,10,5.9056784112546135
116.95186532884243,1,9,9,5.808671705430702
1439.101957619272,9,4,36,15.253860435178375
1132.5117032426097,1,5,5,4.024451704021855
594.5519719028898,6,1,6,2.0157629413415603
515.1498138027173,2,2,4,5.17380068839274
589.5845216441894,4,3,12,3.2672594818026317
1184.5149436536547,6,5,30,11.144711774028057
1025.9188554985801,5,5,25,11.404569189605251
359.2737950144551,6,4,24,8.042983948863391
343.7530694677181,3,10,30,9.040636389386172
237.75390959875625,5,3,15,7.333943368031763
1024.4238075818735,2,9,18,9.20502284789713
1170.1217271104304,7,1,7,5.558932824525264
471.06499965500564,3,6,18,9.407390957416723
129.32294544327794,1,7,7,3.8444275895167146
215.04033446699827,8,10,80,17.931074551125494
1455.0040487830427,8,4,32,10.35589840231918
513.6226884683883,3,10,30,12.251307555399226
1176.912406973387,7,3,21,9.445294286518191
974.5289963959693,9,8,72,17.91784770868935
634.7154955140543,8,9,72,15.910959626042267
387.96216707377715,3,1,3,4.639007849073896
269.94098542316897,2,10,20,7.430717486923298
961.0181552544133,10,9,90,19.2932547259447
1184.4872928929033,7,7,49,14.749993925748617
1001.465954957583,7,1,7,7.101949028350741
842.4229865488217,9,7,63,17.715043752924963
158.73171280429077,5,5,25,7.689259054458099
1455.8842886321372,4,10,40,13.449075159632201
1218.1998683164045,8,7,56,15.195451673569659
509.9508513813506,4,9,36,13.133865641014154
1471.9584611023909,4,8,32,9.214708192588763
942.6342254908509,2,6,12,5.261501150960911
915.3917214901451,1,2,2,3.087038154861048
1147.3024512013449,4,8,32,8.50312670360125
1236.4777033261926,7,4,28,10.046027503057827
1019.0700502641037,9,8,72,16.89769593207519
279.33404491268004,9,7,63,16.22085687617072
573.5745083922977,10,4,40,10.88735814778222
1399.3170964564697,1,8,8,6.8990422755466785
414.4618565813927,5,2,10,3.664353659938886
621.0338333725186,7,9,63,17.40640154992744
704.9076361218744,7,6,42,12.10644814484753
715.1669855722331,10,7,70,19.14941432634165
958.1154154923357,6,10,60,18.5281680949169
1420.3061728425907,10,1,10,7.310046087295259
436.96979656550695,4,3,12,4.028277130193591
270.10192682128525,3,10,30,9.311774718148149
376.45868580391226,9,5,45,16.1956529443611
1341.6948602929774,10,7,70,18.05717146409563
1004.1351377172884,4,1,4,3.9461669420204557
500.26950493482417,8,9,72,18.122234613727425
1242.3257145560642,1,5,5,6.354504407730003
1305.9179949088104,7,3,21,9.216887399621573
1285.1200741663893,6,7,42,16.1311525161679
1386.4971470953762,1,10,10,8.926947404983833
453.1374282427062,4,8,32,9.882348947055062
1157.0587002447896,5,10,50,16.747935596954886
744.755296183796,8,10,80,18.559563822501644
1278.7979740460862,4,3,12,7.566387395030372
1119.8869480262583,3,7,21,8.533539070097781
1187.0264250996145,2,7,14,9.802512728204464
1018.6265727535001,4,4,16,9.28118698513098
348.4002772575896,10,10,100,22.435669249198785
863.0376864557137,4,9,36,10.620492521436846
1478.5376353343115,10,1,10,5.063741265820346
1412.3432930959666,5,1,5,5.812502314077025
160.44323011581633,7,5,35,6.471942723459538
330.740742021212,9,3,27,8.483916966177198
284.42028283638666,2,10,20,7.327400410380124
1116.3718739794135,5,9,45,14.919835852835176
1244.8994617997232,10,5,50,14.969337312468344
398.9159128349407,9,7,63,14.898314060474373
808.1937701325606,3,1,3,4.639992574419021
1276.98423921568,1,2,2,2.317022523396723
1125.9221626727508,2,4,8,6.496458282678168
859.1320876885876,6,9,54,18.31152807952163
926.4867666422821,5,5,25,10.551330955961705
811.704765682792,1,5,5,4.065243665611646
516.5678318463488,1,9,9,4.7556502011339745
891.0307900026226,4,8,32,12.384050782345184
1064.439422870127,4,2,8,3.4924131257231257
1322.6520822051307,6,7,42,13.554326307829898
990.8078955709473,6,1,6,6.168379168733051
1165.5701518604212,10,10,100,22.817714067119205
324.1002889364022,6,9,54,12.552000683214585
746.1804641877059,1,3,3,1.4655550867366391
113.06426775793062,10,2,20,9.417864895599365
445.3504103302722,9,4,36,13.138462931795049
1117.0464011582067,7,4,28,12.659520072633814
1488.5339318891088,7,3,21,12.153196799678684
238.84933942210228,7,2,14,4.528146093101661
662.0920422058035,2,5,10,2.705186859816548
1220.0993561788232,2,4,8,8.395070124191268
385.6498884804584,6,5,30,10.465065529439888
877.1189290232007,7,8,56,16.727402810049416
1126.2998144415446,3,2,6,3.292567905892027
962.3796303642506,4,9,36,12.27033573946267
363.2346284615826,3,10,30,10.36536979077187
597.5383961600352,7,1,7,4.650369422965304
1197.308498279556,7,8,56,14.819223519522057
875.9171197848233,4,5,20,5.100458241491537
107.32145896007783,7,2,14,4.085646680564327
1165.3870640393313,5,8,40,8.723575145362691
149.43589691633468,1,5,5,2.72955389563848
1144.027295823725,10,10,100,23.365557116349454
383.47278423133235,4,10,40,10.215357106153892
1441.3028721671324,7,3,21,9.933904647431643
615.1170518229183,2,7,14,6.215177177537804
557.7042628733108,2,4,8,4.1086760888112135
308.44327046542253,1,10,10,8.503373604031488
527.8459016863007,2,6,12,5.374080140133445
1327.3110665594809,10,10,100,25.33526831724309
1494.8680726781463,8,8,64,16.565053484342194
615.6333427095876,8,1,8,5.6144161187901975
728.0548833363596,8,2,16,6.902283084441618
1110.899313483832,1,8,8,7.060627434697839
1340.6740926511043,1,7,7,4.994077202093649
930.2620678614978,10,10,100,22.165916242493193
648.1359774489611,4,9,36,10.97701452505078
677.6705771880733,6,2,12,7.751299955968711
1073.8654050955297,8,8,64,15.187339250157406
104.50556904599016,2,6,12,7.529781786290093
967.4250724437769,3,1,3,2.625028603873372
597.6902146179003,6,4,24,8.320015549713784
1211.8762637879179,10,2,20,10.727655841250458
230.18689575238503,4,7,28,8.126877787574701
923.4831737277467,2,9,18,8.381540436535143
773.3620458405733,7,6,42,14.516504264815126
999.2557362673184,4,4,16,8.843449391866166
190.79503227615567,8,5,40,11.832536193205561
911.9773023993838,8,1,8,5.605005348657034
886.0784231433332,7,4,28,9.557544023942453
884.9241321826393,10,10,100,22.161392705917592
944.8827332350368,9,3,27,9.413564940703814
1047.0551121169071,4,9,36,12.395183398928372
1226.9845995530777,7,6,42,13.203582773719639
477.7490081795001,10,4,40,11.999648163846691
1255.069174252087,10,3,30,12.877350028519329
797.5579551688351,1,4,4,1.828066295286328
207.88159078806365,4,8,32,8.665891379497085
181.97130094157086,2,5,10,6.180608811203539
567.9336461744851,9,1,9,9.285176416353519
1198.8557679560545,5,5,25,8.037129526510451
1090.753308637282,3,8,24,8.943448072234421
1204.060950541369,4,4,16,5.645168510689889
824.1766790182531,6,2,12,2.9935374428996306
716.2785971376868,10,3,30,10.544280802130674
306.4335373887975,1,9,9,6.754232364968898
559.4698550530361,7,7,49,12.919496400343576
707.6271126434253,8,3,24,8.179421114603091
224.04060155146414,7,5,35,9.63141877536792
408.85673379569573,7,3,21,6.414790676108574
937.5154116892344,9,10,90,22.00966114772808
1129.9283599348657,4,4,16,9.540196261851895
1497.6865159501294,7,8,56,15.454302366763994
1406.3586638809807,9,3,27,10.338153775463013
999.5912793492681,5,3,15,6.757715954313616
689.7472746117008,2,8,16,6.7282394146256035
990.6483105915258,5,10,50,15.08318508616222
1199.9122653123247,4,10,40,9.849885564718926
265.6706672927422,8,7,56,14.990712407023068
673.8668455748035,5,7,35,9.439425880307661
1275.7231998898642,9,10,90,21.490476540687844
637.3661327062616,9,2,18,7.22348845529396
900.6211797180612,3,7,21,6.566696400131503
922.8771052070775,10,10,100,25.842563609685786
358.2667543870951,6,10,60,14.280763112051694
607.1296183132038,6,3,18,10.863296455819839
568.315804238705,4,7,28,10.281931924256778
136.67539194489072,10,4,40,10.020909986418918
133.86846944789733,3,8,24,7.508141226326395
1264.3758611460828,1,8,8,7.4516383308127265
482.2991339619374,7,6,42,14.312678948952724
825.3102727343417,5,3,15,8.026049900807447
518.2158030242822,10,6,60,16.74931327937957
1416.9509431614767,7,6,42,13.175545944427329
463.01546241208325,1,3,3,2.025641296021166
701.5195378345092,8,4,32,11.15914658876155
1321.8223506784425,3,2,6,7.2440005112453925
1278.7069935085322,7,1,7,5.900369481648906
360.54198498478826,3,2,6,2.294078302247132
1223.7006337139946,3,7,21,7.74745782143795
741.4616414330497,10,10,100,20.97266126377387
776.1564209194974,9,5,45,12.332103151565063
286.8719613823213,2,9,18,7.092159115282755
212.8421192599745,4,3,12,4.595588283442468
1119.1150297632712,6,2,12,7.4506889526690365
795.0456132974197,3,4,12,5.186939584017741
711.5909836612514,10,2,20,10.916108713963611
1121.3115201133555,10,7,70,16.834581277446393
1171.7180585875537,7,10,70,19.967590936608797
322.471434737095,7,6,42,9.615605717710693
954.3152092686978,5,8,40,11.33294723403873
289.49571518875973,3,5,15,6.150492629819506
1151.925120440664,2,2,4,5.8693617893585674
1019.7372187739953,4,4,16,6.82015926817675
1439.260469516841,4,1,4,5.205441899385329
196.54122289898964,8,2,16,7.887180882341966
179.87660961175604,8,4,32,7.326537529173828
495.0619045704802,5,6,30,10.544947912581817
466.38795723026834,6,4,24,6.899177130862055
445.77031870079975,8,4,32,10.056184306548074
1368.7564127294513,1,10,10,9.347117582332094
449.3646797893085,5,10,50,12.13511491272452
480.7296165800834,4,2,8,3.041619157321506
1163.1575673851492,4,9,36,13.525101920697388
729.635779430756,2,10,20,8.669105695740432
1187.3947797372537,10,8,80,19.50429717583405
191.51262059013933,1,8,8,5.375123620382695
782.599671142738,6,5,30,8.246072789419
147.0590402565957,7,3,21,4.970157024555714
187.71448483749634,5,6,30,5.192865460718757
1369.0124346821754,8,9,72,20.077709812790932
294.9435195646332,9,8,72,17.337875153151085
845.388955185304,2,7,14,8.001663058603201
675.5338436409892,4,8,32,12.383856563005072
586.2806567623797,9,4,36,10.510594131754372
1359.7666839621816,5,6,30,11.015217661286876
130.5527554856853,3,5,15,5.925923067822668
1029.3055606458247,6,2,12,5.603494953413935
1448.7522078989705,3,8,24,8.410940881551232
884.2354568465787,5,3,15,4.991063982153301
1411.5514468463286,3,5,15,7.913377683080606
173.16103100043327,6,8,48,14.04600898959122
686.3106467038259,10,9,90,23.82360683245537
464.2209073468716,5,9,45,12.351387628898307
1123.1493509730217,9,5,45,13.948067844461946
1473.8159266961454,3,2,6,8.353842321770212
459.14208742194694,6,7,42,12.593515548470547
1015.8444420637043,8,7,56,15.837515470160685
377.3366858636362,7,8,56,14.769911956894155
891.4623564002538,6,8,48,14.85586663711899
749.5054813636707,2,5,10,3.7685622300480093
1460.8074614841519,7,1,7,7.612429217516205
951.9381817750532,8,4,32,11.36255049797149
589.3089209215464,1,4,4,5.3109734624261815
259.7340988431067,9,3,27,9.210650457692338
311.7455602289084,4,8,32,11.355363941002787
415.44370193172915,8,3,24,6.646573906597236
451.3533258764172,10,5,50,12.508061374340858
1290.862480977593,7,2,14,7.810785424477835
885.7119035955349,10,6,60,15.044608577056255
832.7472759241131,7,6,42,13.748724039376064
260.67642061690447,2,8,16,4.598046607927948
1304.195570689209,1,8,8,7.068998900864425
1111.9400244918772,4,1,4,3.574138799527458
194.73570666000222,2,5,10,3.375839825980982
1090.969136121676,8,2,16,5.725457288340189
860.9535042797045,10,10,100,23.78460771642624
214.41548404548956,7,5,35,9.654169679891169
741.620898140119,8,10,80,22.739819416775465
778.5748019820658,6,9,54,18.78903021481647
332.08435622858605,1,4,4,1.562217794531782
1423.9774058003952,9,8,72,16.693433205548146
1289.9655200729267,6,1,6,3.878944298280607
1036.6312722607518,10,8,80,20.180473084433864
747.21378540085,1,6,6,6.7821838456200485
676.471758218312,1,8,8,5.330750078521391
1011.3628540113358,8,6,48,14.890142413778909
863.6046171696677,6,3,18,6.228648063221222
187.18234823463985,8,8,64,14.843681030225403
817.5037082784644,8,5,40,12.285202348168413
1228.9650641259752,8,10,80,20.841228164716167
742.9358286357412,10,5,50,13.931784097295136
172.7392085759758,7,7,49,10.972779923034235
1200.7894791376464,7,6,42,15.04041967099156
381.9092949903642,10,9,90,22.69131571107109
462.06916884325426,4,7,28,10.976764738229079
330.58889480521424,9,3,27,7.595341263065839
562.3010908200965,2,5,10,5.4036875052469675
1159.452107964089,9,9,81,19.981591991239878
827.1402033055123,10,10,100,22.192205346717316
386.8337838109976,3,2,6,3.8011121879909813
1328.9621094128572,2,1,2,0.7744165841454085
1331.414596932141,4,8,32,13.133089422750423
1318.8097950644096,5,8,40,11.593572885575378
434.314695934155,2,2,4,2.399107648774791
731.7350818533833,1,8,8,2.759784760395042
1478.985518597225,10,5,50,18.16960745237445
1180.8174668339866,5,2,10,7.148971505682479
138.03438971578373,9,7,63,15.35487643066781
191.28642776468888,5,7,35,8.900376440739695
749.5039275372659,10,3,30,8.60041775211281
1372.9082882061841,9,1,9,6.8953526176255036
854.1825171337999,10,4,40,12.76168148063546
796.9375112480063,6,2,12,5.649110249843353
247.66317993928283,3,4,12,5.591706001443013
1019.4921466140116,4,8,32,14.022578514262019
1250.9444248403156,4,2,8,4.092158929233633
632.5880105105873,1,1,1,2.469905109461198
1185.8565912954584,3,3,9,8.433536893388087
1450.2673154611361,3,10,30,11.83440370874382
385.2730427787647,1,7,7,4.711984113704338
832.6614836726378,9,6,54,15.557213047530162
501.9931413184058,1,6,6,5.618132217280914
1209.996186647375,9,7,63,18.94464729796288
908.6307122336206,1,8,8,6.681178177284603
988.4153845704252,2,3,6,3.484546637299757
1217.0798234622516,2,3,6,5.975303548242001
654.3586617274368,6,10,60,14.658346083497262
1381.1260957698605,7,8,56,16.960188975732496
846.2404141445959,1,7,7,5.958357618922999
321.13675196948725,3,10,30,10.121382841391222
1074.2587654363233,2,5,10,6.125071384775234
1210.5658906135561,8,4,32,12.723989519474557
543.4663478945374,9,6,54,15.21399436457262
1300.050959798254,2,9,18,10.541954010479978
1368.600556672073,2,6,12,6.84172866749845
487.6662823289325,10,8,80,16.712214423569737
1476.9300618013108,9,1,9,6.80817470858258
296.9961392682618,4,6,24,8.447624778808919
382.82193576348595,5,2,10,4.614240336008281
357.9147749332366,9,3,27,8.016667897537467
1351.5855940110187,6,6,36,12.63531756486614
1016.0095732549466,10,2,20,8.431231325418308
312.945996511182,9,4,36,10.399090894918652
716.4527857156886,9,6,54,11.649697330891339
961.4172350977228,7,5,35,12.423550207151296
216.8497189851366,10,6,60,15.75293498349108
1335.3829157702742,9,6,54,19.03913960681568
1225.0449496181493,5,8,40,12.08218872024921
807.2894830072935,5,9,45,12.709789299977754
1453.9772613628386,8,5,40,13.569350200107573
684.8653709851395,10,6,60,15.71856774361814
1477.754446651097,4,6,24,12.525308571922267
1035.087998325078,9,6,54,14.657679135699027
988.5397825555181,7,2,14,6.746494196382331
332.336853414099,7,4,28,7.721349584101485
1334.6988616265016,3,1,3,6.704832286133752
698.4855630888612,4,1,4,4.327765686093076
327.1267680954711,7,1,7,6.560582344458583
117.65052796606265,5,7,35,14.157896208226
883.6579570937356,3,1,3,2.3730940281519297
838.3594709717469,1,6,6,6.894009786089532
1107.095071316822,7,2,14,6.8290836080423105
1346.361274224923,6,6,36,11.261260007120573
211.16921850024133,10,6,60,12.622914215514225
1124.0950864765073,7,3,21,11.890739835873633
362.3767217366151,2,8,16,8.427805815834125
1301.4478744200296,4,4,16,7.464752828282483
1246.6889194063185,2,7,14,8.926279611380885
857.1112569797622,8,4,32,7.800758701173149
1094.339918072636,7,1,7,5.597108560087553
540.0901584572478,1,6,6,3.537301969324009
759.6350585059405,2,5,10,7.7876258966971355
1250.2916567946604,2,9,18,11.669766375964347
742.9712760424994,4,9,36,13.021620044128841
600.9175714556185,3,8,24,10.322879830331093
791.8974261504198,1,7,7,4.758993565048385
1259.5489534121057,2,2,4,5.594530146708368
569.2912663192219,9,8,72,15.769507625956514
343.2662303900413,1,3,3,0.36528687091110745
1096.819628463093,9,6,54,15.235417517072547
1256.3694977913144,7,10,70,19.9080330872398
240.89246993294665,2,7,14,6.878987720612762
435.8237578583226,2,6,12,3.786115012606719
298.7607856653915,5,5,25,5.520163474261391
587.1179762150332,5,4,20,6.596915299997518
730.4913704675777,4,2,8,3.346365961517309
1148.3568717486291,10,9,90,23.31474009331772
1011.6066188343437,10,7,70,16.80391972269183
969.2999944698037,3,7,21,11.705053121005674
593.3249252535161,4,4,16,6.930190160023654
1278.026574318664,10,5,50,14.835663364926312
759.8020343574304,4,6,24,6.998610600883129
1470.7469132212163,2,2,4,2.959801070044825
987.7989936140316,5,4,20,7.59422212463117
276.7706381903038,5,4,20,5.7852807962574895
1046.6485869056078,5,4,20,5.595554214286935
555.1456216043786,10,7,70,19.467740715501357
1060.8580753605365,1,7,7,4.613886679632238
197.49760742736805,6,7,42,11.8239155714172
344.8340120463431,2,7,14,6.8529758145326625
1298.032162468101,7,2,14,5.167797853222163
418.0513798329208,4,5,20,6.459029184789367
1271.857575340116,5,10,50,13.429265514047398
490.9865238361746,5,2,10,5.393371194843319
1000.0346740821907,5,5,25,9.34384469446844
1071.8108029137634,2,6,12,6.827698039237271
817.7166544030741,5,3,15,5.355174868255024
527.4349473754238,3,6,18,8.82642498554462
397.7021269195346,4,5,20,6.42866048551389
146.46509638739673,2,4,8,1.4769095122697191
525.5249617370133,4,10,40,10.834611967292732
1014.4279067437963,9,9,81,17.468197482447707
1413.6267458278758,8,8,64,17.045734775553054
1319.686275168273,3,7,21,8.125791792835814
1172.4906871494236,1,1,1,4.23684877085622
1203.826280554618,1,9,9,8.51599387791492
1030.9788648663935,6,9,54,15.880948555272285
464.4016005924042,3,6,18,8.349484548138552
1370.073042988162,4,7,28,9.172541380424484
1039.0252366681675,1,3,3,4.505530755840663
884.6168833726159,8,5,40,10.012229009561207
255.3852568988735,1,7,7,3.9455024728719876
725.8777613289956,5,1,5,4.613533350394943
744.5015796826968,6,1,6,3.79135798787757
1310.389053331738,2,5,10,9.170658838471883
865.3075082629039,7,9,63,16.358561226940896
632.5607685585735,7,7,49,14.716304222739732
1467.520459914923,1,1,1,3.38824843512521
255.00883065684195,4,5,20,6.907518186229159
691.5677996367225,4,8,32,10.035588577523145
158.8345452399674,5,8,40,11.283387313994158
1135.8657690737025,1,2,2,6.261703470209978
1385.3071730788108,1,7,7,9.235350961523238
492.0522613706852,7,10,70,16.85335143475486
1301.6783475187692,9,5,45,13.70984869854127
509.1055226466569,1,9,9,6.344469744745403
1375.0782263014812,2,3,6,6.413287026215579
1155.5466650354974,6,1,6,8.192821358124753
1226.869487578014,6,4,24,11.38265305321785
125.2091778406363,2,7,14,5.350282348099153
1447.9344999036364,9,1,9,7.950380703379988
1117.3393888984524,4,2,8,5.77326348427446
526.6515335405866,7,5,35,9.494653230370202
1261.1525308023856,6,9,54,17.542621532834456
494.12967778090194,3,1,3,0.0
1321.8553753925792,8,4,32,12.952904789517728
257.6125465767118,7,3,21,7.583027989840019
1085.160368445114,9,5,45,10.910632491640982
856.9778673028744,3,5,15,5.301303049144943
235.14825827361713,1,10,10,3.1714718307107823
438.6513595623746,2,2,4,5.422467013524598
117.36565078824071,1,5,5,1.7972675812855514
756.2751516503082,5,9,45,14.727845487938229
521.7713650640005,10,5,50,14.962367693560836
937.7004780168623,2,10,20,9.294394689261848
516.1329307920641,3,2,6,2.6354078697549372
519.8867561097786,8,7,56,15.408921628241142
1140.4704782242447,10,6,60,17.004079744324063
167.3999703696948,5,7,35,11.289156492884215
1364.052993268782,4,8,32,10.168146942754307
1293.1694241476541,5,10,50,17.119987301949777
1034.926556516969,10,5,50,16.591373445553213
930.510198150338,6,2,12,5.875868331970814
1349.223497395513,7,7,49,13.514470915627948
359.4622513402002,9,7,63,14.943996387030435
210.55682706716004,1,8,8,4.160918383529227
435.31423787335336,4,7,28,8.799374737089035
1212.4095901802664,9,10,90,21.51762164565069
148.53837341707666,5,7,35,10.53183851330719
915.9295691168854,8,9,72,19.586896202998133
1493.612522667834,1,8,8,7.148723466868791
1297.9745313725552,4,2,8,2.8642340054420066
830.0239646610253,9,2,18,8.52458703898704
189.0972730012993,1,7,7,2.3155047700748943
1263.9229201399937,1,10,10,8.702228787860196
938.5699114480948,4,10,40,13.184941912433512
260.9061958833936,3,3,9,3.4783572145887263
231.40019875269869,7,1,7,4.980049243881651
1373.4775472112294,3,9,27,11.842302660601826
1036.88036811331,1,3,3,4.6052837081296
1261.0015190434578,10,1,10,8.653534725521828
1330.5704603951742,2,6,12,6.841908909589269
900.4812928676511,10,4,40,11.760788515270375
824.4248924570578,4,1,4,5.464684647348636
702.5983744493863,1,4,4,4.868041963540215
543.7252229075671,1,8,8,5.082908089335856
708.4343452021965,8,7,56,12.011261120731637
1183.4315180222188,7,1,7,6.5049255570681845
942.6928034211842,8,10,80,21.014247352210507
1349.5326059367844,4,9,36,11.080477216877055
720.7320201308628,6,6,36,9.76865802938612
949.9254102062556,3,2,6,3.888108185897112
983.8305743287842,8,3,24,9.84614927059412
928.3760272288557,4,7,28,13.782116326120779
1083.6872823197227,3,3,9,7.293943559459751
432.4068557247288,4,3,12,2.8021510149317717
817.309288564107,6,5,30,9.2802992574052
245.91472393168675,7,3,21,6.8000300197476635
638.3158587027376,7,3,21,8.480314120677605
782.7338960697701,4,5,20,6.546749993313963
1013.1139633636615,8,5,40,13.303023805198455
1430.7434736206849,7,9,63,17.241920799473682
940.9114931676983,2,1,2,4.0562242452302755
1141.0314826471838,8,1,8,6.395753512669087
808.7724832932838,9,9,81,23.135694824116353
987.7456439268639,5,5,25,10.693723848020225
199.30510258728282,4,4,16,7.569441929046304
456.14821317858576,4,2,8,2.525806297416539
606.5943304871942,4,9,36,10.615045171923207
761.490697009119,6,6,36,11.613743870629218
163.90824370333723,4,9,36,8.677723940719682
296.03373657464476,7,5,35,11.510142951180498
487.5400309078281,7,4,28,9.070795085728292
1460.1457672614708,5,7,35,14.120184806137727
563.885809944271,5,5,25,9.101254994354294
774.8574813569155,10,8,80,19.817009519342374
374.5367978337501,8,8,64,15.765054199601948
955.0920995060756,7,2,14,5.75690298098365
492.956501722364,7,5,35,9.093367552997732
389.7896098137975,6,10,60,16.912578191201014
823.2016798243707,7,8,56,16.348432196514132
107.70811882458915,7,3,21,8.516521721371987
110.72964570891546,10,7,70,15.702947947073072
406.6963327426009,2,3,6,5.197275835841479
151.4099075011496,10,6,60,14.437955767842944
251.23605578296792,2,2,4,3.372373609044035
574.4049090742523,10,6,60,17.4861099388454
1223.619951411738,7,6,42,16.353797904185967
900.8681007170212,10,8,80,21.61036718692263
817.734816338983,7,5,35,11.289693953196867
510.8843524913703,7,1,7,5.413204664709265
1404.455207205943,5,8,40,15.382421325598457
655.8210577320683,1,9,9,7.626494225321129
221.9298735140801,2,1,2,1.1449841682582371
963.8931225649218,9,5,45,14.299968918352405
259.37375086724194,8,6,48,14.474210844450406
583.312399922369,8,4,32,12.685269796837986
810.3767142049325,10,2,20,8.513958135551936
1323.911534559246,1,5,5,4.022684473710875
790.9652124761661,6,4,24,5.912417262766006
1083.16227244433,9,7,63,18.309780990557595
1489.9435745986984,8,6,48,12.679739278366256
284.08476785717426,3,3,9,4.498230089180533
484.6241357273273,4,9,36,12.785764461326433
652.4065058367049,3,4,12,5.360044896687344
690.5594499543639,6,5,30,7.437203743196198
675.4295053717641,9,3,27,7.410946971864231
1370.655403579177,8,8,64,16.561586195121407
1099.645702253599,10,7,70,18.313206597002697
951.0672997269852,4,7,28,11.908355671543346
533.1218050078949,2,8,16,7.283878765852944
1253.3065379098125,8,7,56,19.336559849713154
1437.0847160789845,8,3,24,11.63548830768226
1249.6775955703172,6,3,18,8.642576121130896
102.19114726806207,8,2,16,5.697046199879727
990.9619182567699,9,1,9,5.685423050357867
171.589534018941,1,5,5,3.6171176249790093
460.6501084672106,9,4,36,11.434836964023162
183.33458048688036,2,2,4,2.848488506485807
945.3136341291429,1,1,1,1.9927140750723156
1061.2258788896495,8,3,24,7.7745682848650555
260.28269329226714,8,6,48,15.314414008981274
637.3744362629712,4,2,8,5.426120810359306
738.7311125377588,8,10,80,20.410716254256997
616.6742304652832,7,7,49,14.242929980011148
269.4350006792703,2,7,14,7.690913539899632
686.5269062624656,5,3,15,5.621254008776937
1151.6492669317854,10,1,10,7.008822731289817
199.41073034655767,4,9,36,9.470069774789438
212.2520197146648,3,5,15,5.563720061895843
596.6798085703779,1,2,2,1.5794454140366114
1418.415996266495,5,8,40,12.027271556047863
1036.0017054120797,10,10,100,21.642476183197438
1050.1379393415907,8,10,80,22.98733082995106
606.6879871730109,9,4,36,10.411561025493043
931.1251076919538,7,10,70,19.192383148399035
114.18365763884073,1,7,7,4.522904962223668
990.534464973359,1,5,5,5.776908147243425
1378.6017266067315,1,3,3,1.7019395623817664
957.6028556827468,2,10,20,8.810376245792646
1323.178030852883,1,8,8,9.085667928013134
1113.5622776525313,4,2,8,8.341726290386454
268.78178296516637,10,1,10,4.890791003759234
1363.4346302001784,9,5,45,13.802981405817707
193.02138209808484,4,4,16,7.185666033541888
847.5544615668692,4,10,40,13.556201088049889
298.99197331084076,7,7,49,12.892440305448655
116.38925502326569,9,9,81,18.585951270029874
690.8479641786946,7,6,42,11.32598122683362
513.0569907158188,1,1,1,0.9679370523651969
780.4006913166443,1,8,8,6.458861902660784
908.0798414283711,4,2,8,5.491149400782503
161.2347012325263,4,4,16,6.075527858871688
272.2046131732439,1,3,3,1.4662078654414783
882.0993550305955,6,6,36,13.363094688378052
580.4342944417215,10,2,20,5.528947468298567
1120.8428825692272,2,5,10,7.13611004229851
1013.2083080287156,5,9,45,13.066516590093624
1283.8461081858695,8,3,24,8.468855555429396
1069.4899573369153,3,2,6,4.251738424468369
701.9035083462073,9,2,18,5.2163920782940885
1042.1532713522054,7,9,63,17.765718319398793
485.5336439575859,9,6,54,16.592793744642307
528.8388982894978,1,2,2,1.491260933696524
1204.5792238891106,5,3,15,10.885455524922742
724.987322962215,3,1,3,1.9086827626553025
1217.7324767256935,4,2,8,5.000610449563354
1251.3913231355898,4,2,8,7.742499319575191
1300.5872727257972,7,2,14,5.8054860299046425
1383.2893301776903,10,7,70,18.72664940035965
703.3793087186148,8,3,24,11.185336406717953
546.4135456495944,10,4,40,9.924443020576675
915.0782452317594,5,2,10,6.5159846844606495
619.6413928126786,10,5,50,14.505161970880257
941.5038335203261,7,9,63,14.148902818744247
1087.8202077013543,3,9,27,9.802290021536699
1063.7670258889916,3,7,21,12.549770703778439
624.3740418281699,3,8,24,9.284441139481025
333.60428237825397,4,5,20,7.442960791507631
702.7410738470905,6,5,30,10.06238612027723
299.63180171467224,5,3,15,8.6134651310391
1346.1358492573318,8,6,48,13.231606755086883
584.2284450330003,5,1,5,2.800767562020174
316.2436461126533,5,3,15,5.416354193646969
135.62686386805123,10,2,20,7.904854704743379
1004.1513408010779,2,7,14,7.738865304685054
991.6632444366405,5,9,45,14.106311977300642
576.8458332138084,7,4,28,8.22541183204831
200.39664438671142,2,7,14,6.8114598615285
673.4804528533248,6,8,48,10.708545880762511
535.704493088751,7,10,70,16.850073126377897
1047.968895629013,5,2,10,4.664165317354776
948.0909492337665,9,7,63,15.194327829432922
610.431219476556,4,3,12,2.7498618163661925
405.04957595698613,10,8,80,19.35887335820796
1483.2503526178286,1,6,6,7.210891945212152
735.6022696745608,8,3,24,9.326291562622659
1063.583930092332,8,8,64,18.739120311569355
296.7741546097051,7,3,21,8.716770476750952
779.8255795231569,8,9,72,15.300710831211894
138.5514078172517,2,3,6,3.923499734752798
807.6371650746299,3,1,3,3.6390134760455184
1449.6243699647832,9,2,18,9.356286017161432
637.8893981801203,1,4,4,3.5899838943087907
154.5944176048762,8,2,16,5.083598380989962
143.33810728708093,8,4,32,9.878499024811028
643.1814639256173,7,4,28,7.715783238551888
324.03491104847166,5,4,20,8.402353343934983
132.69293485946028,4,1,4,1.7188922805239049
1158.6990595302475,10,9,90,19.355456197394428
741.932212434647,10,10,100,23.652777016225212
504.94268076171636,10,7,70,15.543775490457934
1360.116456223073,10,2,20,7.722932415794042
262.5945442807358,6,3,18,7.250884720090894
1438.2863605374469,1,8,8,8.978621853348265
539.5534043282939,5,7,35,10.46557637117099
1343.7651412321536,4,4,16,4.86830390810586
944.1200270712461,4,4,16,7.885368830490252
1257.3903036380825,7,9,63,17.185458651153656
1477.61842849465,9,5,45,16.472630164627112
503.767612946244,8,5,40,14.358233496104809
1445.58967957063,8,7,56,14.234773372217582
645.2746528633885,5,1,5,7.649425175808149
639.7166666316913,6,3,18,4.642052277419763
576.5419459563079,2,2,4,2.345537756249595
857.9706502866193,3,10,30,12.655381892769787
315.80306044988197,5,6,30,7.949130979893244
875.1960795012156,2,6,12,5.330392329249218
858.3867373740056,3,10,30,8.557102140123845
1166.662537646818,4,1,4,2.529844340815174
1267.1099467126198,6,6,36,10.912710011907459
716.6178904373936,5,10,50,15.594837191102858
523.2665490920913,10,2,20,10.364305441699534
463.06885624393226,4,4,16,4.9882606427293625
372.4733713868207,2,6,12,4.9437880483456444
180.70661507863485,5,3,15,3.820606626342123
579.4271703685987,5,3,15,3.816519474159038
478.3467689830966,7,3,21,5.118403246191052
1452.9843402129702,1,4,4,3.492709079545704
880.7923567500615,4,9,36,11.886455207350341
586.1878546427106,5,4,20,6.329723918545979
912.6546413911744,8,4,32,10.05943992356832
294.8753818839737,8,4,32,9.984962894731803
721.6612488830841,1,7,7,5.454551951612709
976.7280499894894,5,5,25,7.456594027326117
784.4569645094319,10,2,20,9.80482964109291
662.490320916054,1,7,7,2.442976312481701
1491.3877444595773,1,3,3,3.7718714478047546
1332.4406670084977,2,1,2,6.548139394115818
972.7683414232162,2,9,18,9.356287798872051
897.1283056551958,9,5,45,10.54691103572766
968.9246717544177,4,10,40,10.762875386213665
381.83695095140655,3,1,3,2.0037804591748767
653.1928405700461,1,1,1,1.4264587387709937
155.24334604725905,2,1,2,2.6740934888700467
765.7644524815573,6,9,54,16.72765236827875
860.2344175407285,9,8,72,17.647045867688252
418.84963054449344,5,6,30,9.079682442254683
1449.6403860317191,4,10,40,12.550430938603498
1373.2364553121388,5,6,30,10.909722828443424
1111.0005296382683,9,6,54,13.884451448053397
846.7412802715077,7,4,28,9.630051206668487
1317.9568235067588,8,5,40,12.096195314462518
282.9132813528481,4,10,40,12.704282600698596
1206.713711984839,8,3,24,11.18753862989277
274.7491395535876,6,3,18,8.190407083769848
1211.8949275691675,5,10,50,15.477921383098387
486.07459555189973,7,7,49,14.132844198419573
1327.9268134254646,6,5,30,10.206443360203707
1421.658931355557,3,8,24,9.282054873612598
308.3143571671619,5,5,25,5.815454535207831
747.7458470915509,9,4,36,11.733363441060439
1473.3823294277593,7,3,21,6.3209477590585195
776.7704103624053,4,2,8,6.0629706401386905
1308.966531520363,7,3,21,8.529728794394774
924.2241309838478,5,7,35,10.95942783626868
625.4618710874425,2,8,16,8.461914078665382
500.09697773621826,6,5,30,6.549507843161138
384.5123275205222,7,1,7,3.986018866554004
1166.5174679287761,8,3,24,11.900682245619661
641.156709552239,6,4,24,7.856492617466516
815.7856470810516,8,10,80,18.046877623930946
789.2556720016547,7,4,28,8.958686011272395
908.1906409263837,2,1,2,5.079745991523248
1311.808003874373,6,10,60,16.275949845599904
1473.035081016801,9,9,81,19.08620027611079
670.6178920033437,6,10,60,15.440903922287326
1258.5264909488244,4,4,16,5.609938712814883
1170.3389125166048,7,2,14,3.956283919104058
902.9405320378025,3,9,27,11.486388513223359
1438.4660010567063,5,4,20,10.549004582449063
380.6643217397639,1,4,4,3.8898431280359547
252.96989443347,10,6,60,16.24616402722675
1295.546753737591,3,8,24,9.681547952069854
714.8097432872477,8,5,40,13.85725117181194
1285.7563958898847,9,8,72,18.328979889064417
1350.3262872735809,9,1,9,7.1514260901635165
187.4406310667,10,4,40,9.70937888621916
1336.850668180485,2,1,2,1.870530036505896
727.646677517191,4,3,12,4.701511542379585
814.6054846059251,5,7,35,14.523036483637364
977.2295155304944,3,1,3,6.004494097582126
1396.9356494221215,1,5,5,7.006552985424625
126.76253220166964,6,1,6,2.7106968523467474
767.580855644944,10,6,60,15.258291641795635
1062.810859402785,2,9,18,11.595570170407402
1111.78974077752,9,3,27,10.207049548292721
1069.545404151951,1,6,6,6.92506753234431
288.2091811713706,9,4,36,9.445838051905378
519.1538237203538,7,6,42,11.39233348737707
602.2017355838188,10,2,20,9.1754076845599
1226.212090751307,2,4,8,4.749319355767822
490.2638213803742,6,7,42,12.402932407157309
394.98694941408445,8,6,48,11.739488040176802
1440.4272266533346,2,9,18,10.546127689954618
112.40859915885646,5,7,35,8.679322568906677
1496.9491979547695,6,1,6,8.722746226821243
1047.5498184003538,3,6,18,7.998736369133689
1259.8570192287639,2,3,6,6.381450874132304
512.4671548846704,6,8,48,13.193942953410765
120.04138873388396,3,1,3,1.2380272599264268
1133.0173259861422,2,10,20,10.727490697454119
1267.8024358009461,1,2,2,5.666307100694587
1136.6665847349268,8,3,24,7.30080278080111
299.990402221174,1,3,3,2.7465339109100526
1154.7990911597567,5,7,35,11.697462924480627
1176.4918949506973,6,8,48,14.867640365046118
1021.9567219380768,3,9,27,12.624685198999778
1172.5623059138206,7,7,49,15.819541162101492
1284.290015548825,2,8,16,10.503554034901494
959.0457599324418,7,6,42,13.112745898964858
224.04659955755068,2,2,4,1.7976630349621747
782.6789335340952,5,1,5,0.578166216937416
208.70906854024707,7,3,21,8.990402133110656
670.5602434454032,3,9,27,6.140921052822856
669.9490847758786,4,7,28,11.921252458211507
192.4137817963382,1,2,2,2.8962191018273833
588.348747557271,3,1,3,5.879527351049219
255.39733830784078,9,2,18,7.109361977041742
1231.5292940129111,10,3,30,11.913508718644607
1426.7632363502591,5,6,30,10.975635424926756
201.24306536111405,8,9,72,17.3161733034618
1437.161290208382,2,8,16,7.987221666771003
831.6072390714432,3,10,30,10.887083527885334
519.3919491354234,7,9,63,14.919020835779664
207.6069053866289,10,8,80,18.684549742887356
800.8739752985849,4,7,28,9.76327662882322
1212.3217622870482,9,6,54,15.594380407388774
1089.9210681733775,7,8,56,15.744397757119541
170.31641604956326,1,6,6,3.0135358496689704
202.06256951506492,4,2,8,4.443446471244715
664.022595685692,10,9,90,21.90041077762918
513.4066916671206,6,9,54,14.941221530996755
425.338052278467,6,3,18,5.138003437180169
493.406298472199,10,9,90,22.096812688314543
1224.8758406156385,6,2,12,5.704063083577353
1400.9192750845955,5,3,15,6.967689813084283
667.143772338593,3,6,18,7.471905847217961
1368.555402985496,2,4,8,7.862344090184568
550.0939817470347,3,8,24,6.988451524330301
767.0117808813083,9,1,9,4.501035083527079
416.4405969423996,3,6,18,3.8885386751536606
996.6664590461816,3,2,6,5.3526501770859465
1470.5735612447324,1,6,6,6.035233617174979
944.8903344607301,2,1,2,3.826399139653857
600.9397177589684,3,2,6,4.309241203381488
1006.9444243867397,2,9,18,10.095937804703063
272.08894985154257,8,6,48,12.546336657889006
1344.122712371558,6,8,48,13.824292252451794
804.3175310917709,7,7,49,14.206655313538473
729.0896388554988,1,9,9,7.330013434522961
920.2107038349269,6,9,54,14.817893195847601
974.6974079051635,2,4,8,5.485645379705472
200.48612871711822,6,7,42,9.283459124010985
1055.6641097127633,3,5,15,5.352590016373603
438.70435244174143,7,7,49,10.636748077955538
1099.5336855092257,3,4,12,6.931904595202964
1251.5487121378756,9,10,90,23.813044715601006
1225.5419105735284,3,1,3,2.0627156895868506
873.5013543710447,7,4,28,9.888673049162922
828.2378492350516,4,10,40,13.527217306417095
300.0263458751764,8,3,24,7.201095358908363
1185.4846105643899,2,9,18,11.67329261283749
479.9731326254001,8,5,40,9.174238970900113
795.3735919451252,9,4,36,10.724408542205486
497.9837300985234,8,8,64,11.827610015810588
287.3597081995704,6,5,30,9.393160177681786
981.3807756484312,10,3,30,9.56487366872863
176.06484875206536,1,2,2,0.0
1148.10332777668,7,8,56,16.887221521014347
544.6215133655633,1,2,2,2.2539490893475365
100.18857020627945,7,8,56,13.43991201520727
815.5807949321218,2,5,10,7.422319163458503
165.59267193864437,8,8,64,14.359341277849179
486.63738094925924,2,5,10,6.039203658555277
1089.7670824380025,3,1,3,5.113484275515277
187.7654702706122,3,2,6,2.131778741293205
1275.0738892984032,1,6,6,6.162850004325643
105.34789172201636,5,3,15,7.678810608312691
445.55341688266316,5,8,40,10.076419815199763
1137.2656786129,10,5,50,15.60692750929219
542.7782096210294,5,3,15,6.128723116816707
242.64934329241893,9,10,90,22.59132576836506
604.3274863205991,6,7,42,12.058053550921857
478.5506009383357,6,8,48,14.185730790544346
1279.796663024777,3,4,12,4.458815183936607
538.6870846192004,5,9,45,9.711125212444998
1204.5054604864101,10,6,60,15.23515253920456
1348.6210027350287,7,1,7,5.584923420808026
707.3443874071413,3,5,15,6.0334279300054625
1373.920401396149,2,5,10,8.486259424019917
628.24527554847,5,7,35,10.217007840103662
1449.7097830861514,3,7,21,9.785158886240666
225.0053343358021,5,6,30,9.059352106040821
1061.8269731045398,9,8,72,17.876401144895404
791.3396566397001,10,2,20,8.355220712701268
642.7083276379059,1,7,7,7.012158219072923
985.7966302480413,4,10,40,13.62038008435866
1085.3999282880636,10,7,70,19.36061089051979
106.10857751043272,5,4,20,6.8120476059690835
333.73432424607824,2,10,20,10.738154898446373
1098.2644708880462,2,2,4,2.61792873981192
1032.939579009489,1,4,4,8.316805239965419
1452.466507180148,8,4,32,13.199445820836665
1165.452906351096,2,6,12,8.898114680780706
1431.0817908238732,3,7,21,11.67709527732335
1083.5567021487298,2,3,6,6.421628883750163
517.2730920952204,4,10,40,10.29938170304769
247.51089115119908,1,1,1,0.0
1194.5534086829098,3,3,9,6.887921289142732
1001.8089100662822,5,9,45,14.719987327717842
167.4604173506147,10,1,10,6.563623798216924
604.0706522613697,1,8,8,5.978109380027926
1439.5197416780006,4,2,8,4.103109037877378
800.5616039942818,6,6,36,11.03593168891669
705.8207904275865,4,3,12,6.723687273049342
740.7794472230115,7,7,49,13.35180187180769
392.4358136072292,7,2,14,5.777736676873202
616.1900392107133,6,4,24,8.277459758515969
617.7385583820472,9,10,90,20.652466094781982
173.29702826246137,2,9,18,6.025730350456858
1174.5946799250855,10,6,60,19.91175257059822
683.1062046654306,8,4,32,12.504112475381046
1251.0518415429926,8,2,16,9.70731718811701
1290.4872015678536,10,10,100,25.20352104544118
396.79167657812127,4,9,36,9.48653244430878
1020.29487503818,6,4,24,10.37154300616909
761.1945258281744,6,9,54,16.695353416219742
1332.219433090079,5,2,10,5.947726160934029
402.03695084703577,1,7,7,3.3525229099962504
1048.938480434062,3,5,15,7.8882567753629935
950.8529711538116,7,8,56,17.20357798790832
513.4220686005659,8,8,64,15.266784922531755
291.24126511164167,2,4,8,4.775546981151841
1012.2956646681872,3,4,12,4.9634313943171815
1134.036441385263,4,8,32,9.763053793396578
541.87828126869,5,3,15,6.341056692697203
1002.7656456312393,3,7,21,7.6339497086608485
653.1832706561046,5,8,40,12.651495440732612
1098.4896365956647,8,8,64,14.973828940333798
378.9013848516743,8,10,80,17.872252397475354
1346.3010036906442,2,4,8,7.636259997689854
502.3734350518116,6,9,54,15.543519832719081
614.9003828586141,4,10,40,13.058361713808909
181.3287329124897,9,4,36,9.394434964604587
256.117097249787,10,8,80,18.732798845451512
822.2066637972594,2,6,12,6.107272253642687
474.6297474191601,8,5,40,14.849921455779757
1269.672316039072,1,4,4,5.51399774982886
120.57074411693537,6,5,30,7.391227804528893
630.7316681407107,10,1,10,6.040092604585497
572.2837654767297,1,7,7,2.773764992899765
127.05868328464145,2,8,16,3.598450098557011
274.11575860071434,3,9,27,11.292302520977843
679.0997448860894,9,3,27,9.718732271067662
790.0104182264253,5,9,45,12.752638516129773
666.0056461568167,10,10,100,23.292229572947686
843.3127497769314,10,5,50,14.030373936910411
933.1843448679541,2,10,20,9.56775384984501
113.89334957896989,10,6,60,16.349408244277413
749.7332232349054,5,1,5,4.9526223386511345
1448.8989372426236,5,9,45,14.133421598523825
826.6451921813682,1,9,9,4.279970028870157
1048.5591744425344,3,6,18,6.593651447177598
536.6094010836365,5,8,40,12.910903016221548
1183.5879294138676,9,4,36,14.410322296165472
1182.090074626561,10,5,50,13.547260733781952
829.8144667157945,1,5,5,3.165960893566699
1466.419352590899,8,7,56,15.884264538364478
275.77030066771476,1,7,7,7.378149891017149
123.72673084541339,9,7,63,15.419006482290463
1178.2214964599343,6,5,30,9.513049720563535
1230.0177523108355,1,4,4,4.418337504176685
268.29012076880673,8,8,64,14.944302047486646
471.8159661420485,5,1,5,4.649831870478954
124.57330871328047,7,1,7,6.729369220990282
510.63205509279055,7,6,42,12.017511889565428
1182.3986234861402,7,2,14,9.005429840102828
825.1447387976106,6,3,18,5.331187084398555
587.3338304356033,8,4,32,13.486176026233247
620.4350128688624,9,2,18,5.4322510059052345
101.89507600165541,2,10,20,9.621560403264844
519.7207385913302,7,7,49,13.797373600375833
1005.0422382931027,2,10,20,7.722927611256056
1463.8722213429,6,1,6,7.279422748188629
1285.8851577774592,2,3,6,5.228149293692956
133.03295050374078,10,2,20,5.698481346797884
1357.984846544775,6,9,54,16.23207052791001
1196.4777786180764,2,8,16,6.118170343809861
1192.5265729993725,1,3,3,3.6115161541597045
741.1940626050001,7,5,35,9.385738223861468
657.2074101363039,3,3,9,4.490830173601692
524.0820203664697,4,6,24,5.65199284700003
191.97280253611208,6,5,30,5.997482297858561
419.52950889117875,5,2,10,3.365418316142612
445.2450889692345,4,10,40,12.033028088334838
777.7078975942823,9,8,72,16.795535193306264
1146.4221692353715,6,6,36,12.58516341160504
763.3337597571252,6,3,18,8.279800073690533
180.98222922602486,2,1,2,0.395759422618138
1440.9057213834853,6,5,30,13.267515657853707
1419.8140467317571,7,2,14,7.385277433952056
1199.2653604077718,8,2,16,10.745830303410258
1487.8590621899089,8,9,72,19.386282058363786
862.275265920368,9,10,90,20.242096143635617
1447.8756903544886,10,7,70,21.0378884212969
205.8470568634511,3,6,18,4.849590100243066
611.9530475659199,10,1,10,7.830462496368943
415.53377520947214,7,10,70,17.612005926826736
374.166317787978,7,2,14,4.914503128075677
297.12412844974654,1,7,7,3.5916056664403255
971.3790981923953,8,3,24,9.013390219176596
1193.850598046227,4,2,8,6.60747381645794
909.6177591885049,5,6,30,10.159100631068618
305.74779342349353,6,8,48,15.030758373810901
1235.5732779068592,3,8,24,8.407490497525608
990.3365900292199,5,2,10,5.6357532692378545
643.4319885777937,10,6,60,17.33785417828325
1043.782413750488,5,5,25,7.531716233035527
463.866970939966,1,7,7,6.638129740483564
583.2690918918947,3,4,12,5.496232193611064
1384.4801803847863,3,2,6,5.534138024311162
506.70630793998856,1,10,10,6.304082911443938
757.9835754211113,7,3,21,6.152522287864076
1346.1975923544205,1,9,9,7.824181345459853
1090.8098903745386,7,10,70,17.947944074366124
187.08451663058383,4,8,32,11.860627658890563
306.2242619905585,9,9,81,19.82808244587563
110.97822708068355,7,5,35,9.623704652762287
983.2905063208287,5,5,25,11.19318973142654
726.7427955745857,7,7,49,13.619317298749147
287.98479126318574,9,7,63,16.580290506768108
1441.1077694794785,10,1,10,9.528533236790796
841.5236135238679,6,5,30,9.574647368974995
438.6506117580449,1,8,8,6.229713049229092
800.8449996165906,6,7,42,11.846653494265764
1051.4684658291508,1,2,2,5.222211526372579
206.7349051629903,4,8,32,9.57260452683554
484.5853410670488,8,2,16,8.62510052580679
1229.751687237591,5,10,50,15.757789093149118
743.5308185637257,5,1,5,7.955855197519306
865.2079988452128,10,3,30,9.369686330862715
705.942403093257,8,3,24,9.901437854785032
161.45991970020717,8,6,48,12.25819049525474
332.04969174821827,1,3,3,2.2764316464334087
723.7582942386473,5,7,35,8.150457825210486
392.85965157109894,5,8,40,11.594892185057633
169.97064012355023,8,3,24,6.078533327057112
1281.1095296725532,1,9,9,7.347687929438151
1473.6695408297621,7,1,7,5.094898440131623
1210.4000235954352,7,3,21,7.669060531220408
1295.298890386534,9,3,27,8.93158674705271
438.7679824438635,2,7,14,4.78400076538861
1444.8777657184796,3,5,15,5.653000372490964
375.69598623479976,4,4,16,6.515711688206771
1432.001734506565,1,2,2,4.2911495126905965
1492.7470115523315,7,7,49,16.297182166424506
1096.4119280444684,10,3,30,10.304985235844386
1473.6012245085506,3,7,21,8.807573064484453
897.3556913939451,3,10,30,11.06291228086883
463.3584964465265,3,7,21,8.829266743860474
711.7942399318692,8,2,16,7.473348291095704
930.9853095303004,9,7,63,16.831381470566193
202.31418683782098,10,6,60,15.801202962860886
971.2805704641445,2,10,20,9.55013562338633
1473.6489714672123,10,4,40,12.660008273148511
366.1507096972187,10,5,50,14.593611731384136
1209.6331628037367,1,8,8,5.246724131156738
1371.0583112914671,9,5,45,12.06158819500203
1421.1822299483092,6,3,18,8.504951154760723
1444.189846167626,9,2,18,9.217129764898978
830.0434942100608,6,6,36,11.60962136449806
1468.2310711881053,2,6,12,7.245041593552937
1160.2342899882144,1,7,7,8.500096531011652
326.34001073174664,8,8,64,13.604863941067338
767.660149055158,3,4,12,6.0377968298908264
1105.6636455208054,1,8,8,8.04929654002483
446.27644214671665,8,1,8,6.969080488355502
996.8612569684423,1,6,6,7.595214104928202
1033.2406706652669,8,6,48,12.422201026912381
327.77964133199225,1,3,3,3.1487666140058597
891.1194374338588,9,9,81,19.911171511250437
1180.2776753700507,9,5,45,13.782132508516955
798.4539303503187,9,1,9,7.7478028594864865
116.9443634865504,3,7,21,9.933783004698348
112.65385671100904,4,10,40,11.816673907168514
599.8410815580171,5,3,15,3.171090593693704
1396.6716958044947,6,10,60,15.090750002535248
420.14749144505225,9,10,90,20.97054544291689
988.109164420362,4,4,16,8.67256515740209
410.9062189706488,6,6,36,9.24365921308255
550.3379855233682,1,8,8,5.5139129436428735
1287.2589254420775,2,4,8,8.401380603714959
1120.4060191779256,8,9,72,18.446091947569784
233.5589882384949,4,8,32,12.296392570100743
700.1828293810071,10,10,100,22.754951121018447
140.83766910337025,7,10,70,18.238080685641393
773.2462052442125,4,6,24,8.861772708779144
1027.4076163814952,9,7,63,18.16976684365161
265.9036730374122,9,8,72,20.244768907424895
504.4389144728319,4,2,8,4.838383781199971
656.9712757030197,8,5,40,13.605552948088771
1387.3434345184696,6,7,42,12.33273973609686
1490.5570215921496,1,8,8,6.283972348240674
162.8758185938622,7,5,35,7.227101320446527
1165.4110928935488,1,3,3,2.697351976159141
620.4136929632805,3,6,18,9.516727363987112
649.441460721272,8,5,40,12.19607614409595
1155.9709626858319,9,8,72,18.610838812436086
1385.7970050035722,3,9,27,11.627886529321984
1431.3000323035678,1,9,9,9.132894896237858
907.971620453649,1,6,6,6.583702217483879
599.9696230207039,7,4,28,9.427805338876107
1202.568720202291,5,4,20,10.579213589437714
451.4019365672204,1,9,9,4.696661708737343
889.7036403669249,6,4,24,8.253408469993863
602.0098461348224,6,8,48,15.15941385457632
1019.2835031910265,4,9,36,13.67310296165848
436.5584780509097,7,5,35,10.779360267977195
368.23012402875605,7,6,42,10.72208510340421
1385.5347213456118,9,3,27,11.902420615426616
242.52515612935167,1,5,5,2.1713079706627445
808.3410708289043,5,5,25,10.63970549622111
409.1938961482125,10,2,20,9.900972141559274
154.50194865593443,3,10,30,8.844826275724863
150.42634560799695,7,6,42,14.983346656715305
345.3104809481583,4,9,36,9.394619097533774
1313.4784963084003,4,7,28,10.54341485594948
495.4702415678373,1,8,8,5.3704756236785265
1430.642838805414,1,2,2,4.105564531874728
914.2712101848709,10,9,90,24.065787101126958
711.2598656762725,2,3,6,4.7791149923747
912.1243685372365,2,10,20,8.177139840581807
823.3777393167749,1,5,5,4.860308965066483
1162.2867552602552,8,7,56,16.919392725610937
495.49449236199314,6,4,24,8.77222376370297
594.2705482404233,6,7,42,13.921814271238576
1351.732023546551,10,8,80,21.037548018050302
1425.0391184105677,10,10,100,26.04947280227922
1349.5815184810642,9,10,90,22.6856430205512
687.227191540239,5,4,20,6.504313330900877
1192.5117042096344,4,5,20,6.872971527619548
766.8700266215383,6,3,18,9.583469281921566
796.555793004543,8,5,40,9.729847699419803
386.55215268019754,1,8,8,5.854173202393203
927.5824245619231,7,3,21,8.91963038185666
360.5902568546871,8,5,40,9.650148605880187
564.1905786940713,9,10,90,22.67980696315531
1297.0422822679093,8,1,8,4.568366130857418
389.9061328951973,7,2,14,4.910285241013929
199.62159924280593,3,3,9,5.296278829694886
196.6106296579428,2,1,2,0.0
1417.0983287043512,3,9,27,12.609666535266774
809.6886131465685,4,9,36,13.493052155084825
673.1769005438257,4,5,20,9.156039469747961
1235.2300134110858,6,4,24,10.032024554816383
1270.1562990747225,7,5,35,10.63249167158169
565.0674463618465,4,4,16,4.844787295660116
1071.0652804633132,10,5,50,13.887070207199937
1179.5719421926412,6,7,42,8.660775249050277
1016.5109616123364,9,8,72,18.76784301310027
312.2331047201391,6,2,12,4.851781919405829
1326.2363169238797,3,4,12,7.066300895429997
854.7323738304121,1,8,8,6.049143920119189
495.46139691800516,10,7,70,17.55596331897576
695.3194596127715,10,9,90,21.609541335090476
152.59952655847033,5,5,25,5.365073807928973
279.01352171138456,10,6,60,15.377958791073837
1171.7654507222053,10,8,80,20.511897740615264
100.0162886575126,3,5,15,2.761310494187781
683.1921598752091,8,9,72,19.50862275944074
831.5142535198238,10,4,40,11.815587974762403
176.4881880013612,1,8,8,6.006421973499469
1462.309428161266,2,3,6,5.558184702881787
416.5754637495407,3,5,15,3.3128457955872603
525.8782074907932,3,8,24,9.127534524619179
525.5195171570383,8,10,80,20.195650184599607
422.5833269642899,5,7,35,12.1509838338036
102.06335092083599,8,1,8,5.582540753354403
1121.0827117231947,6,4,24,11.03964060775272
1453.5836997189995,2,2,4,6.011686479859006
414.01087659906307,4,2,8,3.290553537784899
1028.2660685247915,9,7,63,16.304490119396853
1138.654857742201,4,3,12,7.9607165374183015
1287.7955307267346,5,3,15,6.942994853893923
691.6808758190527,5,6,30,10.578115677038195
524.103267896601,10,6,60,18.012216743430088
555.4131876322435,8,1,8,4.183946527166796
1097.669866337918,6,1,6,6.387791848395766
1243.4912531078905,10,6,60,15.682428281387772
354.25955485924374,7,7,49,13.838123325126215
619.3174114208713,6,9,54,17.15917440851382
1362.7162754488102,5,4,20,10.833576539053224
1229.3709275726349,5,10,50,14.881089419624274
1478.8017638674662,3,6,18,11.31820313023448
1155.9475635549131,7,3,21,8.424762504282564
650.4732814390911,10,4,40,15.33365907423519
926.8929675924928,5,9,45,13.75241762807978
1025.4199559462484,7,1,7,6.595085049431446
209.83814284397351,2,5,10,5.468331470221023
862.2957427454111,9,7,63,15.033711796765985
1093.0491598616534,8,3,24,11.450497633479195
334.24982560148453,5,2,10,4.797815665640279
1192.88440439578,2,2,4,3.551920161800652
917.2818927197563,6,1,6,3.8076233544076103
1433.1104999766326,8,5,40,12.362181109155902
159.39121748964837,7,3,21,6.653354412912036
471.45659257765374,8,7,56,12.942106915356034
942.1754310197537,4,1,4,2.859773554429114
515.183877088303,3,9,27,6.988133243693124
1100.1938296997391,7,2,14,5.986455935589356
1162.6073955307033,2,8,16,10.57177893235724
243.52234969306423,5,10,50,15.288943764202104
819.3962498894748,7,4,28,9.943883039615299
812.4467778274783,1,6,6,8.38436505364055
616.9930783017575,4,9,36,13.256244976010212
1406.094807597541,2,7,14,8.964247864166127
1258.5088478225098,6,8,48,15.532274116781485
1076.0931346734915,1,7,7,6.435374325484817
1100.0572900289967,7,2,14,5.311078342254564
746.4026013383667,3,9,27,9.643044389344785
1389.3923295352063,1,1,1,0.0
1072.4335981545996,8,2,16,6.103299424431997
1120.573486318143,7,3,21,10.773129225185372
1306.3672653022834,2,3,6,5.42886807351714
483.7002250790674,7,10,70,15.968229635059304
1229.8992654133842,3,4,12,7.550347840956345
373.33684413908884,9,5,45,13.103221662082383
583.478733142843,8,6,48,15.480054753633217
569.8546359777797,5,1,5,6.457130519423515
1469.9356557447968,7,8,56,17.811706607197593
1299.1521132470975,3,6,18,6.326359195456442
1081.6378062263636,1,10,10,11.383816592690955
1117.8794662615462,1,9,9,9.515836416880887
886.9019121635995,2,5,10,7.147600741084533
1425.9269339519267,8,7,56,16.42684486262977
794.7622540353061,1,4,4,1.7647617617090208
632.7247938178523,5,6,30,8.825406876099818
328.2494717042274,9,6,54,13.780130399293142
1200.6879131654812,9,4,36,11.500021719366618
1128.221504905828,2,6,12,8.696627149429304
638.0970539337889,7,8,56,14.861412298016045
135.2707795429211,1,5,5,2.155542716393284
1274.596258805215,3,2,6,5.900280888627916
115.98517683570309,6,9,54,12.488135224112508
1085.1796914806714,9,4,36,9.422759888122897
1458.35995361648,10,4,40,14.280872241980799
712.7258594074849,2,7,14,6.816705394088516
428.9627669943339,7,10,70,17.693153780549665
1086.8194140607343,4,10,40,15.437992139215964
1243.9793988218191,2,6,12,7.664434793664319
865.0024425089863,3,4,12,6.883795770306532
1453.8493853586046,6,6,36,12.533435933114745
172.33621032114553,10,3,30,10.25963892859051
806.7138376263393,9,7,63,13.364983621480736
1105.8355262515702,8,6,48,13.05014457191418
1307.6966596088505,10,3,30,10.736149216856028
350.95785667090604,9,1,9,4.4327641493796754
1220.004874469154,4,10,40,12.452590206950697
873.7899060059634,4,5,20,7.824600918729694
655.1751547859485,9,10,90,21.30683115645928
284.401040010731,8,2,16,6.0450627331004805
1311.4140624724773,2,7,14,8.423515877937117
320.1824914516015,8,7,56,14.987050987415813
533.7030028927389,1,4,4,2.403469779449509
506.06374474741165,9,6,54,13.42861154440504
1319.979647867196,9,1,9,8.474052900543459
1041.7841918924573,8,2,16,6.270651641236965
1215.3539560679212,5,6,30,9.618795309504062
450.65505830949854,5,2,10,3.54186187125266
974.8237394497985,3,4,12,5.949822888642563
900.4443764012482,5,4,20,9.398092807133319
1265.9625275035796,4,10,40,14.517773211591669
1368.5218846737648,1,9,9,6.677647242882632
117.01948006834152,9,10,90,23.153888770924173
1043.6278866823097,10,7,70,17.343783996154414
172.5701187676206,4,7,28,6.1133057643251
868.4021311082982,3,1,3,6.2230883878914245
502.6858206611495,6,5,30,8.050093716305792
529.4872393309977,1,3,3,2.842619542039879
594.1419048332991,5,3,15,5.9373068484081974
969.8094286694542,7,6,42,13.612250063089112
567.6699519362769,2,4,8,1.7798770841770724
1125.7786708263925,10,8,80,20.000526745356574
666.3383398034175,9,4,36,10.482521027343846
195.69448043394206,6,8,48,14.711956647030341
1197.2637794777502,2,4,8,4.979189026938153
500.0616544297884,8,3,24,7.719014622580068
705.8736314389677,8,5,40,12.951986558139836
1059.621436510662,1,5,5,5.936342968401776
565.4386200081968,1,10,10,5.84481243363264
179.21991860540186,1,10,10,6.801048976108127
623.489465817939,4,1,4,2.3409111054478
1422.2280157720247,4,8,32,13.249305615896198
998.4281562179815,8,8,64,16.956521105852833
1040.0708081340897,1,8,8,4.895167867577267
985.1950150926958,10,10,100,20.75540907351545
378.5889945432115,3,4,12,4.493150631892213
685.6674097431921,1,9,9,5.445789476309907
1151.3157177086455,9,10,90,22.143200713160276
241.9220565744228,10,3,30,9.109975454040617
488.9938865255972,9,7,63,13.057367445746696
486.84675185219504,7,6,42,10.678884035568188
704.8264986323084,8,9,72,18.015601297164004
1472.5162373190592,1,4,4,5.59510249293857
194.5035653573507,5,4,20,7.68634953519625
826.181392132833,2,6,12,7.908180594895785
351.1105548170946,1,8,8,5.044243212203728
1458.9471635736418,3,3,9,6.14608022823114
258.62490661844987,7,8,56,13.496232327749853
665.0414033062277,1,8,8,7.013711866592837
1133.0389787684487,2,7,14,7.1893098502185
1086.3761992384234,2,7,14,6.222520482325077
691.8200916515052,4,5,20,5.089884762754129
585.1338351338055,3,2,6,2.3490088322805267
656.6573299740188,3,2,6,3.51450973061796
469.986768422095,10,10,100,24.409309960548853
387.4661141895197,5,8,40,11.543202272650891
776.255576582446,3,6,18,7.724236718560016
475.94725849465027,7,8,56,14.656954838735295
502.44633085615015,5,3,15,7.874618114923929
1019.4584888643799,4,1,4,5.000711938546678
1455.952264379849,3,6,18,8.889836588913898
945.0920807831251,4,2,8,4.192184890549505
207.77125389095278,2,9,18,5.424802133774978
205.81705939569378,1,5,5,5.9403138384365795
1431.9925091837924,3,5,15,9.219412087795323
516.207106430267,2,10,20,8.342317004442164
228.8937805154656,1,8,8,7.84872333210526
938.6624220105342,1,6,6,5.465883925644881
973.1082896063725,2,3,6,3.421096610602766
1007.9067481661634,9,9,81,22.29830587125065
474.3628390005578,5,10,50,12.027239545381416
121.15495790026505,9,4,36,9.340963871948427
1451.0215172362607,8,10,80,19.501057952564
451.2502639675435,6,4,24,6.703475608729823
1046.4368032735665,1,2,2,3.7926187503684035
1089.2818178301934,10,3,30,11.384349693147147
954.01038391128,5,4,20,6.354732297036421
538.0703518991074,1,7,7,7.939880946897619
479.5347552696921,7,3,21,4.275363377800925
936.7355957837843,10,8,80,20.267827510560817
1312.533887056368,8,8,64,18.05779536308589
1425.4272204927538,8,10,80,21.646078206925946
248.2681261652607,7,2,14,6.815529792152928
316.7600576368078,2,4,8,0.0
1422.6307622963116,5,8,40,12.384185879556915
1131.1493196687095,4,1,4,4.6892004369919835
1336.1913547616823,5,1,5,7.876997889463036
383.6856877894804,10,4,40,10.49464100232343
922.6202195531627,9,2,18,7.756635731242811
1081.595432184463,4,1,4,5.451378311509789
1052.1566396257617,8,8,64,15.489966952109132
671.4123672133774,8,2,16,6.976493094809363
121.55284836783187,2,4,8,3.485403515462158
916.0964795259683,6,3,18,6.6183584629986925
454.3421548514523,5,2,10,5.463245420572175
730.3559446000464,2,8,16,10.89608478496442
1440.6134211173442,10,3,30,11.841794503745508
658.6494446994086,4,9,36,8.164941141880208
1275.7222493301974,7,10,70,17.84476932081724
363.9568480489516,1,5,5,5.996877850230616
1041.4446972350404,9,9,81,20.173577902458742
1467.8097362145209,10,3,30,9.8762370420604
242.6503412221115,1,5,5,4.6671237696171906
111.64791911806881,5,10,50,12.265294809449166
707.0159096856601,7,6,42,12.266617114697494
229.67567627191409,8,9,72,15.561798176830159
1147.7380895467238,2,8,16,7.868386383838209
1380.3681293879824,4,2,8,5.91550696535422
707.6293617922623,2,2,4,3.2640730817291526
462.1962990176173,4,5,20,7.686364586863753
708.1646466092537,6,5,30,10.018139851656331
1112.8269449900013,6,5,30,8.997949786736937
112.67582621251937,2,4,8,6.1540771319905145
925.2355852785761,4,8,32,10.815315787217912
958.6083588423307,4,5,20,6.09140931429889
992.7635456543097,1,1,1,0.0
438.8309119732281,2,10,20,8.590435320424334
1099.6738127293775,3,5,15,5.959949118563835
227.94808086448697,5,1,5,3.9651038522697277
378.97847105352116,8,4,32,9.630496311304885
1328.4580653162748,6,1,6,11.664670596256425
1134.2124110171928,3,6,18,6.377130430509739
119.24377561588335,6,6,36,11.425017656509098
447.7267645177203,7,1,7,2.8110559994186053
400.16907619043036,6,8,48,14.246773377357739
479.1288592517616,10,4,40,13.692939864879117
446.583678391841,6,2,12,4.7765846872369435
187.53681403998405,1,1,1,0.13127169480026457
742.5167232355485,3,3,9,4.700160344163982
1125.8268647006312,7,7,49,13.38714535959519
949.424414604411,4,10,40,15.51477188064304
1042.0203360373116,4,10,40,12.987671304092718
213.6088499507348,7,8,56,14.786514705350113
1432.0869942475022,9,5,45,15.017505800425756
1273.8885673802347,2,7,14,9.386060104900395
1227.126445893928,9,2,18,7.976236814518029
1252.1773270584745,3,4,12,7.95543062426487
1405.7947113858659,6,6,36,14.363649266958046
861.9555525591768,4,5,20,7.6903942021129605
380.39482501467626,1,6,6,2.3612930457582997
963.4970509935577,9,2,18,10.179886306790891
1140.0340911351145,6,7,42,13.44052906959583
1133.0843506956355,8,8,64,17.472466631884796
830.0286338336322,2,9,18,9.575201011663761
195.84220706700927,7,6,42,13.335456616250777
619.5581138021789,6,7,42,11.806149193939476
1389.0732518487002,2,1,2,5.961608944831835
918.2284736603964,2,9,18,8.84461165204608
853.6647205579987,4,6,24,9.84303474355676
476.39492013507095,4,4,16,5.242377153723062
615.8284878832105,3,10,30,10.250919300430592
1353.484524814437,8,9,72,21.13398377875688
1033.04826653757,7,1,7,2.6695567412318835
1202.341837453266,2,2,4,5.455355028390629
736.0835922947172,3,3,9,5.491448693654683
982.3461072386211,10,1,10,9.35622657574548
447.7370522404905,9,2,18,8.604620927827824
1087.6451623968808,5,2,10,6.240571017445532
698.6418671846723,2,7,14,4.989524085367466
719.5637207406438,3,10,30,9.968255172173153
1009.0512544076344,8,6,48,13.677722229445209
1410.7928700564973,4,9,36,15.259622782549588
189.60888525206929,2,5,10,5.68036858043847
1254.6405322858107,2,9,18,8.21673084763784
509.3363545770704,6,10,60,16.422886368109715
721.4872363089289,8,9,72,17.55482394887307
130.67866028501254,7,2,14,4.292630918857696
521.4645089680382,4,9,36,12.185782575825858
803.6837396821827,2,3,6,4.090749718275767
178.64650828641462,9,3,27,6.5609008813109275
787.5340211364312,4,9,36,13.01546608086831
1397.9548804017982,9,7,63,17.97391225499883
247.5505053509273,5,8,40,10.64557016635076
1170.2170193057061,7,7,49,16.829139604958424
673.5394747263897,5,9,45,14.793265236658193
1017.2432003340732,2,8,16,8.416882878305548
464.3312371793211,6,4,24,5.360753963305081
323.2891675579016,7,2,14,7.312364484734552
324.647659979717,6,5,30,8.22416366312229
198.68872390040252,3,2,6,2.7605707684925767
359.9053868617402,10,4,40,10.865720289616178
1029.9071389845556,8,2,16,5.7163969994836386
1334.3668565809112,3,5,15,8.497492954051177
1239.7759598276266,5,6,30,9.615546554690125
1059.1880338242777,9,1,9,7.169406307910273
254.60460877554374,5,8,40,9.805099394097615
504.86242481432976,7,2,14,5.32821047085354
533.7296254514565,7,5,35,10.965134103747726
449.9397249566697,5,8,40,11.785217216053201
821.0079235936124,2,5,10,6.674572105534797
849.7753408315416,5,3,15,7.695381859193636
599.6403652395543,7,6,42,13.997773141241215
595.3048222310103,7,1,7,4.739492421877245
1259.977837068514,4,1,4,6.530424381150835
1205.00998764756,1,8,8,6.626412619271829
530.9141643530439,6,7,42,13.128621638303873
1379.303821422563,3,10,30,13.843953591588422
1433.9410238035084,5,10,50,17.547578398324866
557.4395588420572,4,3,12,3.1266646104455385
596.1949283102767,2,8,16,2.6749463721739897
807.8878147907424,7,8,56,16.148397141132445
1417.5691375471429,5,1,5,5.488911548321724
1326.8472063992363,7,10,70,19.674318546954098
243.59514761702573,9,7,63,15.574695443739559
649.8230405799827,4,2,8,3.990787137020379
874.7196656496806,5,2,10,6.408315238550626
804.385461572156,9,2,18,8.317185311663794
371.40829511164975,10,5,50,13.085610613336241
1302.3434796354165,4,7,28,10.848093766090757
1047.7170961955721,5,4,20,9.120777109632808
1273.071724792525,5,4,20,7.754873093376107
1302.269991089261,8,9,72,17.73696369340523
1147.6981951320356,4,10,40,11.804693145229145
714.8948417496043,4,9,36,10.866940994444349
954.7654570215943,7,7,49,16.386197392917964
324.51156856764044,5,10,50,13.848177254670835
1043.103584464871,6,4,24,8.06767727438432
350.95455803499306,6,8,48,13.205363289581243
1071.5294267142194,6,10,60,15.37662290381564
421.4374250555561,10,3,30,9.264123907051207
264.571820210308,5,3,15,4.863511385346267
331.39828620014043,5,7,35,8.227877822144636
102.78898930669837,9,9,81,20.295423780908674
1106.2354649949425,8,4,32,10.447530988212161
1125.3614686817307,4,4,16,7.393071214981414
820.9066898785633,7,1,7,6.237034423915648
325.9079214775372,8,1,8,5.179493046689104
216.97607251496567,9,3,27,8.499755921251406
126.7805530122018,5,7,35,9.44649386847474
332.047447751309,3,9,27,10.306381923147278
1347.1977489764054,4,4,16,7.883567916908846
438.1515783823545,10,2,20,7.892579830340481
595.9798581041019,6,6,36,12.461278717877128
247.48367827386645,10,6,60,16.649255048697
411.3058266474384,5,9,45,13.075692839752813
826.9143990922871,9,4,36,11.510745201673055
950.8537563339136,3,8,24,10.58543666682195
443.4932398326955,2,3,6,3.2095022972593794
180.82502291516408,6,2,12,4.388101247060044
647.4460167783581,7,9,63,16.350864185952812
427.8847192968678,5,6,30,7.728077014391563
407.3754925217227,1,8,8,9.058326984688833
1443.8079237988375,3,10,30,11.688066438581302
962.8206802960137,3,9,27,11.177088273516057
879.6298204409343,4,1,4,3.9338634157730703
682.0851449326507,10,1,10,7.296099847499766
700.522066802202,6,5,30,9.124952761882636
857.2670053733132,5,9,45,13.889748906533455
1075.0017298505502,1,7,7,5.024675166950979
1083.0045346545612,6,7,42,14.887309215352229
340.3714707876294,9,2,18,7.873082560397456
800.1578529072777,1,3,3,1.42576787574981
676.7413330477427,8,4,32,10.174689381472577
1318.737752777138,8,2,16,6.15175843934319
983.986489705727,3,10,30,10.16872906333444
845.5056929823745,9,9,81,21.52248862930074
261.55249905048436,8,5,40,7.194035931781708
947.8930450527761,3,7,21,10.313675101061676
264.0854679523268,10,9,90,21.196365275139634
572.0892057920529,5,5,25,8.273999944040467
299.9787507400646,3,6,18,7.91679619923408
1068.9031058341166,5,4,20,12.292010457094175
388.75295937061367,9,8,72,15.483662559336292
648.6031224632364,4,1,4,6.037475754694574
1353.9446886662902,6,1,6,7.257500278266374
386.0429367585584,3,5,15,4.864906168638738
810.9270895422908,3,10,30,11.809036774718649
686.9803256324308,5,9,45,11.555773236423853
125.37365746402162,8,2,16,5.111830487769449
1209.861359001938,8,3,24,6.4621666836295
196.6642688404396,3,8,24,6.070463046525441
763.957029367735,8,5,40,12.500461481002173
884.9496129145299,8,3,24,9.675232984881236
979.7970392604219,3,6,18,8.648321598515883
1064.084281031026,10,6,60,17.482438150512575
454.5813369318011,10,5,50,13.586841271776592
113.97028732182912,2,5,10,5.345473408921144
1112.8211272968767,10,6,60,18.235287874099456
849.91923908661,2,2,4,4.069445454761642
1270.5647844901482,9,6,54,15.089565923769017
1249.943708060972,7,2,14,7.281813383665893
1280.6566349030363,6,3,18,7.006939911907684
779.1325239713562,7,2,14,7.835356052168208
567.079754171612,8,1,8,2.725982452706794
1208.181483627918,1,1,1,3.027325029798118
731.8117582409569,8,9,72,19.1173267375328
356.8190749648083,3,4,12,3.483520136499645
1296.963627386064,3,5,15,5.646927370287406
1335.583827481286,6,10,60,14.051710047537943
752.8336585962381,4,7,28,9.279176406131976
205.97961823370247,4,2,8,1.8966946044018982
642.9565258837038,4,10,40,13.801038332212604
1224.9527232476446,10,9,90,20.222561855561608
1362.4836399647202,9,4,36,13.217978782375907
384.86183949663416,8,10,80,17.21666455726672
193.76305683538013,3,10,30,7.517870911227956
1328.290634385974,1,1,1,1.7013343953835105
645.1669145704254,1,8,8,7.603334104194202
858.4653499745885,1,4,4,2.4126915092326806
1455.2921368710624,4,7,28,12.823468276417303
193.19061907991198,6,3,18,6.390358752592361
1007.6452104329338,4,9,36,11.437727976061652
203.74759160481392,3,5,15,3.97909336820359
625.6564998531005,8,5,40,14.507959999429211
1225.3403632708255,8,3,24,8.76815400263393
706.8611258578882,6,9,54,14.037446996877673
1496.0552954641305,9,3,27,13.118860018252896
882.682998925243,10,2,20,11.007973182645621
549.6270136903349,1,9,9,6.13933377241881
408.1558562666544,8,9,72,19.392664137735558
590.7287480006265,6,10,60,15.06265887280765
621.5465832633711,1,4,4,7.11355177924105
196.19914881354538,4,4,16,3.6254974231602013
617.4038791974824,5,10,50,12.863700961607739
749.9339276349149,7,6,42,14.26897575807549
1111.8328531343266,8,9,72,18.589762749956094
1019.4212786102512,9,8,72,20.797087829437082
1092.271917320816,6,10,60,16.28525471905982
111.70915462759994,10,3,30,9.912313722822262
404.73435941275045,9,6,54,12.96998085292384
1026.358003759799,4,7,28,10.139101048358485
777.585115451646,8,6,48,11.634419573682102
107.43886593568432,3,3,9,3.5930870977132456
1226.2924994045513,4,9,36,11.335861693276499
1181.9334026064723,10,4,40,16.07269297522761
867.7868281909876,4,2,8,4.4545380098292044
193.04865608678097,6,9,54,12.089608256068257
1173.1210693456185,9,3,27,11.334004436137759
917.1990228239096,6,6,36,9.622572085257731
1194.7439680211428,1,5,5,6.754957947573224
1152.4457893541767,5,2,10,5.268033725976757
1224.202900740972,9,1,9,6.84182660714922
825.2112929664747,5,9,45,13.215812122967023
296.454325470921,6,3,18,5.912270960073641
1039.6204627315642,3,7,21,9.022592428660834
968.6632990727588,8,9,72,17.742495311570416
1139.154462078722,10,9,90,20.74029003777885
337.83340847102943,4,10,40,11.933924976622677
372.9652798604049,4,6,24,7.349313815972949
1346.57332410706,5,8,40,11.474704585021204
1149.968917832899,10,9,90,23.321346736144875
1371.519884180452,9,3,27,10.668524127418214
1162.201449629489,8,6,48,12.694382585380279
936.0174283864226,7,5,35,10.865456492122696
1015.7858318390231,5,7,35,11.364748036782276
1344.779093516014,9,7,63,16.093383493616667
910.3294563167167,9,9,81,25.01428484003678
985.3478540597424,10,1,10,6.859012942972145
319.0674024050408,10,6,60,14.708255708376223
763.4897081625438,2,5,10,9.282302476948232
1102.9559567413385,4,4,16,8.090790336983257
479.31977764291156,8,10,80,21.17175617563645
383.1558527343489,1,1,1,1.7577597424004356
539.3575315141818,5,4,20,7.275066608783829
438.1008791899668,8,10,80,17.993248662625927
400.8776918509542,2,7,14,7.305084521250487
694.7911800153217,2,4,8,7.562622920977483
1370.9739194369477,8,1,8,9.107603024991294
809.8835054342056,10,10,100,21.80388473638726
363.0885331414522,9,1,9,7.965518850354481
207.7603371332237,7,1,7,2.724456575337263
1074.6186031930952,8,10,80,19.138302717264263
635.918270210943,5,5,25,7.1930418067962805
1250.563325219503,1,7,7,6.064587158212614
1023.3150760970783,4,9,36,9.347618051483135
1214.738030757916,2,8,16,8.708592337872966
480.7244551858282,3,2,6,3.172110488614585
1069.3024914454813,3,9,27,10.750882341832344
469.6867785712063,9,4,36,9.895374414798814
1414.6958712304083,10,10,100,22.441399263021502
990.9239941467241,4,5,20,7.79121140775185
554.316520245479,2,5,10,7.039239141284851
477.3166072091817,3,4,12,3.739375058576782
367.29721910030094,3,6,18,5.418656611394008
1072.4973424512189,7,1,7,6.377313191389099
406.2018581970982,8,2,16,4.555368015449934
933.4245722984847,6,4,24,9.205566961305637
470.48903769550026,4,4,16,6.807040232081433
1026.756522711416,6,8,48,13.408978125376084
1240.9156199567549,1,9,9,6.607208260912514
1189.2353404025143,10,4,40,10.864898350980347
1165.1918633030944,8,6,48,13.143791170444555
362.8113679691529,1,4,4,4.0772745839630655
223.73892577832618,5,4,20,7.8048610694112
1078.5283598823398,2,9,18,9.152565862750118
615.6860993120919,6,4,24,7.309692809208491
705.2847169646863,9,6,54,14.720534200629332
143.60872991074748,5,9,45,10.909732082144346
463.40702898506885,4,3,12,5.395456259596773
147.14696542424963,2,7,14,6.914587075778494
1330.8600816417468,3,7,21,8.813688247167295
440.75535650594264,6,1,6,2.7768669571586635
880.2720374022113,8,2,16,6.62896754261546
154.57104892558257,8,5,40,12.340408759254302
1033.5863478279211,5,8,40,16.954167623498783
552.2382840557314,5,6,30,10.477351923687307
1357.086861740732,10,7,70,18.9044380264294
1343.3654645076501,3,3,9,4.676465977022731
555.4068657064469,7,6,42,10.357461990528847
1361.345253966655,6,9,54,16.864171515384598
1494.6207428982902,1,3,3,3.769538820345092
1255.5819297735272,4,6,24,11.244890000390816
1282.8198868573206,6,7,42,12.560671660615762
448.61223055272586,6,5,30,11.33182044882276
907.3833584008588,3,10,30,10.600775029489746
194.158279554315,6,8,48,14.288477554157495
232.8851115503376,10,8,80,19.675297114467426
1498.4496568466068,6,6,36,13.867299515481724
557.2949491962753,9,7,63,15.96178961394975
1147.457476868385,9,3,27,9.248580647056592
1229.3310742375431,2,7,14,9.472919660750748
1301.232579410121,4,7,28,13.492177087601858
1496.6796163630192,9,4,36,11.189800857687617
438.095079359615,4,10,40,12.789513795031
156.49115760357958,8,4,32,9.820613354774835
675.6681251924203,10,3,30,10.300040206261034
282.1129377605257,3,10,30,12.11091783126582
131.39624482687717,3,7,21,5.949465673245166
604.5975579980806,9,5,45,14.306743050676024
1197.233551505331,10,3,30,10.678431401632896
892.6529677150992,8,6,48,10.280610919066762
537.8891848944957,1,6,6,2.489600413033116
1016.0788076898076,10,6,60,16.485692557996394
424.825452432335,2,2,4,4.679774320143496
120.13402450091903,3,10,30,11.262247556557995
1170.0947410109984,2,7,14,7.998246220838546
973.2403188096127,3,7,21,7.078536555097136
1167.2236743013439,8,10,80,18.92304953112492
154.51322336273185,6,4,24,7.939825230766864
1271.967478962913,7,6,42,13.2805242359211
967.3366800508246,10,4,40,13.9911148447106
888.7534909976962,10,4,40,11.879397105876077
974.4596673603443,6,6,36,10.390986055657851
1310.2065456157097,1,9,9,7.4531078952159815
921.7111091824698,3,7,21,8.673794965348938
913.330531843451,1,2,2,0.17755371753499993
1486.950819892072,10,6,60,18.083297758721503
1159.4222338959953,9,5,45,13.982896011072691
719.2113276315894,9,6,54,16.058970136762746
1090.355800046099,5,8,40,14.050717093731448
644.9226603685039,4,8,32,12.11478504425344
420.4256474768986,9,3,27,11.311898762715254
935.5926276428632,9,9,81,20.530524197283818
1399.454937359532,3,6,18,5.488936588000939
1400.795328021648,5,7,35,13.643452966772632
578.6673893476864,3,9,27,11.506044944607638
838.7484527103729,10,7,70,17.63638008583438
396.29025799780567,2,10,20,5.367759154660344
1493.883553298437,1,9,9,9.797548705572023
1473.56507101511,10,1,10,7.81811248571488
1009.3125015904262,2,1,2,1.316732012098504
1226.1796835484627,8,3,24,9.251166176275298
1101.14022579718,8,9,72,18.994912742571028
930.4215066552555,3,1,3,3.209150298154486
174.68719578445678,7,1,7,3.141113667154938
736.6700795737255,7,5,35,12.251256633831968
1044.7008230343747,2,8,16,10.316119907353459
1048.5442594371584,9,2,18,11.194985610507247
622.371665791337,3,4,12,4.039154634817915
1418.3687813212427,2,6,12,9.587908773785468
334.2998451314934,3,1,3,2.704946506194583
800.5032247017848,2,4,8,5.564691463762239
1067.237567171152,8,4,32,12.756088164889874
1075.990128248533,5,9,45,13.92713759408525
1008.0945394763418,3,9,27,10.292406078624923
485.4034988326042,5,6,30,8.330508785672334
318.68919616127073,8,8,64,14.087435387429625
990.3164575573952,7,10,70,17.63200137157077
939.0229625952128,6,4,24,9.134695831135184
351.09841440493733,1,10,10,6.426759194926367
1087.1948037987886,10,8,80,19.803463040206413
737.240788427119,1,3,3,2.899845068392143
1034.8648282444142,1,2,2,5.046745259381455
1272.3139116782108,10,6,60,17.208079340459395
337.61980000769245,8,5,40,9.58516790113897
126.80281519557136,8,8,64,15.540456836265873
1190.7436209541015,7,1,7,6.855631704839563
953.5763952136623,6,10,60,18.14181954653833
1079.4953974709704,4,3,12,7.205200233920835
1273.4169649840996,1,7,7,7.969634119965045
1223.9353087543006,9,10,90,23.406959920056188
1445.2882057003544,1,4,4,2.3802556570924343
850.3091103929655,4,10,40,12.660194449182487
783.8938857238675,3,5,15,6.58240009912317
662.6420798470222,7,8,56,18.084329192113135
315.1674599818864,5,1,5,4.419400647653062
901.6501260348314,5,1,5,4.016879513524924
487.8175340563703,4,7,28,8.016578676469654
1389.8305170981657,1,9,9,7.513597778143168
916.4671259879366,5,4,20,6.720343635970116
929.9762527113543,4,8,32,14.329717857239832
596.894525227814,10,10,100,23.170886294297226
172.7850927687905,8,7,56,15.182815333102432
144.44127152218408,2,2,4,3.0618868320435606
692.6692018144765,8,5,40,12.771339939210279
218.39152933613298,1,9,9,4.3658140015507705
949.5857377561948,4,9,36,14.105081858941983
1333.3622078955204,3,3,9,5.98424346037385
1336.080743126211,5,3,15,9.872763218477706
1022.6635741851253,5,2,10,6.483830050164377
395.7245640621034,5,7,35,12.972419315743657
1308.1955639024209,4,6,24,10.716867683588958
1340.5308094384914,8,5,40,12.80264457792356
375.3150189341422,3,7,21,9.709066853900216
1132.3965200789482,4,4,16,7.672258487944318
501.1273684979721,1,5,5,4.859380394695236
1223.6964372941015,7,9,63,17.73127137291397
1496.1330598650438,1,9,9,7.430861809737004
142.03640746114993,2,4,8,3.4449387627499077
1356.3122121073047,7,6,42,14.58010048986864
971.6827470381213,1,2,2,4.801614658331038
1462.7356668307496,3,3,9,3.3460178278262127
751.0133245369987,6,9,54,15.48249855807112
1286.3431027999231,6,6,36,12.055835035176132
187.3516960375881,6,8,48,10.519485994970577
569.390670109614,2,5,10,6.525048016701866
193.82315285169398,2,2,4,5.0976096804125675
1465.4803868706988,6,7,42,16.053469114838087
1243.7634701805714,10,6,60,13.387594785003632
1293.5663897443587,5,2,10,6.873927109434022
1413.1513240074519,7,6,42,12.651807060827249
219.1448805676995,7,8,56,13.465944614684197
639.8366295186667,5,1,5,3.551402995432039
199.44884466160298,8,4,32,5.864936292524297
395.11034217004004,10,1,10,2.6028958963703737
421.1120878527413,6,2,12,5.370017297308566
756.7500954666102,5,1,5,4.535053616670877
475.98703443509964,4,6,24,7.858913480169981
241.36934954486554,7,6,42,9.409655565233162
334.4875247317508,4,1,4,2.2628800555391435
306.1857889729273,5,4,20,8.880531755476913
1462.3075170772177,5,4,20,8.480471176838352
1163.0095096858631,1,8,8,6.271824870306574
1454.8660513773868,1,6,6,8.365035875169966
715.636681111072,3,2,6,3.707654203722287
489.71587432771923,3,5,15,7.150081387396593
1217.6104760928613,2,4,8,6.526500570269383
556.7554852576054,2,10,20,7.37513982277571
519.1367231874876,6,4,24,6.552215517102299
425.50838909096365,1,8,8,3.5291519696283484
281.55056951392953,6,5,30,7.348562502805461
459.04828542347235,5,3,15,7.108583314588595
597.4476478634429,6,10,60,14.762195846746145
1043.5918914040226,5,4,20,7.98031969384004
187.5907791072322,7,1,7,3.502697612754747
394.70971553148013,1,6,6,4.958813827209434
1232.633096408347,3,10,30,9.81816962937577
305.69069301727905,6,4,24,9.258458983602887
579.7032051315301,1,6,6,6.913707935160447
1310.5224906013962,7,2,14,7.583314430613065
316.8954356008197,4,5,20,3.474360996552767
215.83156986546584,3,9,27,7.693021647861473
778.3531931120151,10,8,80,20.23072226434161
523.3873157899509,9,3,27,9.554994270620714
888.7717102773958,1,1,1,2.2408769708674776
1225.3268466768652,8,10,80,22.50157861935496
292.00788341384043,1,3,3,1.6696564812343166
912.9787183759989,5,8,40,14.002117604975032
807.7122645458095,10,3,30,10.316931193313936
301.7103004184794,8,5,40,10.154293125063841
973.5978797405754,6,2,12,7.444550132030637
483.0965850050803,7,1,7,4.450323234195287
782.9680459616175,8,10,80,21.29714804523023
215.18125398788663,6,5,30,13.089919889936217
743.4176800990723,6,5,30,8.385852415265521
529.0488552599484,6,6,36,11.979284764513476
1251.333695659496,5,2,10,7.2595944753131905
179.7702177963156,8,9,72,19.82850598860699
686.0501848856619,2,2,4,4.743321929253798
741.8039937840132,7,2,14,8.843014618402357
1115.0085068187664,4,5,20,6.954347080639847
904.0026051262954,1,9,9,5.144634315771199
1034.0972720718535,5,4,20,6.7572605384562845
1187.8689999124585,3,6,18,8.1404706751834
1307.0841631214644,4,2,8,7.887939504812714
539.4256954114587,7,4,28,11.38747082431102
853.2317875094641,5,9,45,13.00922854591071
1276.1513098148798,4,2,8,5.583960965105809
1485.231583351079,1,1,1,2.0625215816678186
1345.3270354612685,6,4,24,9.799805781953935
620.0541676741275,10,4,40,11.54279308274333
373.2331241061106,6,1,6,3.553473812013509
785.1495523692242,7,4,28,11.241389519744976
1138.298032570459,1,3,3,4.833810054157418
789.5966990546166,4,2,8,2.818048757159099
776.4532086391359,9,10,90,17.9276041041374
1273.5225895145209,10,4,40,13.97500489651254
605.965290694061,6,8,48,13.760490030126816
1303.712544736304,2,7,14,8.673901010637943
669.526721332413,4,9,36,11.887808198347702
559.5263479496753,6,8,48,11.602214207064678
735.5858756795786,4,1,4,3.3865109621943716
1167.4257421448158,10,2,20,8.676381517173924
276.40283900959196,7,2,14,5.430907595808257
374.98690222082433,3,8,24,9.767513159854008
1432.0227559283287,6,4,24,8.997952714481205
345.6882783339003,4,9,36,9.157380225995052
894.8182451034764,3,2,6,6.399557442205684
911.040253326713,3,4,12,5.026687965326431
785.4742468703427,2,1,2,4.599599326094549
1002.643348007546,3,3,9,8.682479245726832
421.7574161166658,10,6,60,17.50416038287859
873.7271748874475,1,9,9,7.994195664884056
621.0425573456561,3,1,3,2.6948116046502535
1026.3341634808646,9,5,45,14.872289736205486
297.7129607224092,4,2,8,3.761061095702476
899.2283835752668,3,7,21,10.77159546117936
359.3784975366532,8,4,32,10.476561111756965
490.10028836105096,1,5,5,4.5976871176401035
406.1937204530165,5,8,40,11.586275756130098
355.9728918163439,1,2,2,1.3707053801045714
1255.9953321849339,7,3,21,8.958601944147816
499.99059472524647,5,5,25,8.689217444339697
1397.973294610229,2,10,20,10.010528645467199
1457.8971354832672,1,4,4,5.862814679363208
899.7646579119363,7,5,35,12.627939467313999
300.201571732017,1,3,3,2.966759098261152
624.3675407314138,3,9,27,8.997120922282864
1216.8251686874996,6,8,48,10.500177328524854
614.3470201758986,6,6,36,12.649333695390176
221.82410562390425,7,1,7,3.82778212013555
879.4988752994631,1,4,4,4.55969290530681
1283.1691920944486,7,7,49,15.633827595885142
1214.2969420009033,2,10,20,10.846466031330628
345.17239618249454,6,5,30,10.127017527057813
1041.8704601774534,8,4,32,12.39698864881431
408.7059688099059,5,9,45,13.800722192933332
405.4905483730411,10,8,80,14.335432620719766
1323.7004826272591,3,3,9,6.6868706070122474
449.53653383632223,8,6,48,13.281566273425744
468.54628512521566,8,4,32,9.357891061348157
100.91474706581937,4,7,28,9.121125790692735
1318.9366477757246,8,1,8,6.668250030536832
1209.6327384927886,5,1,5,4.217328729803851
978.2605091269492,5,6,30,12.211642697335396
1150.372069514379,3,10,30,12.222426190370376
312.86799439428853,7,7,49,13.134477193762173
741.6530324226056,9,9,81,16.807992224908183
591.7071422882932,9,7,63,19.326362615048843
231.28713675982308,1,9,9,2.916086858233345
780.5826793008937,1,10,10,8.147471143976713
1389.0355104796895,10,9,90,23.947530561652112
156.08276667097226,5,8,40,13.47879267942676
508.04527889131145,1,7,7,3.7235934660587344
390.55731068798485,4,3,12,3.767956817067395
433.4053151319748,1,3,3,4.017375529331889
1371.8083726311254,2,5,10,7.820010241857939
755.2966759280062,2,7,14,9.56329189236591
752.8191781157464,4,10,40,14.336755370101114
1164.8058994373953,8,7,56,15.422004143489149
316.28908560689615,2,1,2,1.765994947750816
782.1714957400711,9,8,72,19.048875280185314
701.9792997694836,9,1,9,3.561274890716988
935.6749667653186,2,4,8,6.112982115722368
1499.380784550614,1,2,2,5.348902216825649
1177.228451714866,10,5,50,13.639373453879415
657.011984224398,10,6,60,15.394546601271557
1258.5742731836658,9,4,36,9.24412364986977
338.99170863747224,2,4,8,5.471320444888679
142.64916083254417,8,7,56,14.51223147649019
386.22772144998225,3,4,12,3.1125816930780594
576.5761785599635,1,2,2,0.9630641489306491
814.8130604433838,1,4,4,3.477731026623342
961.1807967576798,10,7,70,19.496300282215547
1374.8480041001903,2,1,2,4.806499847564855
813.7956133706407,7,4,28,8.294243996968387
801.7859024760211,6,6,36,10.313660256122056
170.34021375217498,2,8,16,6.619575386304854
148.87617371871335,4,8,32,8.296751105957496
871.6239466829209,2,9,18,7.86257769458109
713.4500585476823,1,5,5,5.514703614018978
1274.8525529724182,3,2,6,3.3094724061911878
324.95141859658327,4,3,12,4.636352137703049
134.96032696386942,10,2,20,6.744773018430975
728.6542751021763,5,9,45,13.243025068504544
432.4699794531605,5,6,30,9.661256648883917
169.46012267437243,7,1,7,4.810804130939592
1114.4376015866806,10,3,30,12.105203462430087
256.23019994014646,8,7,56,13.596545273516943
951.6473000108804,9,7,63,16.62614783812282
493.4696502336448,7,5,35,10.863373793382026
342.89447049703085,5,3,15,5.9060000820551855
631.6521320870445,9,7,63,17.069363919887063
1222.0240867121352,8,5,40,13.518586860603344
648.9310076664018,10,6,60,14.462052868883577
1151.077508895478,9,3,27,13.06382516164636
275.68081551881096,10,6,60,14.956876678980272
1181.8799875311108,8,7,56,17.013315835768566
431.7066548693081,6,8,48,13.979294703406705
1048.350381844422,4,2,8,5.704588914701639
892.0941767773949,9,2,18,8.377692897362593
1400.8026040963623,9,6,54,17.39260471012236
642.2515251654396,10,8,80,19.17206687768202
192.63126436821662,10,5,50,14.048666521792253
126.81767977175406,9,1,9,5.457270907884619
1257.6019853618543,10,1,10,9.17888980960495
834.629892726005,3,10,30,10.324653773851946
1185.341672568929,3,9,27,11.047145641684207
428.19584001612054,6,4,24,6.573516588997348
583.1172437185272,6,10,60,17.630893059475476
142.14542109584653,6,1,6,2.2754027554656315
1446.089254403757,5,8,40,14.090253072455068
1035.0150693811388,5,2,10,5.189493622845328
1406.4871228630286,2,2,4,6.5247515802216505
471.69497040070127,7,1,7,4.405593294831785
956.0490557159252,4,1,4,5.08880796601238
1049.8999556096928,3,9,27,9.024041413847312
544.5695803606238,8,1,8,4.142333360385175
1287.3529290218821,4,6,24,10.68526804612958
1426.026048060347,4,7,28,12.98848099912476
1338.7971647744062,8,4,32,12.266703078060258
1134.6937663151216,1,5,5,8.893864758274425
488.45055161493565,9,4,36,11.864121011116959
494.26245894788445,7,4,28,8.912555138990433
1448.704448624453,2,10,20,10.015911795393828
114.39829430996883,6,1,6,6.054399184133786
1102.4699625390022,8,6,48,15.416111493124745
1088.744627577367,5,10,50,14.404348033565265
971.7653573297164,6,10,60,15.755200044582642
1486.152384521612,10,7,70,18.27669659739705
536.6312100692153,8,7,56,15.440139897565466
575.9606093105474,6,8,48,11.074697961171351
210.51516412517776,9,7,63,14.604617964744474
719.9173911612324,9,6,54,15.086125303136033
465.4679367287873,9,8,72,17.672353912445676
580.7413830487019,6,3,18,6.178992648625978
1268.4005063578788,9,9,81,22.029038072576338
1409.678318938494,3,3,9,7.303918068111482
360.0263008072599,5,4,20,6.495355398984847
621.5125041748522,2,10,20,8.045884684488113
1400.0827869615516,8,6,48,16.097030929901727
186.53184496491167,4,8,32,9.33498122551959
229.3047393559299,6,3,18,6.17968187753572
327.90738488872114,6,10,60,16.630084821110664
933.2979677776246,5,6,30,8.616522170280032
310.6611794083965,1,5,5,2.893945089358816
1455.306934031027,7,5,35,11.869235391934081
725.4003381619285,10,5,50,16.81152282641772
802.125144490233,8,9,72,16.525340690162476
445.3220621275691,1,7,7,5.100314297521048
759.344353408627,10,9,90,20.28881512535618
1026.679085691816,7,9,63,20.667183484562393
1151.6479917356598,4,6,24,9.903521474598008
1155.415315793878,6,6,36,10.481139055997186
909.0475577717236,9,4,36,9.049127540414194
1366.1036849914,5,8,40,14.350221223347484
1244.3709862285532,8,2,16,8.378421934339944
1159.8673605780757,5,5,25,10.523326023853029
177.84773035264487,2,1,2,0.14582781127543498
109.62914710750904,4,10,40,14.221681669241477
397.42618807366216,2,2,4,2.9177003756552042
1028.933031478833,7,1,7,6.244468244624532
675.6764844355641,7,6,42,13.087237759028962
663.3687630190365,3,2,6,4.08075512337383
1338.4216435214591,7,4,28,12.535174254596004
1353.7879873845743,1,5,5,4.962675248640916
1372.84536967502,1,7,7,8.429175575528411
539.4293071210382,9,10,90,23.278571467572853
1067.4781378349664,6,1,6,6.789915013417218
480.2864537841175,5,5,25,10.362091610021801
366.8537663042297,6,4,24,6.6381752411378585
358.48544028631693,6,7,42,12.361934770938213
578.9506692090316,1,10,10,7.584031305788525
701.9406676917504,5,7,35,11.06623132732614
1263.3288394770957,9,8,72,20.16704808279587
267.84753086179694,4,4,16,7.546224841973048
1128.8961863528518,3,4,12,5.474252081014484
844.0368798650275,1,10,10,5.677417031226172
503.1234797463895,2,5,10,4.798725230354987
789.9474183459545,3,5,15,3.003173617241142
519.9188976878318,4,3,12,5.135771727775561
934.5147373336284,7,5,35,13.363510820598687
707.3814919973419,6,5,30,7.5795704184502775
330.1677407104302,8,8,64,15.233806669423892
263.2163043779754,9,7,63,13.771361600668618
865.3739549009822,6,8,48,14.525815471454697
1363.3782466005448,7,5,35,13.032006681241521
581.5407611807598,4,2,8,4.395220465635253
1126.2001501116724,2,8,16,7.425132847895667
1022.1258969156737,9,9,81,20.779654588641034
1404.1768800332734,9,2,18,10.864247509023285
1249.3734242187973,4,1,4,6.033271819938991
893.2473624676481,3,6,18,7.176192556913677
1019.8426975277503,10,3,30,10.253421756520062
1357.7410532176489,6,1,6,5.287903968933829
659.3262984217087,3,6,18,8.054292209859339
557.5125882008883,1,8,8,3.742237733214372
115.13551708927487,4,9,36,11.24430412857157
1257.17150386805,1,6,6,5.302236073748349
1221.3729805647108,2,6,12,6.845320255325031
246.23632534021195,3,1,3,1.1464555347340433
907.6003335857804,8,5,40,13.312114319860413
749.5743774336423,10,3,30,9.310062059299336
266.1927337127561,4,7,28,7.2933216594079555
1472.795517885013,4,9,36,12.276878378795892
400.5742424486976,10,6,60,13.577949315928915
194.1278521267856,9,5,45,13.130796124476838
932.7863313026734,7,7,49,12.461428029763612
1134.4133479862458,2,9,18,9.10394274475197
145.42082446606173,3,5,15,4.464888108582152
1022.204694217831,4,5,20,10.597224923267609
845.2086263320363,4,10,40,13.524849452568011
244.57101242506778,10,4,40,10.14529910696324
341.5334277249069,8,5,40,11.340381761558435
895.1640162425127,10,7,70,16.726250994504493
514.9006589186038,10,3,30,10.737016134530494
1413.6420201118426,6,4,24,10.078847952412357
1246.236321277671,3,9,27,11.67094286441735
1476.9940891191281,9,2,18,7.723576892967003
463.5391745305796,10,8,80,17.051314522732863
1457.6130859171678,8,9,72,17.219943252568164
703.7274177081811,9,5,45,10.475807642839053
586.5263134392565,5,7,35,10.73938128273072
170.48933775709455,3,6,18,9.223704190533542
173.87136100344367,4,1,4,1.9488646800333038
1068.8157583253164,5,8,40,11.969500777692645
741.100592207639,9,9,81,19.850819382229812
417.13027645054797,9,10,90,19.85494929898656
959.5584288553257,3,1,3,1.746411588190071
454.00136555015564,7,8,56,13.626164160426528
908.6844560821917,6,3,18,7.176932783839832
602.8922457757665,4,6,24,11.194889842005743
1252.9731172565466,5,10,50,14.773183727854367
1248.974625073491,10,8,80,20.990119406577204
768.2905573713618,2,5,10,3.578670613367811
591.1467530690218,7,8,56,15.923101869412056
607.5837151827324,4,7,28,8.306219642547983
1228.000335935505,2,7,14,6.261926363877944
559.4512759166569,6,7,42,10.476763892818898
392.6831231895844,2,9,18,6.7224824010581
218.56367862542956,10,6,60,13.102933872139896
753.3703692381717,2,6,12,6.743667230582964
774.9849384877787,7,9,63,15.073447830441895
1277.27219456407,1,6,6,7.123326874644601
409.73417502448956,7,7,49,12.306538562210125
633.3877831357598,10,7,70,16.19132968419122
1231.7680344511673,5,2,10,5.2386390520791855
1253.073055048563,1,8,8,5.682729561813385
638.4555063702754,6,6,36,10.909287810236803
742.7736326013533,7,4,28,8.567723471608172
524.600247188996,1,7,7,6.866267150125326
1405.5768297870368,9,8,72,16.053199303061888
266.1012720382124,7,1,7,5.834377869304925
1407.249192202058,1,10,10,7.6055364683020334
1057.4130325694805,3,4,12,8.815443178994936
844.2010137614237,5,4,20,7.969134011972723
145.72268509829422,4,10,40,13.290993578442365
765.8346685508117,2,9,18,8.317483430785854
670.8473470038252,1,6,6,4.735342381409142
325.7063367651716,4,4,16,4.428111350588179
1018.9734449009197,7,1,7,5.450741824819851
1459.6112703156002,4,8,32,10.619474794805473
887.0643354903351,9,9,81,20.505085217062064
1100.654587021524,8,5,40,12.843315456591391
195.8306335924235,8,5,40,10.607697037707846
684.7337941437926,5,10,50,16.22493238088529
262.9018792302942,1,8,8,5.972207710692436
957.9141697511145,9,8,72,17.23562520375931
1413.8750214998165,2,5,10,7.7802975246801065
1026.4888254602938,6,4,24,10.48102661132163
207.52426764019015,10,6,60,11.22308123676466
596.532686979116,5,10,50,12.568580660226322
870.9287312171922,10,5,50,13.538245034537391
664.4908585865531,8,8,64,15.308122153386545
1267.1016146652412,3,9,27,12.041393311391147
1240.539406593985,6,1,6,4.251521417432938
956.56342814451,6,9,54,13.921431471378147
622.8411231857873,10,9,90,21.703782258475844
457.4709232685418,3,6,18,6.568449787302419
248.22404549838103,7,10,70,18.780232804826436
596.8567568811757,4,5,20,7.95011413296479
678.4415240908073,5,7,35,16.01098952637348
1046.152095145703,9,8,72,17.15624704665034
1021.4237540166029,6,9,54,13.24938098647969
198.15139549775972,10,9,90,22.559929067063024
653.3630416036209,4,10,40,17.106773833265947
354.4904141043067,8,3,24,7.57404991788484
319.537787443528,9,8,72,16.86179484339539
1258.2230096321443,10,1,10,7.60737251845484
158.68130340276053,5,7,35,8.588449854232383
686.8560262629699,2,5,10,2.55613745802485
335.4851180731255,6,2,12,5.435279629199245
1331.0623019498637,8,2,16,8.276464984526681
879.8567185850492,5,8,40,10.384371572637416
423.9328909275872,1,5,5,2.9719799282227566
803.398202032927,8,3,24,6.697367837844884
1124.0809035843622,9,1,9,7.255437956758765
1441.3652124872074,1,7,7,6.992382574184777
408.6244059435865,8,3,24,8.26029995626295
1340.6544809810832,10,7,70,19.761078081766374
1408.0257598344863,2,2,4,6.460388977533752
1382.9887623448926,4,4,16,8.23296991545684
989.5800996066738,2,2,4,4.901925548562567
981.7489162085908,2,4,8,8.092078592473422
664.4948864573519,10,5,50,15.278818179004379
1153.357035225303,3,8,24,10.33405370467332
843.8116256913047,8,2,16,7.522732916325383
1048.4132997196123,4,10,40,12.05301841056409
699.8410653883136,7,3,21,6.880023085947315
1124.0950496603946,10,10,100,24.100205327545392
1254.2601246463687,3,5,15,7.128126689306038
305.0107592439426,10,9,90,23.538238034066985
1266.1016018039193,3,10,30,12.491492074575595
856.4151445064301,2,5,10,6.248681657025115
1282.532272726314,6,9,54,17.824830681174976
703.8223888774205,6,4,24,8.682235204145599
630.656679536249,1,10,10,6.647540216977532
1381.0850255241114,7,5,35,12.499667513844383
451.6369745677618,4,9,36,11.713005216008346
1281.8972554006004,3,4,12,8.964063347405093
777.6288015131657,8,5,40,9.919070205794558
819.7336195717636,2,5,10,4.630547319052031
531.8555940852776,9,4,36,10.654337399158852
902.259080866622,8,4,32,12.010358410834876
555.2956747866958,8,5,40,12.691458754182646
154.97717993831324,3,6,18,6.472459651129196
480.79804748209847,4,7,28,10.690546764624747
108.93066076922695,2,6,12,4.007049877713492
1469.6967018795992,2,1,2,7.064429790472714
1452.0460937476464,4,2,8,4.850544277156651
653.2174164612271,6,7,42,9.635586503857681
1119.7191960755044,5,3,15,8.097202475201428
584.128537774595,1,10,10,4.81832646967772
1039.5304199203665,10,2,20,8.115717679674807
1227.6020602643707,1,6,6,5.840450470045756
1425.458742569137,6,4,24,10.473250803599718
660.2971861895408,3,5,15,7.989995607728661
1196.6171761384667,3,6,18,6.36870144145089
472.2998308849663,7,3,21,5.706315301057812
1486.4652253111076,1,1,1,8.943219419572124
136.0774382700916,1,3,3,1.9054252637351348
944.9403291015693,10,3,30,8.124850822172714
1023.308374311858,3,6,18,6.533777545707742
1063.2637799037802,8,4,32,10.135376954163759
268.5426103047246,1,7,7,4.694564976119775
1413.9416968623825,10,2,20,11.416738948430414
353.6565906701159,4,4,16,8.358141700743495
971.8547645357775,9,8,72,17.40699817021036
411.7465107723189,4,6,24,7.1715287726090615
530.1029838297793,10,10,100,23.282966192107303
865.041958419374,8,3,24,7.841031043364271
684.0707859904071,7,10,70,19.75738558218777
324.3158413671088,3,2,6,6.948705715058525
339.3109633891876,7,3,21,7.160622263659289
685.4027034279195,7,1,7,5.413447224116536
1160.196169585701,10,1,10,6.341448749849999
1357.150505586904,3,2,6,5.817919565325687
217.77872716313598,2,3,6,1.5452925975271188
650.3454705831615,9,9,81,18.327021959085638
240.34378921202727,1,8,8,2.4552711927976487
123.22947288563704,7,9,63,16.6203423886724
1026.4061557015393,4,7,28,12.336025202970447
943.4292187532229,2,7,14,8.932819835828996
328.22675934084066,2,5,10,4.897314285548011
427.33796633028976,8,7,56,13.984685361219206
133.19085510232574,7,4,28,8.027276909871203
1268.9260879721653,7,5,35,10.35889250348067
1464.566834467972,5,1,5,6.990504680279779
289.64335151256716,10,4,40,12.751902750676619
424.06529927141736,8,3,24,6.454432549544732
1315.7733335257076,2,2,4,3.230076720047532
1397.0493171386588,2,2,4,2.8053727393009327
687.4783359295345,5,8,40,11.693136809015966
170.87146117670378,1,1,1,1.15917888879454
155.14856716994717,6,8,48,12.609973576558085
903.5298124966146,4,9,36,10.008842975528157
650.0531524504506,6,6,36,9.80191953543985
140.11339860871632,7,1,7,2.7347008396116035
916.5533492375795,3,10,30,12.32949686903947
115.82355122463146,8,7,56,12.337644294092303
1202.3207414089823,7,5,35,11.836175774937754
529.0059517847202,1,9,9,5.245193768540412
156.36120421292495,6,7,42,10.925334024474584
923.6931093764147,7,5,35,12.615743504726655
656.7581802062766,4,2,8,2.655248558318901
1463.3205787000093,2,4,8,2.416065994122926
861.8781275051831,10,2,20,6.515646603505705
485.3348534518116,9,9,81,20.046646194454276
1093.2144104875647,7,2,14,5.390170713385138
480.08880355979585,1,2,2,1.2911694121747097
1365.9406079705911,8,2,16,9.012790218335228
624.610758710327,3,1,3,4.2050767380649825
869.8159878866873,4,9,36,13.48865512883798
170.8023453539204,5,8,40,11.872638437810101
696.5697331331231,1,2,2,1.104503748617844
1265.308955525393,6,2,12,9.34006287549311
1227.9083275086787,10,5,50,13.54146634312946
414.04598239493674,6,4,24,6.873800966701515
416.5106994147878,2,2,4,2.824778315546493
1244.2274370985315,10,8,80,21.106548565290385
1402.5577882370558,6,8,48,17.16301575167494
233.50528978220498,8,4,32,8.317823449484871
730.0820951967154,6,4,24,9.030787504159768
572.4359905499206,4,9,36,10.40407260977727
1318.963837640415,4,4,16,10.24918462709199
216.93488055202627,9,10,90,21.274692512179556
395.5763195812524,6,9,54,16.225055101417517
1153.4556726210922,8,3,24,7.777806428964684
171.81138857370183,8,2,16,5.101946437520286
789.549533000005,7,8,56,15.652086824733392
718.949848551608,3,3,9,6.845544376519131
568.1616505842482,10,2,20,9.424729818587975
652.4012414464933,1,8,8,8.25544356547245
841.9168217023262,5,8,40,14.39583438822131
325.91430174373636,10,5,50,14.31992102894585
900.7942295970299,10,9,90,22.131645540092865
1227.6052610199808,2,6,12,5.582790450247199
1164.2253017062226,10,5,50,11.61154825970297
315.45986657128316,2,3,6,3.5174264884170667
308.9492576380635,7,7,49,14.071871628670182
475.44411484287866,3,9,27,5.414504581911174
605.5046168774521,8,4,32,8.249822587919164
671.8378139718757,9,7,63,14.768886193963825
1051.5761035666833,8,3,24,9.021736618673838
179.35260503216955,6,2,12,4.913534177582484
148.54178591649293,5,1,5,4.5692425162319905
648.6747881214726,3,6,18,5.323493920558404
1076.0291689931728,3,5,15,7.818398488275888
370.8094801390756,7,2,14,3.6609945482010535
998.1062737587524,5,3,15,8.199877377780895
463.75939311641923,6,9,54,13.705063389083255
1340.520552338923,6,3,18,6.5628231211679315
1353.9659219732632,9,7,63,16.64954443292215
516.202085993857,1,1,1,0.2093911909750581
421.99125554853674,8,7,56,14.582216250908075
675.8255608927237,10,9,90,22.387749202469582
436.7442192522082,5,8,40,13.120324387604521
1041.337380608385,6,7,42,12.20440757805165
1256.4905583675998,6,10,60,19.39490808852192
1042.3289832757036,1,8,8,6.748110265996504
1254.0906261490893,3,4,12,8.705864536884565
655.7890270904638,6,2,12,5.475684763115724
318.84375899240524,9,9,81,18.741245809306253
1133.131326356629,6,3,18,8.833910819219284
604.6643071981755,6,4,24,8.671259178928942
1039.7791553207855,1,7,7,5.398432390179686
478.9015187744719,9,2,18,8.890698491409047
213.72148872934173,4,8,32,8.192403892463986
1489.6145136828686,2,10,20,11.446888436898218
318.68211110283903,1,8,8,6.13908223121581
1483.7893915488735,3,5,15,9.714468413575247
1468.1919055930261,3,9,27,13.112683644310334
1211.3453454712555,5,8,40,12.849776989118448
1023.1921469147966,1,1,1,2.94557070009301
908.9298703515186,7,9,63,16.916542517775603
1312.5421635289686,1,5,5,8.293446577172283
505.2153302672831,4,9,36,12.186897379086698
754.7536974788278,6,9,54,16.575172183038507
967.1459571131027,1,10,10,7.357717812690786
675.6666662172876,7,10,70,16.26130456077062
698.4810357263751,10,3,30,8.693758599219345
562.3985345029182,7,8,56,16.343544319764487
889.9245433583504,3,7,21,7.532435307205338
1290.8043392211625,4,7,28,15.574341264975956
382.139729208838,6,10,60,14.955805026499682
1408.206254254818,7,2,14,8.343232430937915
1064.7227152475216,4,2,8,5.8535628163043905
1252.5824977520422,10,2,20,9.574382077315477
878.6669696820163,9,2,18,6.127513996196637
1191.3233819936888,9,4,36,12.454276862737045
122.68055627525409,9,7,63,15.553860816792945
1245.7325946913493,10,2,20,8.842431678657585
156.19440271951314,6,5,30,11.389588381820353
1345.8787269080076,2,7,14,5.698900543228346
1488.7478461341007,2,9,18,7.610586975768352
511.69444704748895,4,8,32,11.353952684535695
394.4459788001111,9,9,81,19.108190737748952
1171.508709401257,3,7,21,7.873166328836574
454.2368772883545,6,3,18,6.900998035367577
1311.7873364410848,2,1,2,5.362640522868512
243.9796290204674,1,10,10,3.8416585267904777
276.33727493110155,5,7,35,11.186982726513158
1470.8121771408619,8,6,48,15.437864547434025
1043.3744575780065,10,2,20,8.5425205744532
1285.642114200534,10,1,10,7.839690057879711
554.0611282921252,2,10,20,9.10183477869668
1047.0772493288462,10,4,40,13.518942805971482
931.938558232036,9,4,36,10.08624624650184
944.4101681721259,8,6,48,15.520030107421375
1055.5454433528103,3,5,15,8.74957413671143
905.502842380738,1,9,9,8.593656168246113
700.6873170237324,4,8,32,8.01360660442644
486.2917721327656,8,9,72,19.489139355308442
1176.0138632784829,3,10,30,11.19882289411821
416.7814020044607,10,7,70,17.92970093594567
1069.2960286161797,2,9,18,6.0660079791888215
426.6659517090573,7,3,21,6.278561480863703
975.4622379362355,4,9,36,13.411498746815983
1145.9095739806405,6,2,12,7.4808116253249635
406.19944446915486,5,9,45,11.042461998178615
183.9206212058316,2,6,12,6.188121239750926
283.3632401918437,10,4,40,9.942509402106753
948.3957541794357,2,2,4,3.4976743725792523
1289.2249687160297,9,10,90,21.023259756383787
162.99554972959413,10,3,30,9.54101577732283
1127.8117626583048,2,5,10,7.986650641691331
577.846104330073,8,9,72,19.28314952488058
769.9397178873315,8,7,56,13.778335315307022
1400.403369783792,1,3,3,4.681536137998471
564.7601066301836,1,4,4,1.27066585434843
751.4717075152805,4,2,8,6.749457155205962
119.15538066495355,2,8,16,6.466945156088852
214.23820800677373,1,6,6,5.003462721828883
462.02822758869763,9,3,27,9.172779865000592
138.99313714950415,3,5,15,4.488809505126751
983.9254564675514,1,5,5,4.18705532065683
696.9576995222716,2,1,2,3.3775317327741115
867.4032838192309,8,5,40,14.590178789752613
344.5060602548614,5,6,30,8.574683586188995
514.3048412112626,7,10,70,19.389833103254137
1029.3542647938152,6,10,60,18.242737855055488
1451.4238130825597,1,2,2,3.823802642625536
170.58348304309288,6,3,18,7.691433050911797
1346.5380491973726,7,10,70,20.821969550501777
907.6336818356918,4,5,20,4.797275024130445
889.4873934578732,8,3,24,10.031392681416087
800.3899492908645,8,5,40,13.921563446161414
197.15172026585674,7,5,35,7.993169338051317
225.82759243062492,2,8,16,4.681145930223802
941.2768079227205,6,10,60,16.994492924337475
577.3420000097816,6,9,54,17.022634433319787
1384.175293208753,7,8,56,14.836408938146437
669.2267523032612,6,3,18,4.671641128287127
300.5940421836975,2,1,2,1.2210168032041322
1100.6063669028504,8,3,24,8.511999879659548
510.69479001741377,4,1,4,0.7146812314136279
835.6584302982504,9,9,81,19.245055633188738
1076.965899707238,8,3,24,9.877142212797494
1360.3697556828986,3,8,24,13.205128851015946
1209.0676727223465,3,6,18,9.260540870235209
1046.9054950218137,8,3,24,10.503052637948917
1051.486455353201,2,9,18,7.370503049564166
1424.2945016449212,9,8,72,19.406898199099025
514.1537364951505,4,3,12,4.8979536010932225
101.55693187466237,6,7,42,11.592053683272972
480.73638315747814,3,5,15,7.00662127461828
405.0479314774416,3,2,6,4.839395228379115
1026.5684191595974,3,8,24,9.801000670777507
987.1962396717406,10,1,10,6.0899335097469
930.8459357866134,2,4,8,7.097798954018943
122.74082049323518,8,4,32,10.133183332426963
1120.2892762309066,9,10,90,23.36779146480669
552.9425774796881,8,5,40,11.446724001486857
1031.0783846092836,10,4,40,14.486538843794236
879.2097999030146,3,1,3,1.6228257713145682
579.82329559907,7,7,49,14.749139409051779
288.40677394575084,10,10,100,23.908782121375257
232.18645672467332,2,2,4,1.1132269932912542
1264.125666357113,4,10,40,12.707441312218451
1385.7565589141811,6,3,18,6.544146572387092
1009.7032654700195,5,5,25,10.03498280487254
244.80776080467672,9,8,72,13.317234774989585
662.838103643537,10,10,100,23.660493926569096
1120.51488014722,4,8,32,10.29530245660423
1191.7492376140954,5,2,10,4.707038346521026
265.50607120752403,4,9,36,7.913838906016834
100.04300638353538,8,6,48,10.870738214147917
1096.991864232847,8,9,72,21.13869748324157
599.2346463806879,3,4,12,4.419672799438395
456.2738642655643,1,3,3,3.492259609957686
118.05645770533562,6,5,30,6.899790860274647
856.4191694660996,2,5,10,7.3517274361684875
1291.6110295963745,2,4,8,6.890791787859345
1440.684304781623,3,7,21,9.389747394915874
892.0429308586049,8,8,64,17.331704829677733
820.2458588358519,3,5,15,7.266890636282701
219.07893968493755,7,9,63,14.086627331735766
868.4219221596396,10,7,70,16.816691672937818
631.9707105515524,10,7,70,18.94081308603835
949.9893932370077,9,8,72,20.91998640330388
644.2168870271654,8,4,32,10.30870206387787
436.41877283051343,1,10,10,7.711768669682807
232.9513853197271,7,6,42,13.07267045231042
540.8858224244541,7,5,35,9.944724088690862
235.30276800285318,8,1,8,4.35581365816852
347.6557311535775,10,9,90,21.86682571462658
1482.2706220113644,5,2,10,10.03975093031911
721.7449796692661,10,6,60,16.96725160445263
844.6204731070231,9,8,72,18.844642256549854
1323.0659402321014,9,3,27,9.715602202767545
1493.796460686963,8,5,40,13.300617253634895
915.8002290825541,6,7,42,13.762881300102395
1237.4633494618404,6,4,24,10.345984315806039
557.7174340713455,1,5,5,3.2661088903371382
528.0415404262076,6,1,6,6.1210812632024005
663.7852093923843,4,4,16,8.494267184041226
1041.510167743109,4,7,28,10.116589508216004
1055.0683649571383,2,10,20,10.130476342202039
541.335208509231,4,7,28,8.321516820567904
286.49389379128013,5,10,50,12.359959490457777
985.354759051712,5,10,50,15.491366846481718
279.65620706427035,5,4,20,5.488558301253487
909.8895115210621,4,6,24,9.992500208179035
1070.7909792788325,1,5,5,4.595992802885463
1080.8560949522323,10,1,10,8.63695864114033
1154.8609549234354,8,8,64,17.381305120953094
1322.0031901919303,3,7,21,6.608906638827819
799.9425887507039,2,5,10,5.141659104563885
1122.3488653413997,9,10,90,22.605006189998768
966.8418295121714,7,10,70,15.933061315182881
361.2959157167556,9,7,63,13.211208745006314
135.96550281717143,2,10,20,7.590551826292643
498.3579399477073,9,3,27,10.453599308394178
720.2471888726672,10,8,80,20.58757986331323
963.9483222001188,9,5,45,13.356231903080953
1289.9430627044876,9,2,18,7.500920482703297
374.7440033886319,10,2,20,6.197506541381852
275.76970585786796,10,4,40,12.12521624428491
1448.8719264640586,4,7,28,11.395023181164543
251.26238312696995,10,10,100,23.784134102379646
769.8874981500649,3,4,12,7.645775524830919
919.7892203106226,6,9,54,14.658526582651433
857.9241892704135,3,2,6,4.976026920474342
220.4450198461205,9,6,54,14.499108605113918
179.8376796050671,3,4,12,3.613558510326423
247.67679844544995,2,6,12,4.327846225732498
919.8227574216575,8,10,80,21.32377602281269
862.0828426880495,6,9,54,15.226766612512256
427.237108851442,8,10,80,17.94515088154729
992.8837985838281,7,9,63,15.907072299567197
1248.0945028779092,3,9,27,9.120441842412562
158.21054378523127,8,9,72,16.57903890542793
797.3819209672594,10,3,30,8.751402769075517
1065.0345769437663,1,9,9,7.5334053022948435
453.2366978975619,1,3,3,6.278288916282296
530.8792674104087,10,10,100,23.75228615052046
959.0930641851373,8,3,24,10.7188496890119
1357.1094108212317,9,5,45,14.765175601438239
1233.8941884240592,10,6,60,14.393825585945459
916.3823067394169,6,9,54,15.52259257130137
1122.310404860149,5,1,5,3.8706310290917236
610.7514582909182,2,8,16,6.184804061311883
997.3517393382608,9,4,36,11.354932305005674
752.6542275785797,6,10,60,17.251864633658265
365.9105910405853,8,7,56,13.874016259368146
1082.43358342816,9,6,54,16.653000475945685
879.0504922883508,9,6,54,15.232928672189407
602.070214735028,8,7,56,15.280137919862067
1375.874866110083,10,4,40,13.263095908907847
129.30776495742657,8,6,48,14.18748280659178
542.0824117492944,3,3,9,3.4827636759272522
179.6339568887052,3,5,15,4.542812745899203
1173.138242710278,2,2,4,3.86895495192943
1082.9504357593096,1,3,3,4.869448025119272
563.8931062308438,4,9,36,12.283580222228979
1045.9280630899023,2,6,12,6.051420410699632
654.3121166743298,2,3,6,5.353909979706121
1158.755307991408,5,2,10,4.646997760117501
735.8571278313885,4,5,20,8.741016182953853
677.1916189643317,1,10,10,7.690892262257594
1408.6218816836213,9,5,45,14.293340215369376
451.2307398469803,4,1,4,3.8121472942919183
268.6262759951916,5,3,15,5.308672212894528
918.3603585632414,7,7,49,14.469568775542788
1457.0505371978504,2,9,18,13.423211329209499
628.9748992180613,8,5,40,12.999434713514859
186.85146908029412,2,4,8,2.960462289616295
575.0273742333944,10,3,30,9.39217241946848
808.3043160473818,5,10,50,16.428917003821326
326.6922092850992,2,9,18,6.961177721409298
1021.3431052790888,2,7,14,10.09384721730544
1496.849144614281,4,7,28,12.341755782348958
732.4352663740214,4,8,32,8.630831826085267
596.6199794222978,8,10,80,20.89574012745915
660.9858335682533,6,1,6,1.187447932490481
261.2046497532816,10,4,40,10.599813865741432
1336.5830419967133,8,5,40,14.35595286799074
680.7559177298928,7,5,35,7.912142076484295
642.1841759947779,10,1,10,9.228593627913671
1023.5663821026641,4,3,12,7.69977435253961
718.8467893035729,2,2,4,1.969389932101311
1007.5268563309845,9,7,63,19.245072223837063
186.0248061831025,2,5,10,1.6075924465572862
1239.2126812111185,1,3,3,2.917055489529512
1416.7055340311636,8,8,64,15.91073945378108
1008.2715406231404,10,1,10,3.9541152752183146
1436.392300402335,9,1,9,6.823035922855905
312.0052401179486,1,6,6,4.510736604607924
768.3826652724952,7,1,7,5.328704769965282
942.5294275236262,2,4,8,5.480626381599884
914.4313063896614,6,6,36,11.50773314288292
662.0464907246605,5,1,5,2.2019133006129255
573.3181731127659,1,9,9,5.642908709823128
277.55363157058633,2,4,8,0.0
648.4394307871895,2,9,18,9.816215023734102
327.7251411476792,10,9,90,20.8973651397992
1128.1119470891058,10,6,60,16.758707919553526
392.36330969242596,6,7,42,12.853839172334345
181.9914273983474,1,1,1,2.490439831694311
873.312592944128,4,5,20,7.404856649831573
933.3216258071623,10,3,30,10.391324790493963
1320.6782857927076,5,10,50,17.990559461610545
907.7742573847546,2,10,20,8.537614461293616
583.673195212824,2,6,12,8.303182515819469
1224.2166341368488,7,4,28,9.822939820636723
856.3904504623895,7,9,63,14.000447719661592
210.99239848366844,6,7,42,11.456264758653019
892.1907844385453,1,4,4,3.7472991135232556
1371.2259635903274,3,6,18,6.720053547265519
654.8376756975088,9,2,18,7.38815830322108
514.8561226597201,10,3,30,9.001457169729928
300.8572398252281,1,7,7,7.562506802806584
312.0237307095002,2,4,8,5.476780962602523
705.8800780785465,8,10,80,18.36982103573569
933.9517538261414,7,7,49,13.007514466721787
212.86156723744244,9,9,81,20.37659443657259
1415.396024635232,10,5,50,17.149567111385636
1157.1870644232743,4,1,4,4.014704026473122
921.2734855971278,4,5,20,7.32117686073543
1259.8141393145872,7,6,42,13.128891688082385
212.26145953695863,1,2,2,2.259500056736878
767.5744288263742,10,8,80,20.82361279386575
982.1303776063288,9,2,18,9.330348728733385
1260.1140685656048,2,9,18,7.83678291375908
1196.8573840689749,1,2,2,3.25415172116991
487.8969495987595,7,3,21,4.2940185945251965
1417.232237382886,6,8,48,14.999166233169246
274.0841780032185,3,6,18,4.4663920782611
1325.187066069613,1,1,1,2.4026602134312034
1459.316349446466,5,4,20,10.67469824166802
348.0149325116758,10,5,50,13.781089294032881
1110.8924898852993,4,3,12,6.9454000175024255
156.39972628919784,5,1,5,2.966256462263487
667.5919551948169,1,3,3,5.390857205731679
822.7966188767437,1,9,9,5.9538409259860146
912.9033162734877,5,2,10,5.87122118439298
1410.3121475479834,6,1,6,6.085909557884111
1041.1509622118724,5,7,35,11.109492824402992
773.7891317069318,2,7,14,10.25503367273306
1233.545050772245,9,5,45,12.085700364897061
1430.7459493361725,5,2,10,3.889112782357776
130.89260815520717,5,1,5,3.0737740370523383
1475.5297811584542,10,5,50,14.546504667700159
220.58499468915247,9,10,90,17.159078269242062
1240.141490976266,3,4,12,7.344073169313178
492.4686535719775,5,9,45,13.197612486485088
285.05152085542045,5,5,25,9.503532811923572
715.7978955993689,2,10,20,8.197561203962909
1001.539211226659,4,2,8,2.4145465990618433
633.332583032865,2,4,8,3.259177074681928
176.39157159577854,5,9,45,9.320010639179566
939.2455955222033,10,8,80,22.323625134667942
1363.3645865549447,2,3,6,6.935431540441348
636.5015123261524,10,8,80,21.398004623759345
402.86588868315783,9,2,18,8.005424338744415
719.6082843059415,10,3,30,8.03858242235923
167.70779546829323,6,5,30,8.029370624284292
1248.6826182723848,8,10,80,22.086110873763896
1256.8771353302614,9,10,90,20.164676658130247
923.2006488014798,8,8,64,17.70754618151953
594.3440445137453,5,1,5,5.006150432351303
1219.6967102240967,5,4,20,11.934234713389223
876.561834703714,6,1,6,6.286427708049528
1256.3052319700228,1,1,1,4.075221552459752
984.0423096162289,8,5,40,12.410786229706872
1198.1676624979161,2,6,12,8.011204190857143
937.988190504864,6,1,6,5.891703176870532
679.7974955019326,9,6,54,11.452252474607862
1441.1242038965927,3,5,15,8.352403732043989
857.5593548303826,2,4,8,1.1480748683466477
947.1253259567537,10,10,100,20.513517340425917
408.6826951806489,5,5,25,8.130461499665776
975.9111051981871,9,8,72,19.369681207963595
900.2507092761214,6,9,54,13.31158415250784
358.77375712583495,8,2,16,7.958285351658363
183.4219362944012,8,6,48,14.646101248069842
946.1030476006795,7,3,21,9.551122432451264
1169.1691770904488,5,2,10,6.098258935275937
832.7619192908115,2,1,2,3.4249108785059668
417.48167544750396,10,4,40,11.604279299790758
1033.130767370249,10,8,80,20.587234230701643
212.14801725344313,5,3,15,3.8380756420939006
718.5671867227364,7,5,35,10.228222137761517
328.71346175778825,7,10,70,17.346795608510828
358.2426714838367,2,5,10,5.322209419729324
383.2115288214851,7,5,35,11.000744852116208
641.389879861569,6,9,54,13.28511238075065
171.61028786855667,7,8,56,13.784059396456927
656.9108173007374,8,8,64,16.11117486882286
816.3904259605812,4,1,4,6.77201668706133
776.6119989528553,1,1,1,2.7778658103278393
635.8977405642568,8,2,16,7.882434879203936
1274.8052512990535,8,8,64,19.244320317806064
303.45736938870573,3,10,30,11.287642489729528
807.9754412939236,3,1,3,0.31412439347079557
186.857983739176,5,4,20,6.206372850451551
199.61795042907363,3,9,27,9.966222246402621
903.4121895479349,5,2,10,5.80204804177833
892.4257948429494,8,3,24,6.482877556955696
1329.2469179822397,1,6,6,4.693350601870371
881.0231459241024,2,10,20,8.030299310852385
1443.7074285667902,2,3,6,6.079761922168008
168.17278775990167,4,4,16,5.887562037612053
237.2107586930375,9,9,81,21.21017767542217
161.69220619853394,2,9,18,7.242311130938233
359.38759046695606,9,10,90,21.224120955436025
857.7781553183494,7,5,35,9.060101251868431
1003.8010539983992,10,7,70,18.073858178255577
163.81922112813632,8,9,72,20.5377157887349
1424.359245783839,1,8,8,8.06188504849268
1279.0315273105334,5,7,35,11.268233641643844
515.2574750199303,9,8,72,18.353814596238255
208.06254231705515,4,5,20,8.179041309037343
337.8419025066802,2,5,10,5.522375703542397
277.72217925696174,6,5,30,10.102817243378476
272.5972910185256,2,1,2,3.2841721010023033
825.9863641320275,3,6,18,7.8871855264097075
444.1864194907604,8,5,40,11.781957509363094
601.3956031408022,3,8,24,8.005411294634463
1485.3074667380515,2,8,16,8.256404495001643
1058.0399484954828,6,2,12,6.39533510348425
1428.5729338658018,3,6,18,6.870559870646976
299.5791770463618,1,10,10,6.952455736205527
634.995264765597,3,10,30,9.475554156010276
876.624524595296,6,6,36,11.621632626854423
207.4612866442332,3,3,9,4.6407816533094985
105.86242107914101,9,1,9,2.68663173357957
1038.6080673156844,7,7,49,14.942312085875383
998.5473235220095,5,10,50,11.899186941168969
675.1043339994565,2,5,10,6.3332348727896335
785.5017064448457,9,10,90,22.67488455618296
681.6202008289255,5,5,25,9.618732413879924
133.6070627828444,7,8,56,14.482877716851517
569.5202487044473,9,5,45,11.811776826355326
347.91515755620577,4,5,20,6.171833877410086
237.79386474191625,9,1,9,4.0014037323363265
1439.4086074450897,1,2,2,5.823415632956092
939.1036150590319,6,5,30,12.714242986311511
1120.1187979312438,2,7,14,7.866881429139011
541.5092405725645,8,3,24,6.800778914176263
650.4059812916213,5,1,5,3.5337285371346727
431.69359145541284,3,2,6,4.931895329470537
235.75193935159464,2,3,6,4.002424777505984
350.64429241821733,8,9,72,17.55219103468976
1216.5196634150802,7,8,56,15.736572934509715
1048.5641272572861,9,4,36,9.26446227039457
865.7004263796676,8,8,64,16.609082239608753
765.1258220134753,4,9,36,11.148811185185766
1391.4079971185743,2,3,6,4.851036257104031
201.82892689013576,2,6,12,5.626094037185319
492.84113853308236,2,8,16,9.811361544761878
589.9129949989997,6,10,60,16.009504035521264
1195.396137097903,7,7,49,15.538238894233167
1489.52046822676,6,9,54,16.38800924833266
436.93872066001427,2,7,14,6.282288763260336
1324.0302677919128,4,1,4,6.559205050680223
1262.871864604508,3,9,27,11.636283171146024
414.5203566984733,4,5,20,8.197466225945501
659.0656122789117,5,6,30,11.577910238687911
673.5420170095267,7,2,14,6.89142500472406
1469.5089359371816,9,2,18,9.505861233708167
353.2486619304576,2,4,8,5.211893961881135
1218.8211595466948,8,4,32,10.264358712717586
567.8697998423538,3,5,15,5.338164172501787
1123.2184840866246,9,7,63,16.058298630239268
688.015406013928,10,1,10,5.54013677892502
909.703668363156,4,10,40,11.23904641700243
1265.6564826565836,3,4,12,4.3467165257190015
1225.8317909774378,10,9,90,21.31896958096977
1312.99245695558,6,8,48,11.297710584693949
183.46425548252262,10,3,30,9.492781745653396
1068.8707742556428,9,6,54,15.48587097656824
295.982327410468,7,9,63,16.853645354741342
682.1459952257754,4,8,32,9.165529871057227
868.0237810765639,3,7,21,9.334433510247703
663.835278645563,10,7,70,16.414831472684273
827.4563461242105,4,1,4,5.016105498695628
1495.1368323180668,3,5,15,5.407408830300972
289.3042391979966,3,7,21,7.072664991735222
1045.6384634709957,9,2,18,7.692619834123133
654.4013529398613,4,6,24,9.70422797923086
286.2137184702603,9,2,18,7.945431893657532
322.23146872403333,10,3,30,11.172694374758631
1428.9823487438637,5,1,5,2.4865911743500257
1331.4420953964668,7,3,21,11.357201224916338
1369.8587445810306,5,7,35,10.901289644569898
1488.1458861583412,1,5,5,8.588443812733967
391.64154601192513,2,4,8,7.5188462241676
597.6150723096864,5,8,40,13.681847797268384
1036.9066418948132,6,8,48,12.98787577330405
777.3235558049062,7,1,7,3.2379300686866936
685.745346729667,2,9,18,7.213613728241335
600.9357490698303,10,9,90,22.15755784984706
931.2928847208331,9,2,18,6.467601686086127
905.8308000961148,6,2,12,3.424013236812789
326.0409676899361,2,8,16,8.473734292823394
760.4357725258147,2,6,12,5.420329508121065
874.8604866937899,3,3,9,6.571506931210616
898.4017142239467,1,2,2,4.354276212842198
394.1500700772925,9,5,45,12.534737078268174
1139.1799491532015,10,8,80,21.737398192284303
135.2787327494975,4,6,24,9.691712771709234
596.7645977604277,5,3,15,7.289808699854223
1192.297707949887,7,9,63,18.72110122842259
889.4500894775633,1,8,8,7.060365720386222
465.6274055152043,3,10,30,9.681668294754745
1072.9343670802668,3,6,18,8.608313987455798
894.3473218185028,2,1,2,3.40231626700029
1214.741053238942,8,2,16,8.763196170237428
1129.0352606657527,5,4,20,8.858458754215473
954.1510908507286,1,2,2,2.6223102391037103
783.4487454351396,2,3,6,5.976059287785013
286.45497593453274,1,8,8,4.4820166044346195
465.86622503953726,6,9,54,15.023047122559776
686.7392620839194,9,6,54,15.346037879114343
939.0190018089442,7,4,28,8.203126110022593
819.1909973014267,5,2,10,7.781121055202112
503.4583363433413,3,7,21,7.795396301160394
109.05010090559477,8,10,80,17.12762188391223
794.7349106611395,10,7,70,17.890015573585625
499.87638398714034,4,10,40,10.738006572169246
1128.4516209947492,9,9,81,19.83696734551821
133.5247713786769,5,5,25,6.617784458055527
918.7589358281073,6,10,60,16.433770119267223
1418.0639325084915,5,4,20,10.98328301155561
344.1729739560993,10,10,100,22.847893248609086
760.3092870508335,7,6,42,12.56724098603863
227.99078854399343,7,2,14,4.740477844457095
975.9546771658937,1,2,2,3.7768974821957
870.7443528347159,2,9,18,8.591860303600772
670.3117338979653,7,7,49,13.464918880884733
829.9278300632377,8,7,56,16.32045702568884
1355.2045218566143,4,5,20,7.4981565926722675
374.8120232354938,6,7,42,13.54934589048895
131.59031638748613,10,9,90,16.31968691612897
1306.3308385787413,3,10,30,11.87302691840389
907.9639153430691,7,5,35,13.204009602461202
1346.9218376465794,3,9,27,13.053945717114116
935.7233127784416,7,1,7,5.659005522886167
1234.2255259435835,8,3,24,8.453572146286378
701.5427086972071,3,7,21,8.05297982553711
1149.8039038035763,2,4,8,9.586823917692417
1378.2580536457983,6,2,12,8.219659376215533
900.9721492110888,4,3,12,3.451116589805841
353.09921078733134,8,7,56,14.430569387768745
476.3166610422774,2,8,16,6.25472571951237
378.1024076563681,4,9,36,9.05130710889457
445.59983863402607,2,6,12,6.415172077989213
528.9816290914509,2,10,20,7.202501106433661
877.1873014544639,2,9,18,10.976846967485784
923.1882812493659,1,4,4,6.357993697757331
697.0996461386055,4,5,20,6.4997785640457515
961.5890917491696,2,1,2,2.034926490615532
214.2048958559123,9,9,81,19.888301834042387
222.90353188142396,9,9,81,20.422451793972872
340.56124450072184,7,9,63,15.45364222604485
825.3084972564826,6,3,18,8.818299688832452
399.592550177639,3,10,30,12.695859064417455
496.59816488960826,7,10,70,18.088058970801498
660.4379706421917,1,10,10,5.577344668722163
1236.6125736145318,9,8,72,20.351501615245564
119.40699027800417,4,3,12,4.653586741440089
1009.1303483312714,6,6,36,11.13592831934884
1036.4271434569596,6,5,30,11.500419142811076
1218.1180924992912,3,8,24,11.946831900028151
1405.8541146844384,4,3,12,7.2907253970274475
128.19298852900576,10,1,10,1.7376727052082002
315.29718771850264,3,9,27,9.360316616859086
1340.6398116783903,6,10,60,17.8217240010558
741.9259870618215,1,9,9,10.612720272406737
890.426894506849,8,3,24,9.175285995652048
1028.2380852124063,8,2,16,7.399498151084335
1050.6932462938923,9,4,36,12.836105884875515
1404.4365646431115,6,8,48,14.558653254090917
1495.7291843763376,1,6,6,5.562268469683705
1108.2204453033164,3,10,30,9.224822025944704
502.10969288721117,1,1,1,0.9609308768866355
1331.653363212081,5,8,40,10.50161327211759
168.90928035706625,3,5,15,5.912689113505593
423.5131940242947,2,6,12,5.970779624195803
1356.340004449201,3,5,15,8.907309261923006
458.6681202150969,9,10,90,19.570683452351044
408.9114834704479,8,5,40,9.059756825034434
293.3754103963461,3,3,9,7.122946807128392
1302.7564607056831,2,4,8,5.887562099017852
800.0815628675214,5,5,25,9.899878102499683
1044.8504842758166,1,2,2,3.6890673541698007
434.6929377050415,4,6,24,9.186801475182742
1161.256589415703,8,2,16,8.264568787122826
1164.0077629469379,1,4,4,3.6249953464592553
537.6372348716202,5,1,5,4.538007325673897
674.955686214396,4,4,16,7.005809914992293
393.5663884022812,6,7,42,9.16364238252569
1467.185432652066,7,8,56,17.0761767153233
1003.8436078817763,9,2,18,7.627018182024386
1408.3614330017217,1,3,3,3.766583875824638
524.7397610807864,10,1,10,7.412493121351663
1194.6472781956456,4,7,28,10.48151024409857
1172.202101438639,6,4,24,9.282274352420256
1068.3179126131581,10,10,100,24.27051027389646
1451.8945653735207,7,8,56,16.555253546556
650.9774705488418,7,5,35,10.505314593921739
283.0042530256602,8,9,72,19.550133240209114
1040.392402941685,10,6,60,15.454417710751311
1121.0337206680888,8,10,80,18.036873993358284
905.0848028423405,8,2,16,7.477175910168428
389.5450503867548,8,1,8,3.3699634025951433
806.2383183370976,8,1,8,3.9673493803281685
537.0656311967812,6,9,54,14.550529780079593
698.4531394333646,9,1,9,6.25892348603876
1003.3060061825295,3,3,9,5.196097859889109
1143.3006397671684,6,2,12,6.00150505999625
425.1145672618804,5,4,20,6.649475826726492
667.4555049057346,8,1,8,5.258507145424735
476.8261993882809,4,1,4,3.1496300533837
378.08425940661675,4,4,16,3.2678414421061004
1196.7421079941737,10,4,40,14.304321849054459
1372.9537722117893,10,7,70,16.859497019151135
618.3250599584075,5,8,40,10.930026061720412
1151.7904941232737,6,8,48,12.172275016853153
1355.7934051101756,4,8,32,12.162490614677443
1284.5738947423242,2,9,18,8.403262793479023
355.9387439549163,2,1,2,1.7361408532061828
1438.8086341187059,3,9,27,10.313282799146188
627.3470166012474,2,10,20,7.273533811724187
574.9369256433708,1,8,8,2.0848836334768874
187.40385818889246,8,1,8,3.487659325169097
780.6431157468362,5,7,35,9.29615411618803
252.61906189730018,10,9,90,21.38461982382193
447.95574929839637,1,4,4,6.517267096712997
543.7196704741939,9,9,81,22.28232813445887
1232.3568528883577,8,1,8,6.343021726944364
1325.684110554255,4,9,36,11.664722239131489
523.4528444460575,8,6,48,10.122131844011488
1302.1773697424035,10,4,40,12.576203073395483
1300.1233123177076,7,5,35,10.582006523002326
1170.511330538823,7,7,49,13.485116376301269
305.37315962125416,1,10,10,3.9624823766634667
1066.4519856610204,6,4,24,10.187027465657152
1423.0336904127962,4,8,32,12.809907157753011
1055.5566702740198,10,3,30,9.437905378491585
564.2635887509675,10,2,20,9.21230796451564
800.8110444031638,10,1,10,6.5910458526447195
1004.0150606914751,2,6,12,7.603366057034151
814.7985722199049,10,2,20,9.590760663284978
267.93411842335775,7,8,56,14.783353444209355
536.8896625128289,9,10,90,20.04286592364043
1223.3544427750855,5,4,20,10.120666555465306
1305.9852645337244,8,9,72,20.57108270842343
292.22004580179834,5,4,20,7.8654760549018405
1433.3414533582145,7,4,28,8.77271462883838
560.351664988053,7,8,56,12.62028173940406
1027.239234223008,9,8,72,21.023748555988135
1152.5552043393536,3,5,15,6.497970338523504
1236.7247284930368,1,3,3,4.802102740167624
1424.049583116302,2,2,4,6.6576539787234115
538.0873672403516,6,9,54,17.025627836271592
1301.9090363721764,10,9,90,23.565025236566232
284.36166481068983,10,5,50,12.28556284175791
1087.0572688950297,9,8,72,18.444149968296923
1138.7688213195802,3,7,21,9.683585408930732
1048.8125376818487,10,3,30,11.05995668050794
453.24063058921416,2,5,10,3.9324932179479477
1322.2604058212846,1,9,9,3.914706362750497
336.40184871855297,2,4,8,2.9689618977188657
175.08870812916317,3,3,9,3.4806872481240623
1104.450986856677,7,7,49,14.444451643771137
765.6660013258272,2,8,16,10.291380698508068
1288.7372279421465,5,5,25,11.428144453849677
636.7559974815625,2,8,16,6.781061968743343
335.590023910798,7,5,35,10.776807325578375
1271.0190694578175,10,9,90,18.645229218816098
868.4734842961003,8,7,56,17.176093215780526
364.8741093464968,8,5,40,10.385207423072735
1108.537598021024,8,9,72,19.297847319118297
815.5590938853007,10,5,50,14.175843548882847
946.0381751364478,9,8,72,20.13142337716555
745.2576734892147,1,4,4,3.46750094357795
1260.192577345209,1,9,9,9.004715764522203
1261.3878019562699,10,6,60,17.46977820002909
1093.1443505541406,2,6,12,7.170156504527826
247.56192835504717,6,3,18,6.032993138438708
1274.3954066656963,1,3,3,3.7347229487372573
1039.4181727460737,5,4,20,7.930106752095156
1075.8338324060192,5,1,5,4.228263367906446
608.1759765654203,4,6,24,9.044572584612007
1330.9913786198094,5,1,5,3.61029191353094
1115.5202403288004,1,4,4,4.839164378854119
257.62665314087224,6,7,42,13.68958066680326
670.8892481686278,7,6,42,11.48191413330181
1340.9325067441985,8,8,64,18.53934256591223
166.0753823763306,2,4,8,0.24722552422087452
1445.9832674988693,7,9,63,15.670862754392378
1050.8275956473879,6,10,60,16.7021481228619
983.9263687007273,9,8,72,18.554915645951763
478.78295908318796,8,5,40,11.419581606456598
448.3085042348479,4,6,24,11.382808472632842
1418.8815072840337,9,5,45,13.413386981300441
517.5814359277718,1,6,6,4.76178228932843
1185.707415406599,6,1,6,4.39684325118789
650.3705174899109,8,4,32,11.206079666514583
294.95569909858557,4,9,36,9.064371033630673
115.00141677350253,2,4,8,2.581495048235773
861.9602718213512,2,2,4,2.371717567257954
1466.0903459685057,10,6,60,18.56773272821767
616.7906713328863,1,2,2,2.822561967475879
600.0692675902628,5,3,15,6.575381628587261
581.7282649892189,6,7,42,11.772577960115079
828.7613722268018,4,4,16,8.671420528715368
716.9308367940109,4,1,4,3.4014690635482063
1331.8804774178202,5,9,45,17.46173701643138
807.7291084128864,5,6,30,11.919625867615697
810.8609734639963,9,9,81,17.85796360305856
293.72023260877927,8,3,24,8.745243076988197
1475.8353572745402,9,5,45,16.303397862319937
449.96204721636155,3,9,27,8.838320876798095
202.70969444344374,3,6,18,7.022603984594403
1028.4047485652923,1,2,2,1.239952923252281
933.5129182196217,10,1,10,5.273003064309852
681.203915589844,6,9,54,14.484955674916582
691.0691274329492,4,1,4,1.5504443819074938
1199.0894894650037,8,5,40,12.880969963521489
373.99769613950866,2,1,2,3.0235676806092924
1248.3546465228455,2,5,10,5.222839181670002
1008.2459594530254,7,5,35,9.355712152538336
686.5576832913341,5,7,35,8.554814283440106
741.240063217416,1,7,7,7.451097478839046
459.30609006053413,7,10,70,14.905517938408003
1152.9600657757646,7,1,7,6.299612805915532
818.0246392273749,10,9,90,23.69487548168451
549.1963598497811,6,1,6,2.731436006272256
934.4701620653303,4,5,20,6.8029972677809045
1494.0282328718522,8,7,56,16.851570741263714
709.3671915191753,2,8,16,7.9797405533913155
1388.9679610900673,2,2,4,4.030310211474121
583.0235758943925,2,1,2,2.020475711897144
176.62578969498026,3,4,12,4.789531012367355
385.93894891580044,6,4,24,7.165777993984381
686.1732006587579,1,10,10,6.6167229936925
407.4889000323966,2,6,12,8.528573694314156
100.31785350555775,10,1,10,6.62078052731566
1381.0021528465381,2,1,2,5.6999652299013
1281.4311757233006,1,3,3,4.001284979776595
1139.209124081726,3,5,15,4.85027431718779
334.94043390444006,10,6,60,18.78401347576719
268.5090066939805,7,5,35,8.961843327056549
194.6466492613364,1,5,5,3.9032052631476013
1113.6408642820898,7,9,63,18.552852347103208
1400.3311449630394,5,2,10,5.729963993453947
702.7501492782518,9,1,9,7.207712515301269
266.79694079446745,2,6,12,5.347110714692593
817.3499490249492,1,9,9,6.489410514410947
588.3646704420821,9,7,63,15.255388449902425
624.7548940899968,8,8,64,14.954620710797286
969.8628738179901,10,5,50,11.6454996964526
1106.2053585670833,6,10,60,21.233070543550102
254.84503842242518,5,4,20,8.795700187593829
149.82632312906694,8,6,48,12.45406266391725
1492.062423760001,8,3,24,12.5241510561372
425.8196884817726,5,1,5,5.645447155345372
175.3627348718427,7,4,28,9.145536215080627
365.82546073428796,1,9,9,5.464154552017483
154.5409848878499,4,4,16,7.120296255074204
648.5352524640404,2,1,2,3.9599888276785786
1223.362498231854,10,4,40,14.233475757847255
577.7422296608088,3,7,21,7.499656345708239
721.8567696297132,1,3,3,3.9621256804791196
1045.8214829944143,2,10,20,10.101754447351933
812.4516980978323,1,6,6,4.653826673956515
1306.0239604298538,8,1,8,7.167007753081462
1312.4499450640592,4,4,16,9.704072992586095
113.8749736876151,3,3,9,5.966091625488249
1189.264829076479,1,1,1,3.977695419677259
745.0270403383435,2,3,6,3.9410030547264863
1484.3767578251284,3,4,12,8.550823118593653
776.5249062256092,3,5,15,5.394926252581596
1481.6543235436166,6,6,36,11.99765879422651
1156.3971056880312,10,2,20,11.025543160258591
448.0468384586288,8,2,16,9.303744525712954
853.7529710017408,6,6,36,13.017368747346541
1488.989895270016,2,5,10,6.955590154982397
1300.5428508526932,2,1,2,0.616581001589446
236.31365130770953,7,3,21,8.098590584260416
1088.9207955339944,1,5,5,6.013357696294747
583.8114202191382,1,2,2,3.396316447156977
109.77516663248737,7,1,7,1.6184716235057128
664.8733566377995,9,9,81,19.283836863084478
428.65619041495984,5,5,25,10.905263311867568
1246.41697872866,1,2,2,2.3570222450774967
572.2628523840717,5,10,50,15.012089386401444
1258.5331715353439,1,4,4,4.032743433177732
100.83711436871343,10,3,30,9.662894560517739
530.9468100365668,9,7,63,15.713448736735701
437.6313000308667,4,1,4,4.885008258234783
426.99430549605535,9,10,90,21.11587567093278
195.46126767164776,2,4,8,5.2829753580847765
361.9739785747024,7,7,49,16.14083463348679
877.7693978398678,2,10,20,10.834673816597775
507.9055019728423,4,5,20,8.080667297748303
684.3526952608071,6,4,24,10.10466877973677
627.6136324860639,2,4,8,5.4991889025670515
1326.2668949998524,2,2,4,3.7405444826874477
1367.4185986147218,2,8,16,7.666012715943783
790.139760318204,3,4,12,6.915494870437412
562.2183304418461,5,2,10,3.986481267769877
249.5209856033091,9,9,81,17.865541438288936
1434.764031134933,6,10,60,17.383618966031563
184.31772286041644,9,7,63,12.72946877287143
516.7103885955926,10,3,30,8.752592399109949
517.2926816380059,5,7,35,9.481211591491855
548.5618005963008,6,1,6,7.890068375203166
330.001580581373,10,1,10,6.686670684900366
1196.426003293176,8,4,32,10.560818228402423
271.4970067523849,3,4,12,3.692684824150412
988.869322814428,2,4,8,1.720824920930807
273.3844373881444,3,9,27,6.899779232026733
198.7498926301392,9,6,54,11.107327086130718
1373.201305160227,6,3,18,6.981369062257182
366.18027284618796,10,6,60,15.116834079677622
1249.7502163835861,4,2,8,5.4177366911245715
862.4832195499902,10,2,20,7.185524540033676
208.99912745227743,3,7,21,7.191643506101521
1437.6274680132944,2,3,6,3.4255342204639634
445.7456337886495,4,7,28,9.757758754157129
1303.5034834936491,9,3,27,11.702960926305007
336.33400809838986,4,2,8,4.611995384765372
1295.520034998594,5,4,20,10.331912222250411
118.52033806741159,8,4,32,6.761009268346856
816.492639197273,2,3,6,4.392661045255602
1177.2196111901794,3,9,27,9.475265374989636
1408.7137244898968,6,6,36,10.689692458020414
1372.882990689082,7,5,35,9.973852858980061
1247.4748173667028,4,6,24,13.412614409523473
1343.4678895258257,1,8,8,8.753908941457658
378.9075601719071,7,5,35,12.541592108248956
497.85801399642025,9,4,36,11.224858234590846
504.55593488948193,1,7,7,3.9172945557987653
627.8755034023784,1,5,5,5.313550174875569
650.6489385392641,1,4,4,7.315347631463201
862.3774545165456,10,5,50,15.011759323623844
323.83166871301796,7,4,28,8.378828089004225
1067.745329300385,9,8,72,19.242879622721652
334.5931550263091,3,8,24,10.042311571467746
534.4318749463665,8,1,8,5.044783644810894
804.6831828486156,9,3,27,9.38424789778201
1215.0167861328682,3,4,12,5.713609034221019
1135.256926534218,3,2,6,5.402594199234348
1003.7480989747312,1,5,5,3.153836033419778
318.0825648122382,2,8,16,6.259089786083985
865.8634838618088,7,2,14,6.539007953504444
222.42510251983964,3,9,27,7.4048687923557726
628.3084475153111,7,7,49,13.472788585291532
678.9231424059428,5,6,30,11.188038554960327
155.73601522405536,10,8,80,20.687250853978675
483.5833392579606,8,2,16,6.2121461080828295
1437.9092541730852,5,5,25,9.443290323406053
1435.0856509615653,3,4,12,6.778839400808434
593.257875953555,9,8,72,18.825097084960056
160.3401525276537,7,1,7,2.9349132814715935
350.73291505945417,5,3,15,4.713516610000391
649.1049108069561,7,10,70,18.304759279368003
1426.8915771569216,10,8,80,21.831983925261838
297.6786889520589,9,5,45,12.346670270356698
1168.922181135497,5,4,20,8.623753176067138
252.1555551245689,7,6,42,10.577646722838885
1473.7606083477876,9,5,45,14.42803731611735
634.263098752789,1,3,3,0.0
1185.3283544586784,4,5,20,10.895325911864376
579.6275159355846,1,4,4,3.9009350497473037
978.7364280223322,8,1,8,9.113432065839955
368.8225186360514,3,1,3,4.4205877532971
304.4294270157476,2,7,14,4.8862108429459035
1413.2897953953839,4,4,16,7.480429520551741
1384.706189066207,3,1,3,2.8660843091752723
1342.4565162980352,5,6,30,10.080548289027085
975.6068302332309,8,1,8,3.605452820737515
1231.5754957027896,10,8,80,19.27772654240653
196.65171167592487,8,9,72,15.640650885021168
568.7046586469507,7,3,21,8.909703595457575
539.1843746600186,8,7,56,12.247531971944117
989.9034507336586,5,5,25,12.56861789342902
598.3408828588967,10,3,30,9.41404241416362
307.90949430115313,10,5,50,15.136500762116247
935.0539055789612,6,10,60,15.223843407686068
1240.1374889367141,8,7,56,17.24750147557236
634.9728922439624,1,7,7,3.2172785517691507
285.1762011378744,6,9,54,11.859279569313834
375.3634762379523,6,8,48,14.592466981264069
432.47662723713756,5,4,20,6.7820652369007455
519.8566301923507,4,5,20,6.942380740537224
999.9130987088328,1,5,5,3.5449043990669042
941.3236783528066,10,10,100,22.575797088317373
1074.5118061938547,8,2,16,5.355006315929004
607.5027783441185,6,7,42,11.330045924077414
1253.5967126319697,3,7,21,9.741530893681967
385.7227256180644,3,9,27,9.44029209438554
756.6570465254155,6,9,54,15.147957430728827
1221.3142101580024,7,4,28,7.263085517006829
352.22210682566697,8,5,40,11.399530566134029
253.8083592370961,5,7,35,9.579365388020802
1337.1575547631855,10,10,100,23.495328890872198
580.1015278628743,6,7,42,10.207517099049024
1057.4181748726446,1,10,10,8.910756448115633
135.48804596951388,6,8,48,9.281832428090205
1066.0656437732296,9,8,72,16.982052899012956
542.5418361657587,10,2,20,8.10578148296819
178.03719502241844,4,9,36,9.784927499337732
953.7378661673638,10,4,40,13.074770065161156
437.12534250244255,1,1,1,1.8688027377092187
641.530138872632,9,1,9,4.714225610155687
212.81313720111905,4,5,20,4.086429483623505
306.0285515329234,2,7,14,7.241780099482674
517.1681296941813,1,5,5,3.8249809864097584
225.66330078421998,3,3,9,1.9283185048220326
1375.1567705608413,7,7,49,11.851314755660022
108.46586045756979,10,1,10,5.615733323051408
777.4043064100359,2,1,2,1.9018014132273573
272.54644138557205,9,2,18,5.026654604612105
530.750725269128,2,1,2,4.128608147614152
1396.4833837455717,5,9,45,11.830519799548306
326.37237458358163,8,4,32,9.078063321095895
1452.1652476056656,10,7,70,20.291400670433692
388.1121277851904,8,5,40,11.90913752648129
1138.1925518535613,3,7,21,7.171192767862989
865.3481708562364,2,7,14,9.20669471355024
1338.270218635463,9,1,9,9.256354639468624
875.5905577043833,3,1,3,5.037807802924007
848.3829068188321,8,3,24,7.596761837218035
373.64120051575986,2,10,20,8.00931305475071
332.72110687232225,3,2,6,5.152543244152562
1383.0848115617198,1,7,7,7.582342300088471
558.9734783900477,6,3,18,5.860643078190089
620.9151569480543,7,7,49,13.172715545724769
1163.7531217997437,4,9,36,10.240358930759566
574.3528753919303,1,1,1,3.722513825544471
1432.8874252946039,3,3,9,6.1628865427300275
1133.0988765983204,9,6,54,18.080687386885533
936.400939602788,5,9,45,10.983841700705945
1333.2532247626534,6,5,30,9.509247980739366
169.44827168927586,4,3,12,4.459685697212245
459.8877690648922,1,8,8,9.011802261841119
751.050867909274,5,5,25,8.868618323453038
417.76995526012945,5,6,30,8.095841332697903
1141.4672622230128,5,2,10,6.109597800281947
1386.8912434752153,6,4,24,8.7600474820832
693.2781679032928,2,1,2,4.106032267116883
578.985640156653,1,4,4,4.949987934339209
1446.1710249925927,2,1,2,6.607717647935664
722.7934059585572,10,4,40,9.582357489243567
784.6677606289965,6,2,12,3.2617365668639478
592.3098212786675,5,6,30,9.235242654854055
1373.3678622169937,5,6,30,12.370463252039185
896.5376765945911,6,8,48,15.530028052124454
1167.0444220543025,10,9,90,22.794193258923386
1236.529405691241,7,8,56,17.39412102551244
578.5886586841614,9,1,9,7.879656336553474
707.172063848532,7,3,21,6.682698270739969
1287.8604841687704,2,6,12,9.576374950272019
608.5574923461343,6,1,6,6.563475794482709
1211.509186832592,9,8,72,18.29507545039111
1417.389251604212,7,6,42,12.211051854517688
972.4945222952098,2,1,2,4.381753177996886
1138.2782024326445,3,10,30,14.66254812209186
1227.1362368575888,8,2,16,6.787579853887586
1283.0555084552996,9,6,54,18.646595910238826
653.0746729995144,4,10,40,11.06543624417101
171.76884284639743,9,8,72,16.713600328194826
662.6267797314354,2,5,10,3.731067850993633
1043.2587216977258,5,1,5,5.382642708732272
730.4905400931099,2,10,20,9.264464016588054
1148.548411204558,1,2,2,3.771603447396905
599.7754012561295,5,4,20,6.358025881783462
988.6417975456413,2,4,8,4.736386932266633
360.9877267955644,7,7,49,12.872259118814311
1149.1172113029397,8,2,16,7.506665562350745
863.9743563382361,2,7,14,7.163917491149231
385.6901439652408,7,7,49,10.776600484869371
508.6756428969302,4,7,28,5.991048975784953
1148.0521920145652,1,3,3,4.766562473250398
775.641729926129,3,6,18,8.1206755513835
402.4440165503011,1,6,6,4.756400586832166
1454.1796665184168,5,4,20,9.799998865772928
1101.175027743643,8,1,8,5.52328008200786
1439.9887655557145,1,9,9,7.602429785523298
697.9470635044805,9,2,18,6.878726568168559
765.1404769684086,3,9,27,7.365099768600922
1357.1373026590268,5,8,40,14.276419157427481
835.0690763435385,9,1,9,7.298150668087442
1090.190476667934,5,7,35,13.12816318046038
453.04202849374195,9,10,90,20.639905692747124
725.4170561836968,10,3,30,9.074540363019933
272.82981213449716,8,10,80,18.239897316140233
388.37205022774634,7,10,70,16.60349171766241
101.32078137468352,1,9,9,2.447443398295508
154.97107230812432,4,5,20,6.955655428002468
1468.197352447701,9,3,27,12.151888457844784
439.2951731914672,10,8,80,19.40351643829313
1028.6349933056026,8,3,24,9.29109245625671
1274.739578319456,4,7,28,9.80859808614504
870.92464293119,1,7,7,7.034888333819145
314.40230011753863,10,7,70,16.79729740165592
1119.363012270633,4,1,4,2.610624846729002
940.3519741394163,3,5,15,9.01546510310398
1123.7508250863252,6,1,6,6.31751295496025
1177.645271999922,5,7,35,14.387661896092695
1465.574514758643,5,8,40,15.375364692551878
902.9885920373939,2,7,14,6.371463973869131
578.2975577668426,3,1,3,2.47896037209561
1007.8503796603319,6,3,18,9.233017827517326
195.8169929396766,2,10,20,6.228724643974134
1356.356245650221,4,3,12,9.396552105720907
267.1334158734755,2,7,14,6.525475102739634
558.9799730401455,9,4,36,12.059897402449948
1242.0435328765693,3,3,9,6.418564311878747
936.2373296629966,10,6,60,16.352557180387652
651.089728388419,10,10,100,22.866648486936203
762.80992312503,6,6,36,10.905864147738095
1296.3663504830524,1,10,10,4.386622159037521
576.006140483849,10,5,50,14.496151995157641
1317.50955873704,3,6,18,11.903119031266883
223.38820336736808,8,3,24,6.402990654195858
1187.517812092083,5,10,50,13.17285729205122
1286.566686276631,8,5,40,15.326284259369277
354.5447139722743,2,9,18,8.17547476621026
702.4851453210806,7,4,28,10.661963876950379
331.69968452911786,9,2,18,7.618349556893531
1089.2457805919048,7,5,35,10.137484670266637
849.4868752863194,3,3,9,6.512257757069055
989.4526853916494,7,3,21,7.689423586906537
375.0817537386956,8,4,32,8.31120256085537
396.4442068733873,1,4,4,4.250537539103035
158.0962557138689,3,5,15,5.7253546381676275
550.8945492740216,5,7,35,11.271491594092351
883.642525867145,6,4,24,9.33348218260344
1301.1088795962603,3,7,21,10.697665792958853
1033.698426442153,4,9,36,14.212466200577026
709.554852759652,5,3,15,6.686416905653774
1434.3681601517928,3,5,15,10.185634017997
1106.9432808061647,4,4,16,9.111422988319411
1402.23128400757,5,9,45,15.76412766043333
838.6231625810319,2,5,10,4.915111097949299
462.46598471039545,10,10,100,24.394488303592155
173.9573609106108,9,2,18,7.189277174269454
1116.5187920773906,10,10,100,22.21955304534729
269.8241972077478,8,1,8,2.763260155373871
523.8851795807541,6,7,42,10.12531193006201
845.4592710374563,10,1,10,4.801178919911674
890.1832228916468,3,8,24,7.836904066519362
940.8164757819904,2,9,18,10.036416340079848
332.7574624895809,7,7,49,13.038756150687448
631.6323667503083,8,9,72,19.387496270525656
964.0719179637533,10,10,100,22.24815199577467
1457.7464104872986,1,6,6,4.202720990093814
1118.6835927795642,6,7,42,11.842602672586576
1391.645259931541,7,3,21,10.272668022149169
1167.0968816398479,9,9,81,21.906364639236212
928.4037564493606,3,3,9,4.966162699155948
368.8327167908824,2,6,12,6.021309661458871
1033.3599126495183,5,4,20,7.406825808636924
972.7313923438699,10,9,90,20.957005073297235
943.456838640173,1,1,1,3.333394081290065
785.700215183537,6,9,54,16.06573345468611
840.1192455849858,9,4,36,14.065998566443508
568.2195379653457,10,10,100,21.63880794174554
827.0377696992244,9,5,45,11.419149261799356
376.57826794986954,7,1,7,3.560161688737787
1227.2441563045275,7,1,7,6.92428507483342
360.0877365781909,8,6,48,15.731830504791457
218.95280584525298,10,10,100,22.650384781303615
710.7444369000203,2,1,2,1.4283244140310178
1021.6304153084866,6,2,12,4.734657816035646
712.8035549069579,5,3,15,5.501927508615062
487.45578473183207,5,7,35,10.868982356205503
881.439657446617,3,2,6,5.431762299638483
585.8032695770798,3,5,15,6.6494748321748816
1406.0147661772862,6,9,54,15.232262362457034
1391.703195445001,10,10,100,22.821502406731852
803.3205479609336,10,8,80,20.790370165905756
559.0375916255618,7,8,56,13.99205046178196
1131.9853795392946,1,2,2,2.96214675732345
151.3981208762933,3,1,3,0.5317808963065651
764.6766084611118,1,9,9,4.448152816504823
570.8527519784669,10,10,100,25.609102546431007
1388.7502391435767,3,4,12,6.089578182277741
116.80423818175555,5,9,45,9.137052059807367
873.9408260056887,9,7,63,16.942280669538984
1136.9290134932764,3,6,18,8.051464321535727
779.0251825336577,10,10,100,20.748900102928843
219.56424222781033,10,9,90,22.25035010079727
1461.445946039063,9,10,90,24.11637127894394
825.214603926537,1,4,4,5.414195240711528
959.8607420466159,6,1,6,5.421431123474829
431.2536957905103,9,5,45,10.357289973989658
776.8973191495253,5,6,30,9.860439374759965
700.8092887416506,10,6,60,15.080397793625348
204.85417880277723,2,1,2,0.7345274575096981
248.6244949664541,5,7,35,12.501830936639967
1272.4615274662845,1,8,8,5.758015274151271
435.74793308922636,9,5,45,11.626773460457073
372.94158009808274,10,2,20,7.602496953621469
806.876031750195,10,2,20,9.004550847993281
1176.2459839075182,9,5,45,16.340927937360988
186.7251260105831,6,7,42,11.02817799821894
907.5310874935582,9,7,63,17.201435134549698
266.8946199768027,3,4,12,3.0273513600652864
151.04547115586584,4,3,12,5.365358942240921
173.84153302710433,6,9,54,16.750869191296456
1267.829751491818,4,7,28,10.094561748738402
265.1614770792862,1,2,2,3.134864331033903
163.21191017720872,7,1,7,1.7608175254223357
713.0598420000772,5,2,10,4.70859396223138
1281.5908607188346,8,3,24,9.320760223783084
467.3717270850227,9,5,45,12.912864214936002
690.397664536283,5,3,15,6.12137609726667
155.8915455892517,8,10,80,20.405632039620983
728.7099197888263,1,9,9,5.93691509557453
908.6583128919872,1,10,10,8.713590172651413
899.2698752530027,7,4,28,9.940687953451723
565.3973690441112,6,7,42,10.412678118538544
541.7464529283898,5,4,20,3.840836722348478
249.27306651123703,5,3,15,5.668535628358926
613.5176489047757,9,10,90,20.40015918820646
239.2925364221505,1,1,1,1.7415638631561108
1173.2343225968723,8,9,72,17.255655414454846
1452.7840168474602,2,1,2,5.005866813346949
1458.1042393333896,7,1,7,8.818923173771111
1311.0995391255515,6,1,6,5.363113864883327
941.1090090754667,10,5,50,11.388117680125855
1081.211976141432,2,7,14,7.578861538300692
499.2881237525797,3,7,21,6.779802288531048
983.0785882416689,4,10,40,11.745001448596915
737.9093692158284,7,1,7,4.711422560533974
774.8242756877055,8,6,48,15.044604802941985
1160.887184525221,2,9,18,8.356436385681373
494.6856978361523,8,6,48,14.03550960382288
545.2554563723279,9,4,36,10.467114302745344
1394.4985075800912,7,10,70,19.25319293123788
178.71401279136114,1,9,9,7.245156057974365
779.8880177786765,6,3,18,6.840297298312562
1377.9211205710064,8,10,80,22.304996702663
954.5082109454198,5,4,20,7.6679707274661
864.9699038969849,2,4,8,5.969357737062659
449.6418509210973,5,4,20,6.60101048400468
580.5856846902276,8,6,48,13.417926854498608
1292.86778212657,2,7,14,8.471524589688308
882.9053844758414,1,9,9,8.029369889811754
820.6390712594919,4,3,12,6.56099874239365
239.4115989560405,4,8,32,8.412370768650693
122.43941903717237,9,8,72,19.675102334054717
1449.1592641618688,3,1,3,4.687578761269998
627.7806342015783,4,5,20,8.828746014929209
944.498286939306,3,10,30,7.704064733011647
211.60110246219898,2,5,10,5.728291654459076
1056.3600000122651,4,8,32,12.460683674710927
1405.5933921883452,8,8,64,18.362125945340477
905.9313541963875,1,2,2,0.0
276.5614513255748,8,3,24,6.669841956237022
914.4101384628674,8,2,16,5.893205988329687
1172.8860983465133,3,1,3,5.8400591475743315
668.9831512036261,10,2,20,6.33290206791084
1331.772847118055,10,10,100,25.494782128354288
1008.1561347003103,6,6,36,11.181877353679509
1358.9484856048834,4,1,4,6.542323749490499
972.9074357462721,1,6,6,5.88917503526885
283.8031608067539,1,1,1,0.44935399652828867
533.5683955472648,5,2,10,3.7054738805257594
382.5129275534397,8,8,64,15.30248458737153
1372.3570968036072,1,6,6,1.7067208657099666
1164.5600942024757,2,9,18,11.884904670270904
1046.9577164740085,7,1,7,7.614754221728477
521.3528474842703,8,5,40,11.544738651575715
357.6626808702989,3,7,21,8.974752884288549
1159.0315231844766,8,9,72,19.063682891962475
763.8211242307116,1,9,9,7.43211385075816
416.1053730108808,9,4,36,12.012566360152997
963.2707694313851,2,4,8,4.96886592690786
156.46739299383276,2,4,8,4.873878340628338
556.6383557795549,4,3,12,2.618215414999337
755.9797924275884,10,8,80,20.033819166273087
307.1416677531682,3,5,15,5.742677747805104
1478.5162686271754,4,7,28,10.646795051590901
392.73631042546,6,10,60,15.275416365487317
282.49438206057175,7,6,42,11.002094744569195
384.94882344165495,5,9,45,14.28189516709524
1176.685586423614,2,3,6,4.966027209911086
695.70792298058,3,6,18,11.623370300187107
891.5823156535532,10,3,30,9.073890066880043
129.41281978090504,3,2,6,3.6908809472934982
148.20383200264038,5,3,15,6.588692157106855
724.1557697578227,5,2,10,4.663938937441031
1243.317340482273,4,2,8,3.8663585263337303
1339.3344301905913,8,10,80,20.40137738187252
221.3891946338963,6,7,42,9.361194593970167
853.7083429414319,6,10,60,15.27211932637937
1378.5215607909786,1,3,3,5.287767038669934
643.1618561570409,6,8,48,17.371367978585443
1261.392163999716,3,2,6,7.726133934678438
287.17391615921065,6,7,42,10.562313878035004
1409.5522855349182,10,3,30,12.937599167920347
1151.9926445438236,6,9,54,15.258554552139618
1417.8681499016623,2,7,14,7.030660346084068
1047.264126973509,1,9,9,7.220465013464473
608.7655047991977,3,2,6,0.5352973515337438
1413.4536415346115,5,6,30,8.705851292221753
485.79348683284985,4,5,20,8.541188625266258
565.0415308864256,7,2,14,8.17597679248227
1081.1317852024363,4,4,16,3.627244538455806
1171.4428193355407,8,4,32,13.328908536643702
1401.1648773888153,7,8,56,18.240257421820004
386.7233726786933,10,7,70,16.550498624583845
1217.1972493069136,9,5,45,14.56688043062057
1133.9644747557488,1,9,9,10.243860289388397
189.312378755037,5,1,5,4.86757951424549
642.1123976942897,4,4,16,7.225351497001216
495.871639884138,6,5,30,8.3411404893793
526.2865940956426,1,8,8,5.13737078539002
1476.1256313765812,6,3,18,9.701213109095784
999.888378871899,1,5,5,5.862503376574332
1104.7466209108993,1,3,3,5.90235961436645
1467.2646922410129,8,7,56,14.367303267494208
628.0824954406942,2,10,20,9.523603777563743
1222.5762358339282,10,3,30,12.224081109430037
708.3433486262935,6,7,42,11.95338851854216
1317.3471405409716,6,2,12,10.607704712164132
352.92055783582447,6,7,42,10.30887834662173
1426.7606478899913,8,9,72,19.5692205848671
406.2803917752315,4,5,20,8.108976301705422
556.7087097733041,3,6,18,8.408666352872249
1158.6691277494926,6,10,60,16.749285425353097
651.2571981915694,4,3,12,5.131732415577945
951.4959274730253,2,10,20,10.551065776797955
722.4029014971999,6,5,30,10.441243158472087
1139.3179119256945,10,5,50,14.91678810844517
419.6637533160552,5,3,15,2.9994502226580386
181.84118213162782,9,8,72,17.28526512377406
519.9011564622928,6,6,36,13.062708672973033
764.0321308158024,3,3,9,5.86223151780699
335.22807306975,5,1,5,2.1568368480782203
596.7162055189442,10,10,100,21.005374409577897
659.9762256109959,8,1,8,6.758116028392918
180.34858116358296,9,10,90,19.871045108795748
916.6301474578863,8,2,16,9.436115479505206
1338.0807991598026,3,10,30,14.044667340653465
312.4400781342734,9,5,45,11.851755533650623
936.9312187621197,3,7,21,9.211406102198145
1030.6348868751847,8,1,8,6.736064113529781
687.0685525870036,10,1,10,4.473857008132747
1081.536622309978,9,4,36,14.422832033195633
675.0241608874169,7,10,70,18.6985785396891
806.4922031684089,4,6,24,9.04253622392709
110.29426237619776,10,9,90,21.800317673794808
1068.4081597885643,9,1,9,7.044354732272869
1025.8797505226144,3,10,30,9.820191844121897
153.7612282568824,3,5,15,4.249221592617696
615.5501503531863,2,9,18,4.912581800444003
1470.6445771083343,10,8,80,21.240393374886256
689.0311875960635,3,7,21,9.056802752572684
802.7235671845784,1,10,10,7.124204776859638
1373.902221423606,4,2,8,4.214313161011598
1104.1666262120589,8,9,72,18.2657298982873
914.898183573913,5,8,40,11.976548809751558
1216.9265538775014,2,10,20,11.334925645665757
1310.1127730383625,3,10,30,14.167958099609155
739.6433004321736,1,9,9,2.6247270831147
765.1517109045695,2,9,18,8.312070911561483
640.4713099125701,1,9,9,5.624785189658691
1453.388596025845,2,3,6,5.215752602585244
1076.0327560064907,3,7,21,10.265185461165693
216.5122926913012,1,1,1,0.5337617561274806
1308.1434726382258,9,9,81,22.092925910366723
772.7839171707753,10,9,90,24.632616727665564
196.25546899148245,5,3,15,4.667153835650526
869.6041572286355,8,5,40,11.813682753777181
684.0299905659829,5,8,40,11.708919937276386
1328.849166807675,8,6,48,18.238184695515802
385.59244505314234,7,10,70,16.621018210793128
1257.0504532890561,4,10,40,15.919053251317806
880.7641676596338,7,9,63,16.857671441695953
176.45442449885667,6,3,18,6.308312820571499
1460.5834218556786,3,7,21,11.013648222969742
817.6613417444798,9,6,54,14.27625798922972
507.2275959242155,10,5,50,14.988237541204454
757.1695787849613,9,4,36,10.799127773079809
1301.0008969244846,5,5,25,8.249200134649882
526.8643741390889,8,4,32,11.378769975687565
369.74695508138046,7,3,21,8.104972599197557
280.69974570323404,9,7,63,14.632231760644538
517.0031577462958,7,6,42,13.56314024976037
1192.067321856061,4,4,16,6.107571865797235
760.2769112733664,4,9,36,12.354884088518235
418.47424517095595,8,1,8,2.2978917501377527
332.6589994536489,6,1,6,3.1813994181131298
565.8212671145307,9,9,81,18.31832216844289
1415.8941220399925,10,7,70,17.24288217761824
580.2373976260342,7,2,14,6.19724262210866
1483.3737063364895,7,10,70,20.064829667066178
779.3226380714987,4,5,20,8.680835512478811
350.8294856062112,3,4,12,5.004179539853527
1347.596128510913,8,1,8,7.341485697662868
744.4975223887576,7,9,63,14.9543259196466
1093.5398809063342,4,6,24,8.066687681768057
1477.1962164928125,4,6,24,10.127666456177598
170.24549044796362,1,4,4,1.5263313012349813
235.372383702594,7,2,14,5.479061374519492
1108.6394380478587,1,8,8,5.9422665889079
494.5550046136608,10,8,80,18.951319561663766
358.0219557301387,10,3,30,6.919374439138208
155.1066317476213,4,7,28,5.941987554843754
130.58539678068252,3,7,21,6.035627881306686
1184.2798443677073,3,5,15,5.528415641486828
288.20679831737,1,5,5,0.0
754.8088623596112,4,8,32,11.433476381819705
948.2555412512762,1,4,4,5.853507095603403
699.6925207963848,8,1,8,6.712178507598718
137.94931327072635,1,1,1,0.9093574108556306
1196.9021036230724,6,9,54,15.646746317548164
114.71851435831488,7,4,28,8.278353580240852
1166.6458521284776,10,1,10,6.251349392200032
1350.6262913033718,2,2,4,1.937361493797785
705.9758894800412,4,10,40,14.393163113793767
849.7594623369175,3,7,21,8.571040333932716
767.7767496647152,9,2,18,7.664884143897248
644.8920660728144,7,1,7,4.364746323715841
1342.3943495185044,2,10,20,11.175244409979113
1351.5069149379867,6,9,54,16.025904850498172
570.1429104981484,9,5,45,11.856209347926011
961.0976556205771,3,4,12,5.718748192192143
1397.6705870042097,6,4,24,9.892694351184717
1446.881898517892,3,1,3,2.9147471520651345
812.5426565908665,3,3,9,7.196427162993129
733.9547273980575,4,1,4,2.75727563020241
490.1720422999361,9,5,45,11.237580012469639
1442.420622466574,8,5,40,12.717959439232667
299.94002626201427,1,9,9,7.213618575261929
911.7614064668151,1,8,8,6.1207617211842535
495.57037452609444,7,5,35,12.087453932636805
490.61160648691526,3,5,15,5.636719266972268
666.9560223266639,7,7,49,11.452671041351111
1498.3101101419163,9,2,18,7.9441849796346595
176.9528295757509,3,7,21,6.17474679834097
909.958545484944,3,1,3,4.542788497341515
215.60102124938805,2,5,10,3.843747888374635
316.32916198672655,10,6,60,13.26187432013804
715.3881184820582,1,10,10,5.059421243043625
814.6441838850178,9,1,9,3.331927069027512
462.3093717103336,6,9,54,18.405059336750064
543.0399832241826,6,9,54,13.462031447570924
221.7538283583063,8,1,8,5.107607066409847
524.5076973819507,5,4,20,5.338918592399514
1453.1818151327618,9,8,72,21.447824125496204
1422.5903343414743,5,2,10,5.359007749636971
568.829606191779,2,8,16,10.143765265565015
899.1955107902662,6,10,60,19.556301757291802
1373.433547555322,9,9,81,19.52373603375693
108.65735169725534,3,9,27,10.62587361296129
1234.9569984726286,10,1,10,10.186017669249674
1427.7173739044865,4,9,36,10.65142388805609
227.8560280669799,10,4,40,8.825007417479405
326.02676044608944,8,8,64,12.712865990108556
1445.0448238798976,6,9,54,14.980532774666273
852.5562010964849,7,3,21,6.646787731444097
119.87528826041319,7,6,42,10.538764234040563
460.6847982689408,4,3,12,3.2063552538035722
729.9211439764034,6,1,6,5.597442792950632
1070.0724754346747,9,10,90,22.385855332089754
1126.4245293915194,3,6,18,8.889432780905858
1493.5901180956384,8,5,40,14.931562585154502
502.5156791372626,7,3,21,7.849661868077055
853.5081426158654,4,4,16,6.571202557830517
846.652967003447,10,2,20,7.261293871403056
667.9033632261325,3,10,30,12.082078844236449
336.8266513793883,7,10,70,17.679331591680675
1468.4391884573795,10,4,40,13.865043856642139
1294.6440613332204,9,4,36,11.381429002872606
797.666239611932,10,3,30,10.745668204400198
944.5435917576417,3,6,18,6.716650563470735
418.16547498352725,10,1,10,6.201344312123206
861.3018985484457,9,9,81,19.775420005480978
1072.9581863700662,8,10,80,21.619247451889585
821.2338397412243,3,3,9,3.0997402505922462
1486.3992388189179,8,3,24,10.244154788438763
955.8783187468166,4,3,12,7.165972969977863
619.3631976290367,6,7,42,12.250581813053046
1181.0128386621734,10,8,80,18.42853830165986
338.6475162142989,2,2,4,1.560489503836913
638.3221391887731,8,1,8,7.17749159378978
585.7425305286201,9,5,45,12.5153241671607
704.5299331508882,7,8,56,13.88012807114144
1194.4917563002168,8,3,24,11.470339444738213
777.8422450287704,7,6,42,14.68018772268907
1211.6202303723478,10,3,30,9.355105407674635
907.0844643958122,4,6,24,8.259703295733969
578.8972085205775,1,4,4,3.1412388055982445
1233.9702411568614,3,7,21,10.117751784067393
433.60553877432824,7,10,70,17.196658215782087
414.1361717197137,7,1,7,4.561917556001081
806.3040936767701,3,1,3,3.143552790689821
465.1889443469245,1,5,5,7.280214948894978
112.72184893170285,10,9,90,21.185716170201125
1007.6165382183221,9,5,45,13.02482034276167
815.5313500613572,6,4,24,8.214284722503779
723.7249402904257,7,8,56,15.857163616044499
1453.7559204656416,1,5,5,4.524785132830333
899.6788575480791,1,1,1,3.054554124323095
1308.8042089051382,4,7,28,11.056523643909873
295.23033068722424,7,4,28,7.193532071245434
896.8890483811988,8,10,80,16.72191088147887
1315.1714774232642,10,5,50,12.524897405371556
916.3480601918571,9,6,54,14.68842055221239
1105.2198493778021,1,7,7,7.720968155928713
620.8609949370904,4,2,8,3.767902134338981
229.42932385189326,4,1,4,3.957861712877949
741.0604131779,3,3,9,4.38211403900779
652.2711471744005,7,10,70,16.327875019361983
1313.8842553305262,1,1,1,1.5602435859650812
441.5934232934611,9,4,36,9.193323764135073
1453.4279185491514,8,6,48,15.117961470372917
1441.3933677262946,2,5,10,6.914381579856865
446.6843003000142,2,4,8,3.921114757687468
587.2727376682487,8,7,56,14.464708394748536
1353.778037223439,1,6,6,7.965117407695582
1453.2711092545505,7,3,21,12.175905278358114
720.8147439704617,9,9,81,18.78489431377832
549.395863897257,3,5,15,5.966626163138083
836.5316185521589,7,10,70,16.441020214704242
1062.8768889120288,6,1,6,5.203940024969453
482.86432152497173,7,6,42,11.29336610484172
1131.062444466702,7,5,35,11.934124432719013
172.32029996049744,10,10,100,23.662095328670873
169.01228987018303,1,8,8,3.223504099550825
640.8027872037633,3,4,12,5.262776413744882
594.8624688850089,10,1,10,5.674248695088545
541.8865015140132,1,2,2,2.721948533456366
787.4276677364741,5,8,40,14.375501988172477
549.0270152361998,3,10,30,9.522317859998507
369.1610858553287,1,8,8,6.352104709115327
533.2573687240413,2,5,10,7.674811291672191
1464.8659819343288,10,6,60,16.06080827186564
675.5587837927881,5,2,10,5.371987168118835
722.5978876016701,3,9,27,10.203001796909595
907.162985931596,6,6,36,9.46999960389877
1476.6770757799172,9,9,81,22.272102848953516
438.2417870100682,6,10,60,17.360551311908253
1053.7949547454073,2,3,6,3.8055826663620698
1102.3785709584138,2,6,12,6.570296011311102
950.2541835102923,8,10,80,17.680060007007373
224.00967549130172,8,5,40,12.42600682447186
1047.621186158607,6,9,54,16.893285143450175
189.73259545064568,10,10,100,20.945789416434057
934.5997093698556,7,1,7,4.155627604168448
1135.4136481104397,1,9,9,6.92419633253428
395.35784686793056,9,5,45,14.178715874537911
1278.2708105598838,5,1,5,5.098295827203844
142.49532774620596,9,10,90,20.71265138107041
1281.3380091216286,2,8,16,8.990542427368798
744.4606708998712,8,7,56,17.14794976766936
404.62311590430227,7,6,42,11.049572283870326
287.2894029915552,4,2,8,3.5710686777485665
1434.6300346153216,3,5,15,9.780811123686965
201.73182261361939,4,3,12,6.348808554760057
378.73078791029593,4,2,8,2.3910367262982932
586.9512864062643,10,10,100,20.25462504613492
968.3287885455686,10,1,10,6.825855020639158
862.7215193865377,8,9,72,19.4955051587673
275.90088937723954,4,2,8,4.224417848342575
505.61917723350047,5,1,5,2.7431337616133558
434.2524795204337,2,7,14,9.164402098822922
398.9599962864779,4,9,36,9.395012147179028
675.6020710719819,7,6,42,10.105526597880138
1085.6440336283197,3,8,24,11.603018647394649
404.4341051041303,1,7,7,4.328419191466839
613.350431584174,8,9,72,20.574552757944787
647.2843975776271,8,7,56,14.520232998052878
1467.0391412095742,6,6,36,11.951915405572837
1436.5328996306964,7,1,7,7.168015906314385
1220.1926158529063,10,9,90,23.822886405084624
438.32248914685925,2,10,20,11.717475153161152
195.25223972833754,5,5,25,8.933515173528756
543.6657928088746,7,2,14,7.693948560676387
473.5123692073632,9,8,72,16.778605788738357
808.2961202049514,1,4,4,5.5549195516805465
1188.8190740949103,3,3,9,6.766034728750049
1301.6521144304013,6,1,6,4.831183327964919
1282.8097195747118,7,5,35,9.852251181408992
603.5457857122949,6,3,18,5.552698080772392
1062.128080844956,1,4,4,3.8493734990825033
537.9678765339081,4,9,36,10.98434654708294
185.26776052925578,6,7,42,12.389366434535697
1082.1913718441192,8,5,40,13.984734218476142
113.75857359770299,10,8,80,21.05074273423899
672.855622441884,4,6,24,9.185386400403692
561.130977022906,7,10,70,15.542611864493642
1070.7285539263935,3,2,6,3.390120275657089
1172.7436618645304,8,7,56,15.601730838400838
525.7324903597973,1,1,1,3.507534032032373
1236.2778202227948,4,3,12,7.605045915308599
511.4834647069073,8,1,8,3.8843768063915993
724.8569039811857,10,1,10,4.679260443751657
1117.8259378197877,4,5,20,7.484169484688755
1070.0883209147041,2,6,12,5.084504324532434
1482.31586123708,2,3,6,5.485173932182791
415.22543390230464,4,3,12,5.697848753005712
1027.2450789554155,4,3,12,6.6983496238501425
953.5546715860884,2,1,2,2.4944127184311418
1381.1378362860419,7,5,35,12.154538141940435
318.90699830282506,6,1,6,1.778237280623876
1152.5174290217062,3,10,30,10.676368469005688
895.5760627762756,8,10,80,20.65772182231084
484.5322177030676,8,3,24,11.543738057879054
764.2088798060437,1,6,6,7.148957307590065
567.287235897717,3,6,18,5.1717507180890046
911.0387639038453,5,3,15,8.038635645701863
1344.6008551405323,2,9,18,9.852269829762923
897.0269781770828,5,8,40,12.799038638003779
984.4113856572177,10,3,30,14.497123982736074
826.2469859605932,3,5,15,6.074454531645136
171.63170902366628,9,5,45,12.585132243235313
426.0019796265319,1,5,5,5.054639955854261
788.8024212049158,4,3,12,4.735275313668262
534.3293972425867,10,5,50,10.429258092213491
354.4690368656719,6,5,30,7.014915523493224
805.7859786858137,9,4,36,11.694005057050322
551.9337108269905,3,4,12,6.748275016349918
461.35070044278064,3,2,6,4.334371100196362
749.5795844165331,5,9,45,14.142675393647009
286.5979613150424,7,7,49,13.324706633236653
1398.8440263055702,5,1,5,4.207884998276986
1314.7829370869347,8,5,40,12.987983561784942
1090.6688200367494,5,2,10,6.923447498215228
248.6993586238387,7,10,70,17.80417581647862
1186.2281562575702,6,6,36,14.431531541368187
1231.1402593526266,10,7,70,17.889001368144267
1174.8704648000728,2,2,4,3.504115983534217
259.55224196693763,3,6,18,5.465327997313745
1001.4711398948706,4,3,12,2.1037414049401004
1268.054714049158,5,9,45,15.307265027188262
908.2947617075348,9,4,36,11.522931198753067
1004.9703253193246,6,3,18,7.344455288501694
741.7088711968287,1,3,3,2.210540709277946
840.1902478376736,3,2,6,5.107800908302725
148.12760169241528,7,9,63,15.472246379499042
994.5482307625985,8,8,64,19.50622601138204
214.02609804762287,7,5,35,9.814372108308508
709.0204320763128,5,9,45,13.896571388062211
509.71713673437097,10,2,20,10.1774919354364
863.5991302963984,8,6,48,13.231742126793502
286.7828697324899,9,7,63,14.872984122210479
1068.3007627626455,7,6,42,15.076468266253743
1213.0161516998585,9,3,27,8.037342066323015
328.6962296404191,1,10,10,6.06796574973753
246.03832229263503,9,10,90,20.265776473080386
303.7216759023028,3,10,30,8.740977001913391
1327.9785866579025,6,9,54,16.948531340193423
839.4649664588986,8,8,64,16.023770388575038
754.1653944105036,3,8,24,9.36635900729001
249.396546743296,4,8,32,8.299785203058864
1009.3784094597465,7,9,63,17.59696329024616
1315.1994286531258,7,1,7,9.29991689956972
1259.4602170528342,4,8,32,11.640341966576136
976.4765925731218,9,2,18,8.138009459085168
205.3902033123431,3,4,12,2.9299869404956373
257.35583804641817,8,1,8,5.778425028389678
169.03258195375454,8,6,48,12.208611608049802
460.470903089457,4,10,40,12.71025670922103
289.92605402452887,7,1,7,5.553606206491342
464.06725635340746,4,5,20,6.856563788989248
639.0812780065463,1,9,9,8.059579804998746
1420.17589769959,1,1,1,5.31978423174493
954.526483694369,1,9,9,7.668837769774861
1268.9632999561472,2,4,8,6.2370911352572405
1094.492100997265,6,3,18,7.930795146149517
257.50438273728446,10,8,80,19.55747834842749
1130.2885689235284,5,6,30,11.435501055207286
485.1384341827742,2,7,14,4.3250931714248555
994.750985792589,8,9,72,17.78195623891678
577.3467631001839,9,5,45,14.040536567721574
1496.7411685705229,7,2,14,8.365706092689956
468.97207129548894,9,3,27,8.562125346931662
490.78265908397753,4,3,12,7.824411203076504
1402.9411577873577,7,4,28,11.92387012040411
134.50216649085172,5,10,50,14.888746674296186
1075.3645830224755,5,7,35,11.369739809786708
1115.4569470302295,3,10,30,12.209132552467056
1270.930008374559,9,6,54,15.619706911701423
1464.2150348938655,10,3,30,10.075705759833191
1465.8426868193133,5,7,35,12.777103070408252
191.38746059304947,6,4,24,7.296351369489588
1250.5750518540635,3,10,30,11.789681612892068
1004.8339071203338,10,8,80,21.695740332475438
1006.2789881223276,7,7,49,14.096418522574576
279.6898972605727,9,7,63,15.614474789750938
1010.2620330239147,9,9,81,20.648673862987593
1475.4756128417469,10,8,80,21.904981295540036
1376.5459973552258,10,1,10,8.100136746502937
714.7829251267907,5,7,35,12.010041147210384
155.92716260053209,7,3,21,4.837102713165378
607.2108860002868,3,4,12,5.730756853505876
1256.9464362407773,6,6,36,11.94572319704143
1082.0987420512324,8,5,40,10.589756148202087
743.081117831539,8,8,64,14.521969594990619
177.1421492223635,2,2,4,1.4124423279733926
697.6526189526237,6,5,30,8.717560899154467
756.6349156050369,7,5,35,10.504423803038478
1399.9777460517903,7,3,21,9.442198381904998
997.5205450150232,3,10,30,12.136179618295046
536.3140833165085,9,5,45,10.665495264944742
835.4455702310099,2,4,8,3.715820495781272
192.4774309510241,3,5,15,4.230703013298011
1461.5955299096315,2,10,20,10.344749355476337
604.0838627030164,9,9,81,19.700277710187613
769.0142968783902,4,7,28,11.236649491431493
597.3975639316916,2,1,2,1.1192051518820447
1055.51642216268,3,3,9,6.723992048031722
1027.1250216614303,4,9,36,10.032825556875048
1101.45123474079,10,4,40,12.83173009239891
475.40052145668915,6,4,24,8.778203206628891
541.9358736296924,5,10,50,15.033966593235165
275.35172353469113,3,6,18,9.087743688929379
1017.7139605845576,10,3,30,14.302126893321404
155.71597826991356,8,3,24,8.119531418570546
936.7552697328426,8,9,72,16.696206025632044
1317.5742387922874,7,5,35,17.698896138411488
1347.1650076054868,3,7,21,11.25748479226662
728.6528645179463,1,5,5,6.052779322666835
743.0251634983033,5,6,30,9.245353857432965
207.75685621122432,1,8,8,4.932684774484618
1039.0710356202499,6,8,48,13.040070027859489
1249.7631885219837,7,2,14,8.50823631483833
442.51707644659825,5,9,45,12.039705492236585
689.8212342867105,4,10,40,13.657487534994496
1274.3750714713785,2,6,12,6.2390381694647346
1327.9686547272033,5,7,35,13.631597439256364
440.4519723699163,9,3,27,9.255095733919008
870.79888835791,4,4,16,8.848938710135377
369.4904108901579,2,6,12,8.70617624293774
242.63026979537915,6,7,42,11.810184607366095
1375.5687019487407,8,6,48,16.798898559659783
1248.710505924953,2,5,10,8.652273894857304
1164.0488625244434,9,2,18,8.496224979028305
168.2728463383966,7,7,49,12.976749748929922
1281.2203097943604,2,5,10,7.069359659293565
713.2617062675372,5,9,45,12.622045018799884
579.3531726142035,5,4,20,6.618157635487104
865.066905435527,7,10,70,20.167171700521635
227.89453981297817,5,2,10,3.190390746496943
1159.3051690933585,6,7,42,12.994567845515862
915.4091076436142,9,7,63,16.290814384789595
361.2261356224345,3,1,3,3.1628703084177636
363.52507967666384,3,5,15,9.327659794296814
357.9481122017439,8,3,24,7.631743825135089
179.80334257270758,10,9,90,18.297400568564054
922.9178291203588,6,9,54,15.5051205784907
1276.4874486239114,10,7,70,17.393722851864684
124.49749958234403,3,9,27,9.184471392799349
168.60650295978297,2,2,4,1.1942473533656581
901.8783873617241,2,10,20,9.648377562896933
1247.2939595404732,2,8,16,6.90410043275998
557.4344467960871,5,10,50,13.716152777684538
589.460158330811,5,10,50,12.6895839495135
934.8850964954863,1,10,10,9.549632639147575
483.8980447738058,2,1,2,1.181506340943666
137.25171250875778,2,3,6,3.8061542762205183
1129.3199253422345,4,8,32,11.727228742508396
975.9098781180344,7,8,56,15.950189820195916
913.0583986779228,3,10,30,11.785617820610069
1138.3577805885523,5,8,40,13.881189729346614
1045.3231725868525,9,7,63,18.999921646580212
388.2347834496496,5,2,10,5.976476222592254
593.4734657206916,9,3,27,11.426013445131515
276.554198350075,1,9,9,4.207078439175386
281.79981878503344,9,2,18,4.751491881101892
1046.674044899155,5,7,35,14.129109924304922
1302.0401497754974,8,1,8,7.447813108031649
1447.8256174055946,5,3,15,6.249628896988191
979.6859645692222,6,1,6,4.640053154951766
357.74185270533974,8,6,48,13.521017720926105
247.910483628503,2,4,8,3.825243007542633
1237.9913601514609,3,1,3,5.144606552185428
910.2590669039989,9,5,45,11.50860610808835
965.5990294192078,5,4,20,7.985947025624888
1194.046924256593,5,10,50,15.564524945616908
1084.5881188254323,9,10,90,21.309129182556276
1268.2415539985352,10,2,20,8.911508562738891
178.69946764382985,3,7,21,6.5124341484536155
1146.5288914451066,4,8,32,9.828978824097575
1291.1938602509335,7,4,28,9.556229513972289
500.5890594416401,2,9,18,8.18763402920024
996.626183590554,8,3,24,7.731427799082582
539.8268893717609,5,6,30,8.467326191143492
1441.1594930754356,1,7,7,4.477945893328976
146.79300140970525,3,7,21,9.304031426028391
911.7099813661371,9,6,54,16.412451927410494
333.1049658693211,5,9,45,14.323364278321446
1097.1082872480222,8,1,8,6.73581586172712
346.2463967861269,1,9,9,6.384153145250478
429.5365666577006,7,9,63,15.69233261975208
792.1191354640613,7,4,28,11.434629720477478
1380.7689299956294,8,5,40,13.19693396390334
396.40012100715916,3,3,9,1.3023433381728142
301.93602956534494,1,7,7,1.8545020767663165
1162.5675645956428,9,2,18,9.07029918285492
800.8673452675033,1,8,8,4.862346570717531
1376.49915733448,6,9,54,16.39907130685548
305.2603800237792,9,6,54,14.948849332332188
1004.299050232255,2,9,18,7.664277068126355
426.03080461254103,4,6,24,7.602681255840742
319.464600112295,2,3,6,2.9440707237211874
1056.8011812201787,4,10,40,12.013695128557238
931.1584678722265,2,3,6,2.4186005299806226
1156.7584417072637,1,2,2,2.074911053359484
533.2476070246553,3,5,15,3.97603915515104
727.1603189350659,8,4,32,9.987745703981513
667.6603468625858,5,6,30,9.448443962339434
1477.72524955312,4,5,20,8.36515445436991
509.14853943514305,5,6,30,7.288179048103976
512.7441336854736,6,4,24,9.683493186912916
596.3674923600504,6,3,18,5.958826731818306
890.4317138064501,5,1,5,8.280780063495548
453.25184196924334,6,5,30,10.504264660479185
1381.4059165309834,9,6,54,12.869490578685667
471.9597908127689,5,5,25,10.045572041923228
1354.1420241842725,6,5,30,9.954609802777524
244.86508910521852,4,6,24,6.2993380363542055
1019.1877833595132,3,4,12,5.9302863592850015
1369.7797258135413,6,4,24,11.440256646415962
336.2492137575214,5,8,40,12.15757242778202
1455.657744138957,4,8,32,12.385025487747951
734.0367045817163,5,3,15,5.185246468556651
1424.0011518174342,7,7,49,16.51268462690899
1047.548061082066,1,5,5,3.669005655554545
522.2216178229721,1,5,5,5.658775408491038
363.623534883949,1,3,3,3.17696377628712
525.2290647151392,2,2,4,2.1569053438733587
230.22437296774498,9,3,27,11.598724933885684
301.4151528806617,5,7,35,11.520913169876604
246.5246164850736,9,3,27,9.281001228321408
692.1209612381808,5,2,10,5.339248255676856
1213.809726760621,7,4,28,8.611999125425855
297.93697590287627,6,5,30,8.952601114582512
282.4486064412703,2,7,14,8.471235893744662
1000.800529324263,3,1,3,1.68526824789117
376.0561747552928,5,8,40,12.303036247947562
236.65405335258825,4,10,40,13.764768018001503
333.5880094878087,6,3,18,8.533667338050554
1393.2239542274865,8,6,48,13.436316399675674
1250.059753886667,8,4,32,10.482763690307788
595.6903872971318,3,5,15,6.492764920200044
1018.14907425835,4,10,40,13.917068489444897
852.1859431352533,1,6,6,7.2269613160509945
1047.9739688755894,2,2,4,3.794241812786896
1055.7396134478631,9,3,27,11.479936208750345
980.2276210839901,10,8,80,16.31447658774858
472.54191595223205,10,8,80,18.746099725791055
154.60898906794537,2,1,2,3.026251813112211
737.7934947861523,6,10,60,17.52583299369919
1347.3634385669855,7,8,56,14.957339214099568
897.2961619260062,6,2,12,7.734346570581728
1265.347458382671,8,10,80,18.80039278460484
1488.2740801457194,9,10,90,24.971215790450714
329.06268579358675,8,8,64,15.551625175655019
1068.4886947987752,5,10,50,14.4599783472365
1044.0110031800345,8,5,40,12.040925707350807
1471.9376263015897,10,1,10,8.412435261818697
1479.8410275339204,10,8,80,24.280241998483078
1061.3500564137812,9,5,45,15.39985199705556
441.060708775072,8,1,8,3.161361574512226
1217.9781733828386,2,4,8,4.273996087773144
249.84078789545333,2,1,2,0.0
1192.9790258402802,3,9,27,11.399259563233143
1374.2745738025749,7,10,70,19.094241034654427
635.9667526758094,9,2,18,8.412997194093593
982.8894129763127,8,8,64,16.41428783159179
702.1998249355568,9,4,36,10.509663668203528
712.8710769833798,6,9,54,12.74759880196736
534.5192447513681,1,2,2,4.12406329799361
1166.9814686304544,4,3,12,5.631031453717872
1410.6471898331072,6,2,12,5.967875992674954
1417.0512029282456,6,10,60,19.083959660119373
344.6937988249074,8,5,40,8.875792972548807
1324.6411095191925,1,1,1,4.323824091971854
1132.404017997971,2,3,6,3.8125984703719187
453.97236096640495,2,1,2,2.0340612751567306
194.19845809012037,6,10,60,12.286210800634041
475.19617363812915,7,8,56,15.516671101761247
1377.0915314941358,2,4,8,9.229226964518267
986.4501448540811,5,3,15,5.02838720815306
1109.4765252570205,6,8,48,16.151454616961786
460.0132915527342,4,9,36,11.049066614112032
1107.1434178047484,1,8,8,7.716192923333562
139.37010878909325,3,6,18,4.508686945645412
625.4498840822193,10,3,30,8.402875954561114
977.4546879592638,9,8,72,18.786098583645988
304.53519175784834,6,5,30,8.58444062506766
1252.2050042257085,2,5,10,6.828014620084773
429.0438183366861,9,9,81,17.112656317508502
1013.1935579458248,4,1,4,5.142022750219694
667.2759996054616,8,7,56,15.51708767559477
934.461033668706,10,8,80,21.727775902581655
250.43077368047136,7,10,70,17.5756311637328
123.67791989025025,3,3,9,7.080898924148798
1373.3901983324217,8,8,64,20.95814047194102
477.48201227405593,4,1,4,3.180786420227563
1247.5478038926426,2,8,16,8.661669104432619
1499.0904206610803,5,7,35,11.303071213147625
396.0037611984756,1,4,4,1.258103751180351
471.23903765669786,8,7,56,14.200700752227801
1028.003702688532,8,10,80,19.490111879786998
1451.6280884408698,3,7,21,8.575123614308968
1382.1400874670414,1,10,10,9.091361153641273
804.0257280918188,4,1,4,1.4441533046436899
1213.1543955374145,9,3,27,8.602555356548198
290.0441943398615,9,7,63,12.572472158645997
1468.4134578856172,1,5,5,3.9580187014960004
1450.094527650381,7,9,63,17.144353780793164
329.22054103083934,6,7,42,12.770557097452784
519.1923747243493,7,3,21,10.387582419290291
240.2169965094737,7,1,7,1.439277394195381
480.4046384574516,8,5,40,12.676465497140974
1242.3381051812894,8,10,80,19.43972957430184
629.6418500313632,10,5,50,14.004303888582866
223.7557540054617,2,7,14,6.812697738276658
579.1157346904663,4,1,4,5.466510340183346
1473.9366679377922,4,10,40,17.741759925784258
981.5570333628841,10,2,20,10.32705658333337
682.6253249686208,8,6,48,12.652767621998143
333.15391889617797,3,8,24,6.05847740467343
1480.6475161971728,3,4,12,7.609888744636635
1249.1886129683803,2,3,6,6.167196146280114
494.06822343128715,1,3,3,1.205899689510591
198.09617400966522,8,3,24,8.759805475756675
179.27578032858125,9,2,18,5.916715329636619
268.52940930774736,9,1,9,3.2913443568204976
913.0760170601902,8,5,40,12.431396366177731
1400.2687896876894,5,10,50,14.44663637970594
795.4407992083783,1,5,5,2.906586211270204
1280.123675438676,9,5,45,14.440831047282016
724.2412678037309,6,4,24,9.071459454307197
1092.0169640749555,7,3,21,8.086033561298956
1124.6218322011011,8,3,24,9.861299219335923
343.5491882646741,5,2,10,6.199584887548292
605.7024825661365,6,5,30,10.759647791665813
992.2230191532335,7,4,28,8.645252937620171
198.97525145811267,7,6,42,11.239865271562225
606.1562628681393,2,2,4,2.1638272305217354
848.7192527936694,1,2,2,0.9968096775982738
1494.7142902624942,8,8,64,19.153448654546057
764.346987671417,5,6,30,11.432722052240251
1242.479459960053,10,3,30,10.473799360485128
704.8941990932648,2,5,10,5.862021514616527
1214.9470116675925,3,3,9,8.200663817026573
933.5807222681518,6,2,12,7.804647087272088
1341.2336181033577,10,3,30,10.503005245424724
675.3195732901538,6,1,6,4.331176182357024
946.0261877500704,8,7,56,14.429895021827567
982.0261528663583,5,6,30,10.707843171671849
684.3361185206626,5,5,25,8.679372975487778
302.0368611624741,7,6,42,9.674746323935558
230.98316967726979,10,8,80,17.978047834099517
123.34017083948635,5,3,15,2.099266498508067
1322.9479699433004,9,3,27,9.037581525621462
431.0648771341724,6,5,30,9.781237525147038
396.10944899447526,7,5,35,10.357126320116656
1130.4495605964917,8,1,8,7.681160824034269
548.0225583223485,5,4,20,7.275135809009978
808.4625693765712,4,9,36,11.522669494315421
327.5154914164388,8,8,64,18.64188663952651
1443.6440100467569,10,3,30,11.078383762779952
1292.2139600241323,9,5,45,13.45668403065786
1309.3054721510046,1,5,5,5.743023512157343
669.4832480008073,3,7,21,7.022262782261229
1167.3056991900419,4,8,32,11.920190986034443
301.42661754569224,7,9,63,14.66629815559547
112.06660362849239,6,7,42,10.477157191983476
127.96210560923937,10,2,20,5.937980540287973
921.2424323663846,10,8,80,17.37580155325219
737.5528673471171,1,8,8,2.5506868941958234
825.2214884719276,4,2,8,2.71476803614258
110.44839658410717,6,6,36,11.532530564889713
691.761267520396,3,10,30,10.89623392817623
1105.2954256812052,2,1,2,2.790370941789088
719.7711827544102,2,7,14,5.380151413821387
1125.1068888371112,10,10,100,26.141808075465956
426.2265501555687,4,2,8,3.089931918649471
1238.3988062744156,1,5,5,4.25914049140742
923.8037366348332,10,7,70,15.30982873186135
395.0683392018687,2,10,20,5.043576284331206
431.4086661953661,10,9,90,21.654892334768597
979.2426503973519,2,1,2,5.787976238136568
1261.9154304974206,4,9,36,13.168445348846312
681.8788948408172,4,5,20,7.988510606579406
461.6206007786291,1,6,6,7.2178629512711145
1313.8162496748405,7,8,56,17.078901629643703
1036.975608451169,7,2,14,7.0623311930711585
727.3196821963071,10,7,70,18.593873052368835
783.0602733910225,10,4,40,13.520448614308282
385.959055110955,10,9,90,21.636142084458356
977.5236820907816,1,6,6,4.826629428590503
602.2395147600441,8,7,56,15.414239114641223
1493.9032473440889,10,6,60,16.348374447195756
772.256921366643,7,8,56,15.197986314712852
780.2398486654585,7,6,42,12.956372790141854
892.1925023749407,6,7,42,15.442602497849006
1383.4584043662453,4,8,32,12.624938390728156
1221.1453398036504,8,1,8,6.4669048346870595
731.582097716978,2,10,20,8.462470401264392
1106.1789723619145,7,4,28,9.236347623910296
920.7296982930663,3,6,18,7.261342090604947
789.3138681817485,3,1,3,3.388935570151622
369.24208189809076,7,4,28,10.01223275836498
749.5107688368473,3,6,18,5.587507377792038
444.1460218316045,5,7,35,11.587456496316394
1380.7790097923166,8,6,48,13.91368515586029
569.5695388948857,4,4,16,5.28757332874444
1433.169620346721,7,7,49,15.882395384001557
846.2774061325957,7,10,70,17.729927424815777
984.1621301466245,2,2,4,4.682971741424413
860.1166222850588,8,6,48,14.30238552997152
281.13286375338123,10,5,50,14.270947021904224
626.1497066111174,10,2,20,10.029901161143783
238.8045571886735,9,9,81,16.347588603053463
972.1356618567345,6,7,42,13.150931017253535
725.6238732806145,5,3,15,5.2916050795011635
1189.1789601993116,1,7,7,7.1554072363881795
408.6586733991178,1,6,6,2.309001524119151
330.39248180106887,9,7,63,15.687316950177213
668.8651233492749,4,4,16,3.7146302140830576
1397.2195365057337,1,10,10,8.659633042129023
1094.5905410173764,10,8,80,20.39756086788573
686.4930747100861,3,8,24,8.064161191240517
824.1810376560347,6,7,42,11.957548954205162
217.89821564793766,8,7,56,13.481032732530663
1478.4062549265584,10,10,100,22.632416284031667
1032.9702265728865,2,8,16,6.321262470697175
499.56569584879145,8,1,8,5.281350878133485
920.1317519013421,1,6,6,7.042482413962126
253.27531249659157,2,2,4,3.6866720722795687
1452.171336330617,8,1,8,3.860923652103363
344.6989830367123,7,10,70,19.1494247230149
1007.2424452772998,5,7,35,13.516012824988872
443.63624755450263,10,6,60,14.166771534604479
1104.58593570795,2,5,10,5.217558878903376
1187.5499141363935,9,5,45,13.048581976840838
1042.7876204760057,5,9,45,14.433191371257433
960.2992443572696,8,9,72,18.26541517824141
1349.4567315328163,4,6,24,10.482585305102653
210.07739538566125,9,3,27,6.416719624920953
563.2806720922733,10,7,70,15.818927263719756
447.60247148318433,7,4,28,7.481808986555437
1483.2195468915902,2,5,10,5.8411708971880865
645.1456915336229,3,7,21,8.781357358963655
1125.6577789365583,2,7,14,8.119951210737524
1058.6152294334065,5,10,50,16.104750874264194
396.9137324683288,2,8,16,8.616306366235232
434.59675229617187,5,1,5,4.110736553333647
493.79838897424776,9,5,45,9.7642311980021
675.5781895631309,2,9,18,7.624377152289624
428.05509191073753,9,7,63,15.381743319047137
127.51207584558692,7,2,14,5.641813861782594
1331.1502795300737,7,1,7,4.796977812895093
1451.8537639332378,5,8,40,15.82368132299669
578.1985418441951,8,9,72,17.354378498404174
573.9096311956621,7,10,70,17.25164138709883
109.92853788411938,6,5,30,8.226500874474429
1052.3509636625236,2,6,12,6.131472734674537
1255.6158540480803,6,2,12,4.308395974752388
305.25162050400445,2,5,10,6.572129573888752
323.532889114011,1,4,4,2.194995993421012
1206.116549960013,9,8,72,20.056987343565368
962.8070476958026,5,8,40,11.987557099254492
162.8047806788038,10,5,50,11.881917007014401
971.5657866471944,10,8,80,18.27569149660062
532.4848119812725,4,6,24,5.592728723997097
616.2152176591843,8,10,80,18.964428217382107
1177.6239856156324,5,6,30,10.0236945404205
1235.3092697416548,7,4,28,12.524952606042538
660.4992775757629,3,10,30,10.828671016447112
1426.0141104088966,8,3,24,11.764338793875071
669.0478051329011,8,9,72,15.885261377266373
1180.5704493221538,3,5,15,7.5889113243635355
777.4281703899627,9,10,90,22.580913368052034
1356.5452571309177,8,10,80,21.28146312324563
1370.8657411102502,1,4,4,5.466960338737938
222.38353101951742,8,6,48,12.070606879602037
1411.090663834316,4,4,16,6.230676484852861
1255.748778128582,6,6,36,10.061779000165739
1207.8350000377336,10,10,100,25.47567694611701
381.2758755597314,9,8,72,16.47162762545862
1227.166892256531,5,8,40,12.514825692464028
1290.1858285590515,7,6,42,12.389136346166822
504.8104682358113,1,1,1,0.5194677326554771
1433.1641097072531,9,1,9,5.122507442694888
169.80420495882996,6,3,18,8.343672728805046
309.8729545459955,4,2,8,0.7619024833897581
852.61359327212,6,1,6,5.837026419423048
906.1094595712335,5,1,5,6.095526462917842
1003.2101166212648,3,6,18,8.218595397004087
123.75678104165304,7,7,49,12.235043499417719
1444.5134844709823,3,8,24,10.93840516780057
162.42332982780158,2,3,6,2.4262044792674793
300.2867338127634,4,1,4,4.274509941172392
119.62032453647977,7,5,35,11.268505845121298
893.6018066117325,5,8,40,13.300740152128398
1405.1736374893612,9,4,36,10.034180006142787
1032.3260325126498,10,2,20,9.877300104242446
1251.7204558725982,7,9,63,19.578598936759235
118.59368484201212,9,9,81,19.599525332846145
858.8214178716165,9,3,27,11.145320963596106
743.3881685077306,2,7,14,5.892762356164125
798.5551219091103,1,1,1,1.7358849068713296
201.0984594692631,4,8,32,11.567666538680262
1058.2095054970305,4,8,32,12.31504198994114
804.5085808020882,2,3,6,3.9381858307015554
1171.2083898057695,3,5,15,7.084525635120489
779.4068876864015,3,4,12,5.8879174323125465
309.1342907170049,5,7,35,9.720995112813096
1007.5597357089508,1,7,7,6.173569253991124
341.3409069472327,9,8,72,22.097573986117062
1321.352388696741,8,5,40,11.987076822004171
958.3627346969381,8,5,40,9.62621031391997
320.08543697973596,3,8,24,7.34628793457911
1447.2732804736895,2,5,10,7.826116612872799
825.7116486694489,1,1,1,3.4041744023952907
202.05783262031701,6,3,18,4.490564491444763
977.5660661810941,10,2,20,8.190187335558555
454.4784698179343,1,10,10,8.007642758973052
1225.1708326282235,5,5,25,9.539110959605374
1244.950902992667,9,8,72,17.65379254832492
1470.5262981965266,9,9,81,20.1704260627857
802.6173434343052,4,9,36,13.917232118287597
736.939631618832,7,1,7,4.3434211848289435
1154.8658476250728,7,1,7,5.938753586191125
285.4589188786972,4,1,4,0.37285875260474066
865.6817193103739,5,1,5,4.02582778488486
864.7466401831913,9,9,81,24.415460948353907
225.2623719345421,7,1,7,6.684584984803539
685.177719709679,7,7,49,14.001646645632594
1294.5987179940828,10,6,60,19.41197176068736
1298.6150707925244,7,9,63,18.65239250206513
238.9327308875534,9,9,81,22.416704583384615
227.00923584696318,5,4,20,7.554580582522631
467.77366780270944,6,9,54,16.4455254295198
1324.6724875755908,3,6,18,5.4802286233256385
280.4636191028985,1,5,5,4.190084610944928
1107.995523678425,2,9,18,8.196117324681122
241.63186745834452,8,7,56,14.924830575827716
972.3929952469555,1,9,9,7.9788018110718255
598.4942187668028,10,5,50,15.772589015577399
1204.4795481522137,7,4,28,11.876147600267535
427.16662835550903,5,10,50,11.740297034942612
994.8825611459438,6,3,18,4.913562865507163
429.9555484062389,8,5,40,10.952273852785758
1099.1243963570153,4,9,36,13.524654673851467
1323.1492483850484,6,3,18,9.297552688981892
277.52251877746403,3,1,3,2.405812664408426
1313.233964033705,7,2,14,8.547745945795585
931.0053561800171,2,10,20,10.695554181849875
277.95468721383355,8,5,40,11.058267527323792
698.5585975035968,7,3,21,8.779617789054248
325.2044108791371,8,6,48,13.715396655321223
1080.4870444131973,2,8,16,8.308641088558007
1162.4153881851296,3,6,18,10.543867658357003
248.11512838191854,4,10,40,9.898525477724903
808.5957937725021,9,9,81,22.542848476595864
1240.475078436284,5,6,30,12.448622136721161
1410.6282581713951,6,5,30,14.36017910829659
818.925013438478,1,4,4,1.859115534314951
1430.3909130559698,4,2,8,5.533862706078686
849.9645586384418,4,6,24,9.623318140353772
651.8666924398711,10,2,20,8.490960050014822
1287.4843799740536,8,5,40,12.326994674109002
790.1757946413247,8,1,8,6.040738687741058
760.6635147903322,10,3,30,12.090146942041455
786.4374851737596,6,10,60,16.584348967161425
1285.4990026176436,8,5,40,10.923782672697747
1264.718158363273,9,7,63,20.561625843133573
664.9279894162956,5,8,40,10.591586986934137
566.619803818735,1,7,7,3.4562148118887657
788.699233654781,1,7,7,4.6391669852969954
901.8815136319527,2,2,4,2.88158935784016
433.67209487919575,2,6,12,6.080787414088371
1211.537118601827,5,5,25,13.587987653437516
781.0758720253921,7,9,63,15.369621526906437
567.6637677879435,7,10,70,19.37675905606044
249.54939014958686,4,4,16,8.625682562962213
434.3832245650497,4,7,28,8.433120436936516
1428.9936404583773,10,8,80,20.908521115885566
527.1395615473373,3,6,18,7.512414247638719
336.4030051138494,2,3,6,2.6881580798073914
744.9419083169905,3,5,15,3.915540656797486
529.9228407043481,8,1,8,7.088237272092885
149.22295037967183,1,8,8,5.235643167265521
552.4033041911841,4,2,8,3.458346207135562
861.752073515256,7,10,70,18.258015455304307
872.3973208279536,5,7,35,10.821095505279224
599.1824896476442,2,9,18,8.98707553381565
726.2238587536409,1,1,1,0.9536940778551362
1451.725085528673,6,4,24,9.337170020081373
628.2878681224363,5,7,35,11.023280121834786
461.5175385639762,3,9,27,6.52168821166801
440.8538616934642,9,2,18,6.712843756734477
740.8704577857878,3,2,6,3.0504704313919255
1163.3282082037217,2,6,12,8.03932909306737
388.3834578638625,5,3,15,6.097285754214269
1093.0145779970753,9,4,36,13.788677264746616
129.6097526891828,8,3,24,4.436803720148026
686.5061691775244,6,1,6,3.54764207582321
1186.2110912839016,3,6,18,8.665745267656158
574.226138084204,6,2,12,7.48644212787127
889.2319420235592,5,2,10,3.9189816392158567
386.9709259562751,1,7,7,3.7185973780366526
1138.7935475766412,5,5,25,11.499520100568201
173.19074457626346,7,8,56,17.502508374054806
1293.5597028257005,9,2,18,11.34602634893863
377.4749409903354,1,10,10,9.128604866481266
1324.157244391663,3,8,24,10.994991432506724
593.5409378207243,8,7,56,14.98568882185448
1111.7570042642812,6,10,60,19.876150599515245
546.9154169006638,5,8,40,11.30488483030334
1368.2763397285066,10,3,30,9.921038494442849
277.2919757257241,2,8,16,7.179658229722613
349.92770498163816,3,6,18,6.158834438113065
790.2421752223232,2,2,4,2.427888537460211
214.7138146534046,1,6,6,5.305371150761081
374.3722585824667,7,5,35,9.72361957656953
1421.2729350968202,3,3,9,6.569362896917624
1467.085525607042,7,1,7,7.295902124215665
626.7630610625907,7,7,49,10.855796614280422
1392.60042941951,8,2,16,10.24425113364969
862.7545459428044,1,1,1,6.026913622488985
477.63945222327385,5,1,5,5.526278289454666
1083.3582095128381,10,7,70,13.07759617251537
1022.4625292048,9,1,9,6.833082599558012
1484.7754467522268,7,9,63,15.33191135633702
471.0662023729966,1,6,6,6.3327006800441685
1040.8833037264296,8,4,32,12.677765308196498
172.83325704122564,3,4,12,5.2045803896546445
259.10445417540717,4,5,20,2.753102714037925
105.48572493153057,4,2,8,3.4265534530799098
1499.2449534835423,10,5,50,13.817010838090725
1223.1831760064688,8,2,16,8.254349089861979
1201.4122206269572,1,4,4,4.8811690517023445
813.6165054034516,8,10,80,21.5911589335585
520.093916067616,9,5,45,12.252944881999403
311.7699982477463,9,6,54,16.332442936224187
498.5446343850491,5,6,30,9.993431814935061
626.3597107007947,4,9,36,10.665031989583179
1158.8341357724116,4,4,16,7.386634718852041
855.5265044644134,9,5,45,15.092386991262055
208.47707717767577,8,6,48,14.547344548828367
125.24061254247714,10,4,40,6.837607773918461
243.2650513476884,10,6,60,13.093437220232136
674.6981991763311,7,2,14,5.40849435836254
1406.4700838686256,3,7,21,11.77242376593329
992.3634736929102,4,3,12,8.071031353309971
1222.556259825721,9,10,90,24.151954441640243
752.924432306368,8,4,32,12.009003365591077
606.33251647306,1,9,9,9.03184585671464
251.7605218032718,3,5,15,6.493135057332854
1326.306231060687,10,9,90,24.38625181261488
1196.424040639064,2,10,20,10.640873302379038
335.3653366368152,2,10,20,9.855096553616393
817.1647894267647,8,10,80,19.307372258249938
782.3247310897428,6,10,60,15.06364665132927
975.12817376114,6,6,36,10.561374438640108
1424.6616515877656,4,8,32,11.63621093233747
911.6800184674715,1,5,5,6.096719326357034
856.304173490066,7,5,35,13.536136896974334
170.4521061085295,8,3,24,6.633174778799429
188.07046642523352,2,7,14,9.66864323009547
362.28550785750446,2,2,4,2.390726616727137
145.4590803684476,1,3,3,2.270185375995749
1140.6940537980174,4,2,8,5.9111981329116245
1112.6624255915485,6,8,48,13.478862805581427
290.4787282043001,5,4,20,5.930766115806517
1270.5104611133934,4,10,40,13.284630200892774
316.7004487845568,4,8,32,8.071629335933915
521.6458217963022,10,8,80,18.013764822638173
448.567658825911,7,8,56,14.481256192410555
621.2299380022669,7,8,56,14.332726335840073
456.52927224594663,2,8,16,6.1402016022845265
784.5312970138328,7,9,63,18.256854438680612
670.3710338965595,2,2,4,0.7141222163084078
1481.1972870910572,4,9,36,14.04014199397862
178.2968901795159,1,8,8,5.28307033589838
299.05392694229226,5,10,50,14.023056638293161
173.95625147204348,1,1,1,0.0
976.1776729753261,4,5,20,7.3197067290935385
176.3129883792074,9,2,18,7.140242125138917
1271.0156323265726,8,10,80,20.130995955742232
816.7140829546989,6,5,30,7.628604785502187
837.8106744141472,8,8,64,16.471788547176025
886.2323107970719,5,9,45,13.3359696100575
339.139188828695,7,9,63,16.922153121727806
376.76642436028254,8,1,8,6.457301834266092
546.3442520222065,7,7,49,13.549792216106376
930.894982150592,4,8,32,11.717049618256697
394.16488631630034,5,10,50,15.371812758714679
262.86441798656574,10,3,30,8.943839133032748
1458.1636409858052,6,6,36,13.32864617623683
130.77454073347207,6,3,18,3.8321261256286614
1223.7763674704304,9,9,81,20.053739672940647
1203.2492094050308,10,3,30,13.677749413016059
516.0997593831344,2,2,4,4.568710633430364
289.87726241023876,6,9,54,15.333413695791295
303.8801053875928,3,8,24,6.978468382647977
1076.4042641320693,2,8,16,6.067657564159273
999.9292275206432,6,2,12,4.962140712176225
1195.8439439519414,4,6,24,9.746598846886044
1412.4736413587466,5,5,25,10.871689414348426
1068.6983085732288,5,2,10,8.313461470711816
318.19215117202083,3,5,15,3.9789721258252597
440.8196634715749,4,4,16,5.231522918214534
1279.0712232223605,3,9,27,13.55719842728184
393.028506167892,7,1,7,1.9518229905569457
201.53124373627398,1,6,6,4.332148091496219
1084.5920756591506,6,7,42,10.183027269119986
663.5368976861988,4,6,24,8.005700535840875
1388.056073564265,1,5,5,8.775386674566239
1010.3570995311262,1,4,4,5.3445778365007985
226.58656890832503,5,5,25,9.690322096707861
1426.999194155125,5,9,45,15.522688646534242
461.98016909634424,10,5,50,14.217232386079022
572.0974865688,7,10,70,15.296280926999744
663.1645791569589,4,8,32,13.624051033222631
171.71401496603855,9,7,63,17.739060927649223
795.1215911228468,4,4,16,5.670829611420988
272.6458875054092,7,10,70,19.44247587444393
661.3584573636924,5,5,25,10.169031041885516
590.9937031889181,5,7,35,11.712733143495571
1181.9761167971046,6,6,36,12.282916163435392
1224.4387162858236,8,3,24,9.497942926566152
314.7780353447232,5,10,50,16.239797525207933
613.1716623309167,3,3,9,4.878736901401205
622.6944254445643,6,2,12,6.353754042438239
311.97462151051906,2,3,6,5.80945171343596
1217.8349070716667,8,10,80,22.57982350804563
1090.1196596695927,8,1,8,4.3276702183296845
366.5345008158486,3,9,27,8.406453339488861
613.4106720313187,8,2,16,5.593316221155053
248.1270347991199,9,3,27,9.11384666401527
979.4892359302615,5,5,25,8.485767797291922
269.92069436806753,5,10,50,12.96677057116491
1480.3078360748848,6,4,24,9.608928424247466
1192.9549045630072,7,5,35,12.292325133569625
646.333969417593,3,6,18,6.901034691971039
909.9895051910962,5,5,25,10.522510104784955
1375.8785427029723,1,10,10,6.915889305329403
875.7389925541565,10,1,10,4.431404095504766
344.29788095713724,5,6,30,8.109961777887872
630.1846978136231,4,9,36,9.93522331323435
1280.4028110416436,1,3,3,4.594399929727233
1001.898222385465,7,2,14,6.404186442091354
1011.0141380673205,1,6,6,3.673932701990978
1313.5500799638849,8,3,24,7.850712056716453
1351.5622804475065,10,4,40,13.577471590816712
1387.7096004912107,2,6,12,8.926608050308936
232.78887055441854,10,6,60,13.80697968422988
861.7764027483413,5,2,10,5.392542414132019
1136.713329705646,6,3,18,7.010232974758178
1159.6975831778193,9,9,81,20.54184992134073
949.4026827580054,7,2,14,9.54214435709514
333.50226925714384,6,3,18,10.11631211345993
1216.38877551833,5,9,45,13.61329186242977
1108.155866920924,6,4,24,8.449277962500524
220.5900801686508,4,1,4,3.2893771599487778
749.3337545441268,1,2,2,3.0794688537667434
343.568359330525,9,3,27,9.658990673853317
572.4678639981606,5,9,45,12.807640456748056
125.31352908795961,8,9,72,16.777509785636294
660.4618157750615,7,6,42,12.783289606712417
869.8276896186946,8,6,48,14.102910516518358
967.4156299579215,1,3,3,3.161786281343081
1028.886483180194,9,5,45,13.693610925044469
1270.807838343444,1,4,4,5.231450756368265
401.64807018602204,3,10,30,6.064533486599923
268.6745514138551,8,10,80,18.85169976247041
1292.152040657096,1,9,9,9.18895190835228
319.2579408497098,1,9,9,5.230641195448646
1464.6641138706734,6,1,6,4.913279031791159
1279.5535211580918,5,8,40,12.148838324192011
801.2272482454388,6,9,54,15.595341633773023
1473.9899948908353,3,5,15,6.617892138350918
236.3274207512059,10,4,40,11.429733386011593
524.2920656451423,10,10,100,23.28700628723626
993.514181056856,6,4,24,6.98622877426708
590.0096158624502,2,2,4,4.59830737283977
1399.7215727731086,8,9,72,21.47692980253758
191.8765234489446,6,5,30,9.060858766518255
869.1765648853503,4,3,12,5.9963040683776985
927.2127743531603,4,6,24,8.303166491602683
1013.8193732881138,7,9,63,16.484097022842167
457.9327126645402,3,9,27,8.81631554530939
610.3929985278103,3,5,15,7.485759198827067
1281.1527415309688,6,8,48,15.621476965083186
372.91987655822373,9,4,36,7.4893149969119115
1257.614986042707,1,5,5,3.342800906308611
887.7175920638393,5,7,35,10.082927774678083
1167.062515671715,1,7,7,5.786699316280981
1099.0503127688603,1,7,7,6.99477817679626
390.5160935388306,3,8,24,7.672102160674097
896.337831007422,3,5,15,7.571109818465122
1314.8124139271292,4,1,4,7.224232779825666
704.9627315227011,3,9,27,9.0861700822883
1453.2270783126435,6,9,54,15.033873558898442
733.1011401424053,4,7,28,7.97564697817948
299.89989133503855,8,6,48,11.047781181258852
645.2085521087425,1,5,5,5.1719523019530245
1432.383368946752,8,5,40,14.40262490544496
547.6091890757959,1,3,3,3.9852727053186268
1315.3374238138879,1,10,10,6.856824484771322
1333.7509543546457,7,1,7,5.642328430276345
590.2611340647454,1,6,6,4.209956745636047
216.56072127088498,9,8,72,19.707786879111563
1114.3810728223457,8,2,16,8.272750540137569
536.1172186195804,1,8,8,5.937875204190631
1196.0930599606013,2,8,16,9.009154912843606
719.7167875646063,2,10,20,8.395269522672153
779.3734392796702,2,8,16,8.36329649347351
1189.0731694479516,6,10,60,16.460475038562496
635.3086634862791,4,3,12,7.612187214565385
720.3782834520804,8,10,80,18.533696133635566
626.666656277471,1,8,8,6.236749583650377
614.276721388192,10,4,40,12.83418170214592
836.3252076620431,4,3,12,5.752662258149218
1232.319222301611,10,9,90,22.75514238559952
606.4756366915922,5,8,40,11.611185537278155
833.9566087528314,9,10,90,20.498255900752316
1039.0182556196412,5,2,10,8.479048582918704
477.21522482511705,3,8,24,8.11656386550726
488.5319268633496,4,3,12,3.218586587408028
1406.7783778328367,10,10,100,23.728955685221308
1112.9484026635241,7,6,42,15.019017063654404
908.0613467126325,1,5,5,8.281815831564115
1006.8080761888567,6,8,48,14.771175556466941
141.0192203447857,8,9,72,18.266640076469805
965.3441517863756,1,7,7,8.85038431953859
813.3124225138827,8,6,48,12.185208101319427
864.0495516912099,7,6,42,13.116609026028339
603.193357563144,1,1,1,4.796380298086794
214.06345679811864,9,5,45,13.136989445328714
370.67492705687306,3,8,24,8.032902089800432
1431.0425984977405,2,6,12,8.2046575528462
672.1793871793076,7,1,7,7.688338565000602
753.3564181632098,3,5,15,6.883801212523197
173.79370579481457,1,5,5,2.012017335019342
152.59272136157284,10,3,30,9.922505985969234
1104.0540258654607,3,8,24,8.552943234539354
853.3325297695558,6,9,54,14.105224658571217
812.1883779027734,3,6,18,6.926514796000104
440.37434259173614,5,6,30,9.252834009865293
1142.651024281891,9,2,18,7.2169967388489695
335.53121075188864,7,10,70,17.887033841889476
365.90864112542806,2,2,4,2.21083194761336
744.9970398875856,1,6,6,6.318137347759389
500.79180695671727,7,8,56,14.762947512177865
446.4481737264049,4,2,8,3.8618524747770606
1003.3327023746643,7,9,63,16.985070576834676
1011.3604433059623,6,9,54,17.71255260298304
1254.323897719901,7,4,28,11.732310859252022
684.7919937621663,4,4,16,4.4264050977132054
202.31912743661033,3,4,12,3.9556288585922474
483.13293889004075,5,5,25,8.36081682872384
1472.0076484755436,3,8,24,7.379740585571058
934.762005325783,3,2,6,5.112709055099749
1093.6319187214285,4,5,20,7.114475033530519
110.30096147558035,8,2,16,4.718402474989304
825.4880250555292,2,8,16,6.798132717307254
152.54012054452437,4,1,4,4.3935016370270175
896.9222969280272,3,7,21,9.55763741661936
1389.0791894905055,7,3,21,8.552271058334075
1455.786782700571,2,4,8,5.468096841079166
856.7737455444939,1,8,8,6.660665328614122
741.4867273531023,10,3,30,12.576418185849924
1423.0239319478917,1,7,7,6.610644267879058
1043.0537647953731,6,1,6,2.3916511486619605
190.85899135377326,3,9,27,9.184097977762415
752.0158087344965,7,6,42,12.713693964400525
436.34302585002547,8,3,24,8.62646578845174
757.7260500281542,5,7,35,11.008637267353947
737.6518008089064,5,5,25,8.93004877587172
915.0027239406388,2,8,16,6.5594159458198575
599.4786864889518,8,8,64,18.03540688875619
329.9786292382993,10,9,90,19.9743692405498
805.2072084259388,1,6,6,4.82372998760321
1262.2840380840669,10,4,40,13.714529489019185
1029.617119294643,9,2,18,8.577122378592385
573.7150122953021,1,3,3,5.461884606284489
1409.7322318624,1,5,5,7.833728287802936
1377.090599748855,1,8,8,6.714223058314458
393.08775913773826,7,10,70,20.353428340641315
155.18461916850816,4,2,8,4.934375131287619
1137.8321916910672,7,5,35,11.82074080541404
1258.6543658888145,5,9,45,13.372965089971318
1455.0103923318975,7,2,14,7.813289387624592
1345.770951723635,10,8,80,18.016784214338067
940.7486754889808,7,3,21,9.146248760895304
842.0732748973331,4,8,32,8.905630761484879
138.9774717676208,2,4,8,4.410060839596683
445.31902558268894,8,4,32,8.972082674491817
743.460652426097,2,7,14,7.178293998370376
979.905460116995,9,5,45,12.48585175378963
880.1525666457749,5,4,20,6.777684127171888
1139.6903855543667,9,7,63,18.33064643188346
491.6737032418572,9,3,27,7.995312371616388
890.9336507134625,8,9,72,17.229007602156383
223.399140747109,8,5,40,9.27173300514633
679.1317330164898,4,3,12,6.840637169766765
1150.2251661364414,4,2,8,3.8214416783413556
1070.7611948006615,2,7,14,7.649652517129195
1486.8998320410506,4,7,28,14.492593430967487
489.0475763828584,4,5,20,6.145582020226098
797.4650188435708,6,4,24,7.42304645940097
561.3425792835953,3,2,6,5.352554533146625
716.8443596828446,2,2,4,1.6532580408126443
1299.7301818171434,8,7,56,17.827029747496532
1057.8927052638812,2,10,20,9.144319277734338
1335.4176678866145,8,7,56,17.625170059053012
384.91555166464104,7,4,28,9.32756252827699
1322.7055649780132,3,4,12,7.807493849182107
183.6671838497382,6,4,24,6.703195818004833
1344.0389926120133,6,2,12,6.500161332628194
560.703291245019,10,9,90,20.43945249439448
540.4226867796931,5,1,5,5.7243234894222255
816.9240073781295,8,8,64,16.842615896256184
1416.9662628125245,5,6,30,14.15707447550994
166.89391055396752,7,10,70,17.28113641657506
593.1233650990434,6,7,42,11.809168566534396
1299.2007841566701,7,5,35,11.624052716282767
654.4762684096535,9,6,54,13.463215407267693
378.8196566358938,3,6,18,7.094071037263924
694.7118538639764,10,9,90,21.356752532002403
639.7735020883371,7,10,70,16.958149912500474
1381.5826820533848,10,4,40,13.274456178480845
1166.7081260403359,3,5,15,6.732747474151623
807.1617780416088,2,4,8,5.444776822191703
1483.7187934101996,7,1,7,7.590078080096506
751.3885437862926,4,10,40,11.761592782660294
181.5329631483853,1,6,6,3.277614862980144
467.18405054097883,6,5,30,7.878358416725577
710.4986723070376,6,4,24,10.121849698013438
319.66367380456813,6,6,36,7.5770013697795076
1426.5911768536603,2,5,10,5.965510319822421
1173.5884569448824,1,3,3,5.3609621597378805
475.60208059888174,3,2,6,2.604385474390579
927.1263469250822,2,6,12,5.652552485507671
1110.0288199534007,6,4,24,10.228598852528858
1417.7905004695172,6,10,60,14.234197901209269
1334.2894888455749,5,3,15,7.662272602504522
821.2691165934991,10,8,80,19.017304919371075
1184.5136677102246,10,9,90,21.674267171465875
887.002655358619,5,7,35,12.925027780149227
873.7854460637561,9,2,18,7.916797142426974
260.63874167346864,5,8,40,9.490126995647135
276.5927212226129,10,5,50,10.83403015290355
841.3470610314404,6,10,60,16.391862196317547
476.4061629706093,4,7,28,7.086953663787029
129.45166344465608,10,5,50,14.568199165594866
1111.9748854602972,1,2,2,1.9681766048960079
145.48123536623095,4,4,16,5.472533229478876
933.3875775456763,2,5,10,3.048955566726968
854.8713117782402,10,6,60,13.266756280492867
1456.3405668089263,3,5,15,7.748253392577849
777.8983950866983,7,10,70,22.954267104690445
189.04201092891628,7,1,7,3.08507186775359
872.3631549290463,1,1,1,3.63060080030788
1277.534638862542,8,3,24,9.014970084107736
1495.588997994016,7,9,63,19.666443713374765
702.4804431647015,1,2,2,2.667423617093957
548.4182394954395,8,10,80,17.627153815609315
1369.3146157327985,2,5,10,6.464570910176828
367.7389807065699,8,9,72,14.863415577650533
961.6004810460972,3,7,21,7.440135843360782
668.0001938533268,10,8,80,20.108220203018682
157.5153109377774,7,2,14,4.333055063693566
586.2038640279768,6,5,30,8.819451751550329
471.31993150374444,5,9,45,14.200626823907465
1060.5276155208817,10,1,10,6.268751002295529
1428.3066967686855,2,1,2,4.925018365146955
475.26606233009284,2,10,20,7.656805550479148
1236.0523148123546,1,8,8,8.54697504754316
177.50374371377333,9,2,18,8.519336142802524
853.3694140557384,8,9,72,15.554804047341165
198.7700891938524,8,10,80,17.320074060260374
1407.646187582895,1,9,9,7.712077239355019
1172.8917927803463,5,4,20,7.418800747130224
1021.1298756864293,6,2,12,7.728842969415747
1253.45493427453,2,3,6,5.535952877664301
1006.5277137982284,10,10,100,22.594463324764668
1456.5221560440077,5,1,5,7.689365986058968
1099.5411270106802,6,3,18,9.997421916018203
1394.5220534151456,9,5,45,12.243061994635386
823.9846488148933,10,3,30,9.439539533678966
263.89017817460774,1,3,3,3.729363507188853
839.4488099922239,10,10,100,25.072130637909673
277.62195928833063,3,6,18,8.660882900895128
929.490870846967,9,3,27,13.51696979505709
775.4902847387281,1,3,3,4.1280182728639385
971.6055569658944,1,9,9,9.10819672306237
114.06577347676424,1,2,2,5.63457203561807
372.77668831750975,7,1,7,4.273675343783121
787.8626046769832,5,10,50,13.399561850640463
1430.7049862247889,6,8,48,15.44376502305993
637.0526564972217,8,3,24,10.86394965749518
694.1208364750885,2,7,14,9.608013100819324
1100.574524609271,2,2,4,4.420997540007009
945.3098602005653,3,8,24,9.342945464840605
518.4966101376665,3,9,27,7.675498418996833
675.1429537943989,3,8,24,9.170031200074362
404.77971840012543,4,8,32,8.241770635069747
1452.430042782292,3,8,24,9.146819667816752
282.8881341803036,2,7,14,6.420111093732829
620.5714983929872,9,2,18,5.524953839521646
136.17456110801567,6,8,48,13.005369196193415
410.49128870696495,3,5,15,7.394416320286323
1192.659593732217,9,6,54,14.005794824956066
381.64532520443123,4,4,16,5.079764337338206
212.08876354055184,4,1,4,0.454396762781053
764.2344517823326,8,5,40,12.818930040500279
113.9569286283259,7,3,21,4.44639277305041
218.67261619686644,7,9,63,16.636712697514604
1230.6762173881652,10,4,40,13.496064383741752
1180.062682803449,7,10,70,22.198387295554003
1381.1943485668544,10,2,20,12.070455854146871
1296.3216102750494,5,4,20,6.911930537249349
1056.4457885357454,7,3,21,11.300512523507921
173.266000220928,4,3,12,3.7444757835192704
1195.9880651813205,8,5,40,11.581714926760837
1283.7151351767845,9,1,9,6.255636284554317
1218.7150040807362,3,5,15,7.155305958061489
811.8706494312365,7,8,56,18.562457187980122
426.06257410927435,10,10,100,18.629350900199753
1283.4619659642174,9,9,81,23.795293832409467
1118.027933636194,1,1,1,4.330303735297418
1473.0656441443923,2,2,4,5.197843320816529
317.9696368583061,7,2,14,4.7377048560995485
415.9304162728771,2,6,12,5.492969701954612
396.5174098341038,7,1,7,5.619988607700234
1209.5556746698715,1,1,1,4.712088288371536
361.6702150301654,3,2,6,2.076228588997268
193.3237617526285,5,4,20,7.6468814525609465
1497.98512921988,6,2,12,6.51379068874205
134.7440960232088,9,4,36,9.705339363520055
1269.341684222412,9,3,27,12.457468817008163
611.5135781709139,3,3,9,5.863457404895268
1278.2616436609414,8,9,72,16.928409221552663
876.468687695603,4,8,32,11.155351629019622
1362.283721280904,7,10,70,19.953623063853406
1396.6701809804774,6,9,54,16.516462959261293
112.73745379308639,8,1,8,0.4499892972046795
205.57704638990356,6,5,30,6.679206884500362
450.50222139919765,4,4,16,3.4408288569705316
1037.0415829089025,2,9,18,8.022882503932513
1343.5810751161084,7,3,21,9.34398106573093
743.9187318115479,4,5,20,6.9046077461613615
949.7623627839716,9,8,72,17.66805534556794
363.8997939137856,9,10,90,18.31619486519582
1226.9535674343595,7,5,35,9.930698429630496
1454.2593558948577,5,9,45,13.325223784918265
476.03850608043643,3,2,6,4.874574450984742
792.7563322407649,3,6,18,8.232205148160245
220.5625547089233,9,5,45,13.067051551600734
882.7913190481557,9,9,81,20.908493808644472
803.8968185853528,4,7,28,11.041250747093049
302.2110778171086,1,8,8,3.2554889503304074
718.892698365305,10,7,70,19.742082659837696
567.7465129211886,5,10,50,15.707560893999451
830.5632254272651,8,10,80,19.50032021579339
919.9160696003189,10,5,50,15.794803082588333
111.89381005009331,4,5,20,8.247525738311406
1165.4083761293775,10,4,40,12.85133821694957
1098.2200086064372,10,2,20,9.802263414276531
612.800940689131,4,9,36,10.64688391324032
174.11030979634558,9,10,90,22.528129473333554
1156.9055556990704,9,10,90,21.835643443627944
1437.2452246693854,7,10,70,19.945239255933213
436.2122344308199,10,10,100,22.807876725755737
552.934459231853,8,3,24,7.432078049436209
357.33804527454095,4,3,12,2.3576122816166687
907.7105726827756,8,3,24,10.344676317795365
316.7779525064369,6,8,48,12.780381584852579
598.6715208459312,3,6,18,9.944935034470554
1075.818219507968,7,1,7,7.526717110566503
884.1623762130878,3,3,9,7.021955228619875
641.0475900591093,7,4,28,10.282196297427996
688.3494425305587,5,2,10,6.308058262578082
886.9552356725213,4,6,24,9.20855677305175
108.21061904202583,3,10,30,10.85319476551561
209.9138158350538,8,1,8,3.747956638256369
1333.7612948682163,4,1,4,1.2046058501058692
209.03058472780708,8,8,64,16.67964990082362
1089.5250346947073,10,4,40,13.874259482811908
1388.0534297526735,3,1,3,2.543723450359169
478.9570460224235,10,7,70,18.028497866029912
618.68801188332,9,9,81,20.43473687222403
896.4899681826028,6,10,60,18.21155469053018
1334.3925574940185,5,7,35,12.060251364982367
1418.6678221645882,5,1,5,3.2043017577940693
1135.3885473557752,3,1,3,3.294804143251963
221.26766519657164,2,1,2,1.0111495949211828
1036.8158177487912,6,8,48,14.097732399096397
674.4252106217269,1,7,7,5.682025747598399
758.9813992874862,7,3,21,7.61200072651114
168.80774648324785,5,3,15,5.881713699627545
367.4869950849015,4,3,12,3.287715958046559
1206.719050547107,9,2,18,9.153199345494972
735.5423662670037,10,4,40,10.93266730257707
522.3271382836084,1,7,7,4.892498657946785
637.6267035509414,4,9,36,8.731964553638726
1296.1593186559523,3,3,9,7.457873259146166
1148.5986243669397,6,10,60,16.63801490845892
481.24155605351586,5,7,35,11.020683846880221
264.50257629732266,7,4,28,7.197249634638197
452.7975103017004,1,1,1,0.915920835821701
1389.059031476627,5,5,25,8.579037751643982
914.2243729896575,2,8,16,8.266655219661331
846.872292242696,2,3,6,5.256632941870244
934.9510395694462,2,10,20,7.968135546557427
612.4395720451214,9,4,36,11.13476026579755
1229.949828447318,10,3,30,10.79256535986088
832.6007490203498,3,10,30,11.35638333448223
263.4470638763138,4,8,32,8.379221032158435
280.6911747606881,5,10,50,14.258913400380672
851.6028051036657,4,8,32,10.484936125631314
1411.1983052991748,4,4,16,7.814765084261932
531.6929703466783,5,2,10,8.374179213557563
1317.3576364029057,10,3,30,8.691780945629054
1169.733821210431,9,3,27,11.099842612960492
446.9374200696696,9,4,36,11.246742541025258
150.87704764273943,6,2,12,5.647564985290531
242.58617119933584,3,2,6,3.963726156229603
1119.8915073864164,6,3,18,8.229688222143638
379.5376332569054,10,1,10,6.271653070318746
619.7792887075512,4,8,32,14.468230978781087
802.3788324089948,3,6,18,7.34628054646618
1115.6554358302278,6,3,18,7.657285580902073
258.52371256277553,6,1,6,2.016530951271835
668.9129673884461,2,3,6,2.8003910380676134
779.1020727997736,9,1,9,6.343591684696373
857.1578895601556,8,3,24,9.467786347990165
1245.7048979533033,6,4,24,9.32236827929384
340.34947306050367,1,6,6,5.259364786850124
1230.9640325572711,2,7,14,7.360649809897353
1070.029798775313,4,7,28,14.067949866060289
878.219139878543,7,9,63,17.135466386963092
1079.3390185636008,9,8,72,19.869506956515917
676.824834532319,10,4,40,12.195946500214419
293.75662035537437,5,6,30,8.084109410606452
1032.0713363715142,10,1,10,6.203398451377131
834.5412293598712,2,8,16,6.1489621607760725
995.1247207598857,1,6,6,3.0066780915757025
573.198293439886,10,2,20,9.371101688024842
1369.6132082757701,1,8,8,6.525359733653268
922.3178160058077,5,4,20,7.848279450094461
219.56347800722335,7,9,63,17.888263623042917
729.7255869862001,9,4,36,12.91285151256688
1158.898476641088,9,1,9,6.992704402710661
1211.7883864251812,8,7,56,15.707565834455062
792.4358738692623,1,10,10,7.154765311706177
1352.6465991638215,5,5,25,13.259042736893704
474.7358120720166,6,10,60,16.00805777231125
674.8381761335733,6,5,30,14.137536676359801
1358.0356747965582,4,4,16,5.965131960875673
1354.7594030602104,1,6,6,6.37994520163353
1059.9978763545532,3,1,3,5.618647184671243
1302.5727659711083,10,3,30,12.925294119815478
224.28257373872572,4,7,28,9.595957137336782
1310.9929666908868,4,8,32,10.906516766078171
548.8678691703175,4,9,36,9.328188963207706
349.66411739950286,5,1,5,3.081111092927562
435.11777087886486,9,4,36,12.13511974342004
685.1559112194419,4,2,8,7.120345871764899
451.6688064462541,9,2,18,7.269606954755798
548.7946204230986,9,1,9,5.40041189368508
288.9698805002989,1,5,5,3.941104197957042
514.6474717825979,5,2,10,5.159493699749352
901.1973403588016,9,4,36,13.282335501368191
718.5951913274895,4,9,36,11.084646133254832
585.4062657302757,5,3,15,5.943392376902856
1145.0329803999596,4,8,32,12.183078638819776
1350.913959950645,2,10,20,9.353480361375253
1159.5049120633557,10,6,60,15.33994765421025
564.8009829647508,2,10,20,10.834967928918536
1142.2190349725752,2,5,10,6.348467688038362
312.7722554636717,1,2,2,3.3615261020552407
282.4451833278073,3,3,9,5.050307060707823
583.8778518506225,10,8,80,17.30471871840927
1230.78331666168,1,9,9,6.732819580534263
444.8875461392226,4,7,28,9.18546659633938
188.55477245815143,1,1,1,0.8662327012368563
284.3933492888971,4,6,24,8.135978963452612
1302.2429559414122,3,7,21,9.73288298463523
987.2965986462027,9,6,54,16.353005769355693
454.48162871796734,1,10,10,6.643484820784596
877.4141554594539,8,2,16,7.459001155400842
838.6114713954905,9,9,81,17.97112915282621
1017.6103698169258,7,3,21,7.58353208977775
426.46257619026284,1,6,6,3.6255057413131753
1310.1641820721568,4,6,24,9.154265070365406
533.115986912018,10,8,80,18.709650477823867
1071.7843155667315,1,4,4,5.54352369633412
122.57450492110084,4,6,24,10.103259127876548
621.7199818518061,3,1,3,0.9687099548446194
592.3937451423317,2,9,18,7.784403679089293
860.8782000162203,1,9,9,5.67268175030508
201.83076648807508,6,7,42,9.296067011380444
1206.1839232165516,7,1,7,5.170609997389603
404.89312247459594,6,3,18,4.930925434443433
1047.8529408348143,9,5,45,13.894602570084096
1224.4969725417304,9,4,36,11.905069119767166
886.6277387381184,2,5,10,5.425562638896628
1137.2364894107798,2,7,14,8.236247682544576
1026.6044371010078,9,9,81,18.355546708502985
597.7417160128107,1,1,1,0.5262377878197559
1232.4019546469915,5,5,25,10.247430878138491
512.5819178397392,1,3,3,1.4398926275522754
899.698084852124,7,3,21,5.186785015650988
1143.5568347981553,9,2,18,10.890674323130199
630.5382737375106,6,6,36,11.374319337426703
523.8746506643951,2,6,12,7.3718902366967285
743.0844142419518,6,3,18,6.098166243412783
1245.148892088815,9,1,9,4.866499845486926
1401.8904684039308,3,7,21,10.085394559152832
863.1167780038462,9,2,18,6.273703051499416
1026.0526874531126,8,8,64,18.78100725707045
1364.5830711344797,7,3,21,9.536954398930051
237.96559197811936,8,1,8,4.768587574982817
424.91000901263106,10,10,100,23.158870303395243
1092.4600087522153,6,9,54,18.735559134936175
1253.2422466772196,3,5,15,8.638829232677836
1299.840639662809,7,1,7,5.845814910785611
681.1500475969057,4,10,40,12.767357208526303
225.07586320861355,10,6,60,13.545298574611586
712.8940682194678,5,10,50,13.639500565819516
423.0284262898753,8,3,24,9.923196759427269
507.67503699527384,7,4,28,8.979100472196164
1181.174579572508,7,8,56,17.20644837080698
205.7379204362416,8,5,40,9.477186077807943
1258.613704472983,10,6,60,18.186944320401935
698.7367201538367,3,10,30,10.500811791728221
934.4895035408331,3,4,12,6.509957054180187
225.51312372995062,2,6,12,5.341745327022419
572.3027097001915,1,3,3,3.3677989653608456
225.5812866207841,10,10,100,22.287275315953515
1446.1612120335533,6,1,6,7.918683561625384
1230.1663090567506,6,6,36,9.802663116539257
743.4858560990443,10,1,10,7.1871708429733285
413.0435676531395,8,10,80,18.22349605335819
1406.837147349793,6,3,18,7.079301485971781
582.4352340177604,6,8,48,16.572216467210772
325.37820436232465,1,7,7,3.3743076591159005
888.4301438355368,7,8,56,12.750973047909067
1421.2837684827425,7,10,70,20.876372228820344
105.3624067004516,10,10,100,21.470737673794414
433.37478055559825,9,2,18,8.978656343499736
1413.8266965745706,7,10,70,16.05062352585538
339.52035360002685,8,7,56,17.05960400765238
258.5408322957478,4,4,16,7.132232667361008
898.2621021197263,9,1,9,5.93450657631608
1306.5813526127617,1,3,3,1.9642123600311625
767.9537447714965,8,5,40,9.938623599134466
1492.3899593583346,3,10,30,11.347809152333763
1050.84037935319,1,8,8,7.872099867872408
203.7048700946268,2,2,4,1.1144515544691838
1489.9649843547654,6,2,12,4.304674733910254
671.0519314922666,5,8,40,12.383922328938464
502.36354738367555,3,9,27,11.049170078424417
881.0308570090398,9,10,90,25.257660317735628
526.03062854921,8,1,8,3.5135341022914397
221.04050996821326,3,2,6,1.661912992503237
101.99968031084741,2,4,8,0.0
729.4166940883672,8,3,24,6.33763840094498
1271.6087911172292,5,1,5,3.5937814298813118
901.2412598821072,9,4,36,10.162466374648554
1498.8902185208171,1,2,2,3.5971513539992035
501.58530390607996,10,10,100,23.890843539548168
492.63709066407745,3,5,15,6.9025167728007375
323.6492443275219,5,1,5,2.5266331536572
329.68902357146925,2,8,16,6.882216195352516
499.26123441406696,3,10,30,8.361875176402283
1209.976063382938,4,2,8,4.771703583319221
1368.059506891027,4,3,12,4.998096014061858
1465.1220375907537,9,3,27,9.770511873422404
425.2055157350337,1,4,4,6.133936638207764
1333.8165638597284,9,7,63,17.83561526190392
559.5571249882719,9,9,81,18.677752280159424
257.9767623236382,6,3,18,6.932729800980711
1318.034895728232,1,1,1,2.8937940196003975
990.547888501066,6,10,60,19.306930334893195
330.6232545134864,8,1,8,5.190195498909017
701.7637605182035,5,6,30,8.062503244389841
502.16077282789473,5,5,25,10.232846634644751
1131.5123961942759,1,10,10,8.991959931472953
734.7827228739753,1,7,7,6.320472515743065
1484.991923148939,8,7,56,17.80968703534189
176.64297516343316,5,3,15,6.396645297068087
597.0213725907454,8,7,56,15.561938395583725
774.6602339539684,10,9,90,21.407047802189943
804.3869766476477,2,8,16,9.168426174430408
542.3101513398915,4,3,12,5.026326308564587
1120.9363487365954,10,10,100,26.234136557273587
1324.6459028845645,9,5,45,14.846251754667232
1414.2070227690083,3,8,24,10.809448944095578
1227.1307275193367,6,2,12,7.80303956031419
1290.8122762292392,7,7,49,15.068715808715513
870.7634208679938,3,10,30,13.053849873193803
1256.2435169975404,1,10,10,9.73581110488422
524.905472807133,2,7,14,6.659181818471979
657.8702669529001,10,8,80,14.627703436296976
543.678219345962,7,1,7,5.93202654314963
754.3422696270956,7,8,56,15.833605743571558
499.8114627340909,1,1,1,5.490417165678683
1446.2560191562256,10,3,30,9.643533441975631
537.9824792079354,7,9,63,15.89828614515871
237.26235335531575,10,4,40,8.75503917573445
837.5440324705787,6,10,60,15.383216574032765
179.9387098232469,6,9,54,16.196812036028145
254.76043283201273,7,1,7,1.5626157282715765
407.1451448747448,7,8,56,12.425653245119266
750.0903498349984,1,3,3,4.32013193758449
706.551305232639,10,7,70,18.003647736835056
1219.5686068039076,5,2,10,5.7452375019662405
1135.2645154377587,8,7,56,12.021500054316972
696.8456115869818,8,7,56,16.893034706517444
567.1858906058819,3,9,27,9.331720626932379
543.0562976860981,3,2,6,2.155419754688688
1183.5931222116126,7,8,56,16.54942232076954
172.90136870977764,4,5,20,8.429937059334904
117.95030931484816,6,10,60,14.636518256053423
1213.7621486973073,9,9,81,19.90356516348084
768.004926384669,10,8,80,19.789274844956434
283.23359397500633,2,3,6,3.8406775476167336
429.79230843230175,2,3,6,4.273712779854949
1405.5055343363356,6,10,60,17.24206073930698
1303.304165874857,3,8,24,12.15254939240025
1093.6990703135616,1,9,9,6.120636479789715
775.1153224722572,2,2,4,3.291084695766342
828.45307666794,7,3,21,7.840764830851283
1465.342349397542,4,8,32,9.81995695026033
1452.078621438002,2,2,4,5.448710303404491
401.376664100168,8,8,64,16.14286831954711
1235.5463928274453,4,5,20,8.38497649976208
376.13973263382354,4,6,24,8.711267263230983
398.95246903753196,2,10,20,8.105493702076284
1046.5302478304075,1,4,4,6.708066134003286
667.0015380225677,1,3,3,3.9898719347498073
1404.1621699491284,3,8,24,11.070600998021087
224.61362885441235,6,9,54,12.938314419185987
816.1358971332902,7,8,56,12.500099266208307
1385.9301426203697,9,9,81,22.426084682670037
1365.7591246713073,5,1,5,2.5488619271506083
319.1408987820377,9,5,45,11.68641529665943
613.292780135039,8,7,56,16.147586585004433
966.7699600653748,1,8,8,5.332524910571093
323.15283867996305,3,2,6,2.5545785996530643
1455.2310408640342,8,4,32,9.61922446962691
1380.6490602187246,9,7,63,16.328375790960806
333.73025064825686,4,5,20,5.674607022920126
269.6176457653796,6,1,6,2.9457148530588313
219.5718759315714,4,2,8,3.8330489421053846
1373.2211296512835,9,5,45,14.54348506510935
371.0733337136451,2,6,12,7.710682584686964
682.7988999620966,6,1,6,3.7360037852728967
728.3919119128042,3,3,9,5.7417639778597644
938.6154618989946,10,6,60,15.323870024791418
200.42948124639494,4,6,24,10.114699155125223
417.4620643607223,2,7,14,6.520203040378567
1404.0865416864965,8,10,80,20.897612171751522
1371.7741501759974,10,3,30,10.256051541381396
1193.806906367969,8,1,8,7.746712087214164
127.1617438655016,1,7,7,4.598951019478232
557.809475894543,10,3,30,10.12237378039032
979.1422294800709,6,5,30,8.674136712738596
485.266296482866,1,4,4,2.2971505652352002
1373.4213730752883,6,1,6,3.2043337622981847
987.4452465654186,7,7,49,13.460864887521186
200.66940424302385,2,4,8,3.082221077507566
1372.6078243699842,9,1,9,5.178414196200995
1440.8733214467115,8,6,48,14.773168176119587
208.7973857484157,9,4,36,9.595240906425548
845.3043288058409,10,4,40,11.20170944096122
524.7099950998386,4,2,8,2.9633558716512534
649.9747070739634,4,1,4,3.748618811704789
351.51170513747866,8,3,24,6.735765369259422
909.3009428173775,1,10,10,10.085198419973016
1441.171094548447,8,5,40,13.0068657314006
804.3016403802527,7,9,63,18.136224835535582
216.0804139522736,7,7,49,10.96385439031809
968.0018668683717,9,4,36,11.39279906928597
576.3121922317598,10,8,80,17.922875158460972
1298.295265427817,7,4,28,11.13570043495207
708.5494076430583,2,6,12,6.1234384828317605
369.97545251914386,1,1,1,4.5578321645885485
367.54787176760294,1,6,6,3.76757983781705
1176.2698530096245,7,10,70,16.312010997066523
471.82263763030386,5,5,25,8.104140126955851
1174.1267518229122,4,2,8,5.844996212065328
388.24223507323916,5,1,5,2.4869929260066783
550.3609161818331,10,6,60,14.369604241461028
751.6817614155791,10,2,20,6.507081539575602
1420.474189570831,6,9,54,17.06316292249511
1404.4239946553546,10,9,90,23.796201340046785
389.6206255912029,6,1,6,7.526579209823652
601.506657740302,1,5,5,4.002751042075393
309.15914383528127,2,8,16,7.047375281955899
813.979111038896,3,4,12,5.565287177556922
744.8155709725332,4,3,12,9.750012979737846
1361.0642274310253,6,5,30,11.948758045604317
1402.0075289075016,9,5,45,14.257355516494231
636.9943474102089,2,8,16,10.62823181288698
788.4331202265852,8,6,48,13.487611081936736
1354.7307488045863,9,2,18,14.22260401775437
1229.390930843086,2,1,2,6.254618599456327
105.11883588250899,9,3,27,8.128491521921081
548.0833898570155,7,2,14,6.865088394037276
690.4839387105762,9,4,36,11.271325601029366
421.6027971565244,6,3,18,7.6742820970357055
379.40026225431427,2,9,18,6.789405134067207
152.89830923395152,8,5,40,13.850979643107213
1000.7176150976647,10,4,40,11.622351339268974
467.5144066764319,9,10,90,21.51707609090762
173.28604980383832,8,9,72,17.697585915124172
423.3710347392891,2,4,8,3.7736162292621573
1222.6795339705773,8,6,48,12.511652451532848
1292.0848543051652,3,10,30,12.345704790873507
776.2927432706238,3,1,3,3.6742167250552042
682.4989385721607,9,2,18,7.0717265995182235
1468.9951709024945,9,4,36,12.203866104925616
380.7905234232979,9,9,81,19.442860242431063
401.5029959964519,4,6,24,9.871258167713798
508.61404785095965,7,6,42,13.579167526160656
341.8602455935222,8,9,72,18.206088677833467
631.1118374858612,5,4,20,6.719032837902984
1375.1679177856554,1,3,3,4.190310303420764
961.486976880004,9,7,63,16.50738261949441
676.7251680571691,6,7,42,11.578076865767756
1408.1751123997008,3,9,27,9.71371466927287
167.84992546615126,3,6,18,5.166432087240345
394.3866490626059,10,2,20,8.492311952682137
892.2440471424626,1,6,6,4.421462635932477
961.7736724704508,8,8,64,17.177604878633236
155.3805091876584,2,6,12,5.112396718475101
664.2542610699851,1,9,9,7.266948930667077
1008.8155507632218,7,4,28,8.927241086526395
1077.298764964762,9,3,27,5.142253300540845
993.395863522777,6,5,30,9.362035068552435
548.7885141052943,8,3,24,6.9114574200837815
230.92817303707332,8,2,16,2.910860500447762
697.9574249870677,9,2,18,6.765937995690984
280.25621231527765,7,4,28,7.4336331989505195
1426.673121928934,9,3,27,10.76219142929415
765.2392124316796,9,9,81,20.76701207246621
544.1628440996146,1,7,7,8.050165511654328
1172.8256995664601,6,6,36,12.085416436317303
797.1280296151695,8,10,80,20.03942633738358
534.0476336174302,10,8,80,22.264918259605977
1236.7548393471225,9,9,81,19.019959632066755
1314.0130114015708,4,3,12,5.023476224751155
1042.2114328041478,2,10,20,10.587835483061413
165.75019137073423,9,7,63,17.25464791186009
892.8520322331449,9,9,81,22.383756290111013
1168.6128767961943,8,1,8,3.630382062134347
291.10421691701504,3,10,30,7.31881255033868
420.1390519384447,5,9,45,12.51461292665691
1335.4931470953911,2,7,14,9.2344316695981
128.17041059430366,3,10,30,9.084328834153267
1153.8179929563664,1,4,4,3.041939584613488
763.2826095201921,4,6,24,6.816641824551567
725.4810223754496,5,6,30,11.40518138196024
109.93514549284205,2,6,12,6.619697525015604
1247.1575233530898,3,2,6,6.040193476904858
603.7548608911931,6,5,30,9.432328570699879
857.07188382076,6,7,42,11.312566342570669
1048.2209608699231,7,6,42,10.034216095209002
1083.6814070130822,9,3,27,7.8639066459072815
1438.372082356501,4,5,20,6.01954978817528
843.8759345312527,5,8,40,11.937469151004434
659.6073713641986,2,5,10,6.117777335873842
1435.1850770883912,6,10,60,17.769062066128747
998.9543290357295,4,3,12,8.322143867915223
517.4104987871779,5,9,45,13.153050501192617
277.0499435649996,7,3,21,4.538225716424092
1279.5763020512538,6,2,12,6.754060082529019
607.0542439118121,8,6,48,13.054692087452546
1024.6576099102035,6,8,48,14.99860351708421
759.1429871122574,10,6,60,17.189557343133718
378.5016917130537,8,1,8,5.465172521638609
942.3612520686511,4,8,32,10.354679134742343
184.95629653095523,7,1,7,5.990315781351317
678.6794438196691,3,9,27,11.16240763126104
865.2609155291394,1,8,8,2.5448093852484286
710.4657637660107,9,6,54,15.76577983061441
1148.1410453513872,9,2,18,7.168172331114028
1259.0949363634375,6,9,54,13.386102563503544
1179.7403036464493,2,8,16,8.937216266251315
154.33812693652294,8,4,32,12.593815675239624
371.7802786243611,10,2,20,7.463933165143775
851.250512969284,6,6,36,10.868943293981761
1408.7508566213216,7,1,7,6.512333516262004
1268.9394850729636,1,7,7,10.273569655873969
1279.5483116925222,3,1,3,3.907067377585757
524.4914712635448,1,6,6,6.124065432918535
701.2270559101836,10,5,50,13.305295153809361
758.9883262423124,1,10,10,6.4469287436204965
320.32021668987454,1,3,3,4.708956365919139
143.49538234223883,4,6,24,5.833258518690629
1425.6640592447236,7,4,28,11.87124718963048
436.99761992890944,7,6,42,11.161340535601811
435.9284652130838,5,4,20,5.836089792542884
216.73067527626336,6,1,6,2.906457408286079
1399.91085272129,2,5,10,3.52285776683787
911.6319609156808,5,8,40,10.948124997261571
1033.8515999754954,7,6,42,13.068720456400497
1376.2076421682737,9,10,90,22.581002781420352
583.8682364611053,6,9,54,13.24897735049407
970.1102355933177,10,4,40,14.762707737894544
154.31923662044244,4,10,40,10.018553639166143
361.4815395235811,3,9,27,11.428736390099964
1263.7441271259195,9,8,72,19.44786499842236
1173.4756988736701,7,3,21,8.401880874741115
590.8997680400057,6,6,36,10.9222156250003
627.5348788838975,7,4,28,9.595568196751529
846.9762069750112,8,1,8,4.2605017698159084
100.33740655918837,5,9,45,10.65797582173447
437.742070453239,3,4,12,4.874902728593266
391.5245320515002,3,5,15,6.588546462817911
450.67612544966886,2,3,6,4.596894521561746
1228.268179546818,8,4,32,13.12475689616784
491.54339916502045,1,9,9,4.390180915812605
368.1298508702074,8,7,56,14.871358421605796
805.9688451102442,3,8,24,9.292501807540571
1311.9030509218246,9,3,27,9.774615318049293
437.8895853724998,2,3,6,6.581265785230266
209.95073990991818,10,7,70,17.368041164193546
598.9666301895306,9,8,72,20.041330604520248
1146.712554390969,6,5,30,5.547835998986061
870.9667625727125,1,1,1,4.162535994272287
1243.5107174040863,5,3,15,8.241149399266254
1443.4290066529275,10,5,50,16.439586655359392
1209.727467452264,9,3,27,9.929901237668982
945.3243103812548,6,1,6,8.156675324989044
790.6782232733327,7,7,49,13.536045190319063
156.09672088757333,4,1,4,2.4841446354211447
1478.0507703396577,1,10,10,7.288578186511714
636.8735716050595,5,6,30,9.614770418707907
313.11949948361354,2,6,12,5.164358857459839
1033.3923975550395,8,7,56,17.274852362503804
498.00360473364304,4,1,4,4.148062093065781
920.0895793034666,1,3,3,5.550143973876651
921.4750709824277,10,9,90,21.78130383415839
724.0217492640169,7,2,14,5.939024092800495
1270.5660617630597,2,5,10,7.967312910322873
470.95388617762023,3,3,9,4.628831742382549
728.0856282648278,9,5,45,9.365696146963879
852.76898002736,9,7,63,15.976540365602087
1029.0746090742196,2,1,2,0.07877784985278158
1197.5605907078252,3,3,9,4.621819445204471
652.7301960295584,9,6,54,16.044549553155957
1004.4657217352344,1,7,7,5.654217097311883
310.8553342959268,2,10,20,7.817493919490049
1405.70734075947,2,3,6,5.220171141581338
636.282328989405,10,4,40,11.889065834961897
1121.329990767014,3,6,18,7.740496681411298
128.4775146350487,10,5,50,15.481954781067792
387.2620000667298,3,9,27,6.769478948690437
781.9155620530092,10,1,10,6.8072025324322185
1329.5534548252851,2,5,10,7.593386641249697
838.1572099309479,8,1,8,4.3341103287570775
1401.8186752114307,8,8,64,18.972116258765222
777.3156552159148,8,7,56,14.152817533486987
786.6287354303299,2,5,10,6.393004159814869
267.64550390074464,9,6,54,11.842542963545542
1223.7187418131077,7,4,28,10.478684614823432
445.7515774538875,5,9,45,16.086200919220495
1359.457485121241,7,3,21,7.811363569703255
1375.1539084625545,8,2,16,7.72714335272777
1420.6341566238095,9,7,63,20.2658194715041
828.322684744326,2,2,4,5.511333541960785
1047.9312986971022,6,6,36,14.318659138454533
1189.922232086329,9,8,72,18.525933639414532
283.42046611065183,6,3,18,6.7872003042261735
941.3400729964961,2,3,6,5.274435561014387
148.01706182463636,1,3,3,1.0805506255487236
796.5925167442163,3,1,3,1.666754014385949
316.77975426831836,5,9,45,10.622260628321841
356.0920963469186,7,5,35,9.30993660760071
611.0665933696421,10,9,90,19.405369964399124
705.4120334031043,10,5,50,12.895466598582308
972.4413943450621,3,7,21,7.286135877254875
204.19978581392195,9,1,9,5.626691959017971
805.1684657324225,10,9,90,22.30284243777661
355.6751823543416,4,1,4,2.054218848731555
903.5652450444386,10,4,40,11.894635779251523
992.3664571656569,2,7,14,8.37800928905199
879.3929591739955,3,9,27,9.7764079309927
1133.6137146696308,5,1,5,4.02413362004855
569.8529419372619,3,6,18,5.145900330802377
1171.1492282863833,5,10,50,17.30039037714073
705.8739143914711,4,5,20,5.1801912049350625
777.8582976516356,10,3,30,9.782441570676015
1007.3429781655,3,10,30,10.086697349809507
125.70173759891354,6,2,12,4.869587957293032
1015.5919099883477,8,1,8,5.36014214092605
966.0192087009615,4,2,8,5.257703241504753
533.7859634545919,9,4,36,9.506602470790664
220.11199885928528,6,6,36,9.359810707725913
227.3096298782576,5,5,25,5.683814969842675
1392.51324577932,3,4,12,5.572633242940301
1064.991049716172,5,8,40,12.135301092924202
277.9436592790365,5,7,35,10.352323331206426
599.4124370324689,4,4,16,6.1783812277953505
929.476191462235,6,10,60,18.704396831477297
1269.8003871269082,3,5,15,5.4196149022511175
161.12530019821193,10,10,100,21.929858117669983
431.2863840580124,1,5,5,0.5031203015036341
1345.648586413532,7,3,21,8.891969898722554
112.83177025734308,7,9,63,14.369361272104415
381.95874391144235,4,5,20,6.189863183937265
1442.6338463621523,9,10,90,22.0625613223608
958.7625851310396,2,2,4,4.569894651665696
466.33991329250904,1,4,4,3.8525897311828756
193.78753215418664,3,4,12,2.878632399157199
139.46787662611104,7,5,35,9.290638257123144
442.64311149169816,9,8,72,15.304163351692305
1334.0801474244747,2,5,10,4.206598874572166
682.2791160165133,6,1,6,5.065484345329141
1108.4667168323901,3,2,6,3.1110712331703927
1385.5990495319409,5,3,15,6.800283064540443
671.2566462439432,9,3,27,9.621417089862648
367.7883194523559,3,10,30,10.109141752238946
823.9651031996873,1,6,6,7.353653202739896
1371.3171618837962,5,9,45,12.707223820697218
1226.1241797927808,1,10,10,10.081503961312343
192.16178070841528,8,1,8,5.252042408711421
1069.6019201086146,7,6,42,14.079146544510897
900.6565314425353,2,9,18,8.113895672240337
1370.4484468849957,9,4,36,11.013043625430495
271.4739835904161,5,10,50,13.685634540284946
847.6505584865192,7,3,21,6.71028298179219
1331.2477709166492,4,6,24,8.379452908534127
674.0333014384402,1,6,6,5.173907667900436
774.7928848260138,8,2,16,8.727802345189222
198.64494873374161,1,5,5,1.041463692510511
489.40109662847516,3,1,3,4.689212913493835
554.3093088365263,6,9,54,12.746161085988636
1423.1714282428418,8,9,72,19.186555816575556
495.7343047576227,8,3,24,7.7551235172820325
745.2162293775128,2,5,10,4.8641510636295475
1039.8261929899918,9,3,27,9.674294479193687
327.05672137102835,4,7,28,9.055557881541366
781.0193419986243,4,1,4,5.670733548023031
1133.9546552662707,2,5,10,6.064858613107198
1313.5972982378923,1,6,6,4.858380973779156
976.7629845273974,10,7,70,16.65016235389023
1036.674921443727,7,3,21,9.002038545657479
276.7968616183965,10,7,70,18.07966901734886
1424.0870961448861,3,4,12,6.174729476094218
285.6037084782753,4,10,40,13.14602744989988
1184.5421120545177,9,6,54,18.822099060562017
470.74285048964634,6,5,30,11.220630251335628
1407.0304011817523,1,4,4,4.227355061331968
1107.9433551172715,9,6,54,16.96282474329741
1155.3391981697166,9,3,27,11.648157512202042
406.68284228383664,5,3,15,5.85808745837189
720.2559672892252,8,5,40,13.186427964766848
964.938472425001,7,5,35,12.420961978989896
1177.9630654892412,8,9,72,21.026960133508027
245.5431262773454,9,4,36,11.059335463943327
1447.3114430363398,2,5,10,8.12683844431377
1346.3089387763785,10,9,90,21.26212665935533
478.4880266938181,5,4,20,7.05378713689064
1251.8643402452647,8,3,24,8.578896230101897
825.6534922557528,3,7,21,10.294496273675017
746.529074186826,6,7,42,10.355946509108039
540.2077481359676,6,8,48,9.997763180558199
913.3560212842294,7,4,28,7.602889831632378
1121.844764785037,3,4,12,6.202038385251014
675.3060669478615,8,9,72,15.115274733972026
980.906870211609,8,10,80,17.52236109104775
1079.0380896174252,9,7,63,18.10546356359706
1095.5705438214002,8,3,24,7.301598842575164
172.75253738365234,3,9,27,10.40294582866771
1303.6469279590938,6,5,30,8.92441762598871
741.5546406710671,9,4,36,7.977965999479864
467.38251437470024,1,1,1,0.241627638994649
438.4703104715542,3,9,27,7.494760080899772
776.2197579815306,2,6,12,4.412625644281405
1341.5641552565428,8,2,16,8.118835863276095
629.6866143557057,6,7,42,12.414726376328485
1149.6160454969606,10,3,30,13.072509389502624
235.54622338210604,8,6,48,11.927128800393046
766.4793830114864,2,8,16,8.16281054142454
1488.3605965498298,6,3,18,6.682909851009166
1178.6129239092718,7,5,35,10.345586458148397
394.7398838168582,8,6,48,14.739785925259966
802.018063177075,9,1,9,8.161002511126243
427.07466910799315,5,10,50,16.2353315807457
673.3852981675129,3,7,21,8.008162370257793
1192.1176332289506,2,4,8,3.7977447323784874
1179.714741406565,8,10,80,19.587492180303933
419.3405290633392,1,7,7,4.496952671392979
1391.1126454168043,10,7,70,18.234489110800613
929.5954558707575,6,5,30,10.329174106770932
631.8940073468203,2,8,16,8.590710195079515
802.709813093205,3,8,24,7.761907350268997
947.0997548128412,8,5,40,15.17044271988437
883.8467445840996,1,5,5,4.9293991772473955
780.9670497506495,6,7,42,14.498760816467184
806.9059257251602,3,6,18,8.248948591159172
346.9766745990406,6,4,24,10.92824631059078
1237.8260660265512,3,2,6,3.330943864212897
858.4644479174215,8,8,64,16.146350890040335
283.51180638658434,5,3,15,4.751386607978526
1172.619942215889,4,2,8,5.81948130817638
1405.4215697282912,9,10,90,23.19946358285539
1426.2296589317468,5,7,35,12.985733668429523
616.6248253756419,4,10,40,12.643187793685268
289.7236229850556,8,6,48,13.415483650856768
825.7594772862913,8,8,64,16.125712918722304
257.65292108890895,8,6,48,13.216669289740908
1407.5823859176642,4,7,28,15.237679220678789
357.0114782972044,1,2,2,2.1207811149663214
453.8722039316297,2,10,20,6.341316095532445
669.2911376389586,4,2,8,3.5979258725109506
636.4302559827761,10,6,60,14.983562542337346
1212.5280493570447,2,9,18,7.996253914773973
738.8435487713473,10,3,30,10.36101751255155
339.07556400467166,3,10,30,11.276658599965153
474.09385368050374,9,8,72,15.697948110857464
812.7587392625309,9,5,45,10.534034206077536
306.4354843965889,9,6,54,17.523855131578685
956.3179459044197,7,6,42,11.306105350324488
892.0462291716043,4,10,40,15.10423755413123
1100.5832429351608,1,3,3,5.29287809477498
1412.7864615311148,3,5,15,7.0702220333677985
1377.156385541618,8,1,8,5.572610046563835
1424.505865296364,4,2,8,5.142203677613316
442.6018358331813,10,10,100,22.22222931239933
284.19142929509644,10,3,30,10.197264031740522
523.187380695028,2,4,8,2.357324062709863
1353.1192418728403,8,9,72,21.4290264893714
1460.8748644728835,7,1,7,5.512995487314161
1303.0549314986665,10,3,30,9.111209562192629
254.02480957856105,9,3,27,8.735641654270673
1426.3991972837105,2,6,12,11.258068738807838
692.7012382911004,5,5,25,7.375916409234859
113.03440706729515,6,3,18,6.119370236959753
719.351237047471,2,4,8,5.050815976633052
164.4968375456546,2,7,14,8.657004802480376
861.4290896255645,10,3,30,9.01493747484662
573.9756384118718,4,9,36,12.752325994463229
762.8089070316682,8,8,64,14.59064946899161
958.4385050403639,5,2,10,6.050358918397221
1316.3215341449484,9,5,45,15.187956629878459
1026.6622070607,4,4,16,8.759211257814082
707.6684158694529,3,5,15,4.513035243967987
1247.198995138511,10,3,30,8.175001605972632
1367.814992602385,8,10,80,20.839457903704687
267.6639530050761,1,1,1,0.530560663757778
844.706168573908,9,8,72,16.260276853284147
498.3167436394218,4,9,36,9.238189482362863
165.88567702772636,9,8,72,16.314639766375254
1035.9653731595795,8,4,32,13.435718110308846
1307.8790884429159,3,2,6,3.368144967049063
328.06371626835164,3,4,12,6.293372984317932
1237.3791206734606,9,9,81,18.717861566192745
1294.7540269517183,3,10,30,10.859051835486055
1380.076619733077,4,9,36,10.661834937971621
471.39912472047337,9,5,45,15.651875926966554
1365.534291265845,4,5,20,10.365714696854479
548.9278566310052,3,10,30,11.549916730785768
873.2732188377039,7,3,21,9.172048851745009
170.71045916519498,6,6,36,8.73044349056239
161.43352371624104,1,7,7,4.526250272958444
1108.522497825084,10,10,100,22.64906887192266
722.2719691689075,8,9,72,22.285774476457547
458.8093255169046,1,7,7,3.380572868048609
366.57889443487426,4,3,12,3.6422690060305953
1037.9348872029054,6,7,42,15.38132438315909
100.56216163547582,6,1,6,3.143981940105719
1228.2476368755958,7,2,14,8.362422859817272
210.94944858190036,5,4,20,6.399602179423662
368.0854608713672,5,7,35,9.25213744339672
640.7309534187254,4,9,36,10.448767166255472
778.802235602545,6,5,30,11.151510025011252
596.9931621395185,7,8,56,15.235042663103604
548.9970309780115,10,7,70,19.202510214992984
1449.482416902464,10,5,50,17.184564312591718
998.2115537407519,1,3,3,4.81190378020983
132.8061375143435,9,3,27,9.787140078043114
702.2462718220385,8,6,48,14.210143143794253
1325.0121796415583,7,10,70,19.820709855052854
522.0386609749352,9,4,36,10.258169186408228
232.37888268414352,3,3,9,1.3765373262966034
1161.738680225885,10,4,40,11.971626293204107
948.4193647105138,4,3,12,8.267643493966425
898.4375109571055,7,10,70,18.829380805554898
175.0071834503711,6,6,36,9.347073680920037
296.6986137137243,2,7,14,7.895951242665955
971.5691546983593,2,4,8,4.671468064400795
390.95337804237016,10,3,30,10.543556441017666
805.698111647794,7,3,21,10.055993909044645
862.8343604411508,9,3,27,10.586652376196998
496.91006637931514,9,9,81,21.03646736411227
1427.79521775809,7,3,21,10.014515721734227
1279.4497495698051,8,3,24,6.901755937586125
1111.322910685918,10,8,80,22.388862580110295
209.1914129731727,3,4,12,5.921953490790435
248.58202703262722,1,7,7,4.190662844729536
789.8938842109379,7,3,21,7.148495439970434
324.99868886737994,8,8,64,16.035397407297058
1469.5716489412637,2,3,6,3.84022416749845
321.9283276383732,9,5,45,13.508191256024608
782.4549696495636,4,1,4,3.538366839426968
609.7694795781076,10,5,50,12.370764659584246
995.1409900357371,9,6,54,16.187015669298557
280.65097244519484,3,7,21,8.123428394396843
702.4429992593473,8,2,16,8.230163432373269
484.5870459300011,2,2,4,1.042447974497365
1342.8521345403633,3,9,27,12.340885818878267
156.8199969885731,1,10,10,8.793449727807708
1379.218491609043,5,1,5,5.34415230666727
1266.1917939742007,4,2,8,5.572848725872297
516.5990030171416,1,2,2,0.34774175147827613
1205.0069165479465,10,10,100,24.533128504039688
143.69898447424657,9,7,63,13.7025348129736
1453.611770410751,6,6,36,14.258584423205228
837.2329196257051,6,9,54,18.81408868718843
524.5934364916234,2,7,14,10.226814700724747
607.6164976325479,7,3,21,6.381154255448049
192.96749484469632,9,3,27,7.229402344727195
1485.089319658855,6,1,6,6.977919472971517
155.00872321096944,8,8,64,15.165073373499975
1016.8699724070027,5,1,5,4.704768389420991
719.8302987890416,2,2,4,7.121174531521438
1428.4827054642012,4,7,28,9.431291856181035
444.39963642951324,1,1,1,2.138798407450893
844.9215535132158,1,4,4,4.760948080182269
775.2986920158542,6,9,54,16.625689010927633
1084.0130216701418,2,8,16,7.074083161589057
195.2143247333887,6,8,48,14.815529731499705
371.3047820326968,1,3,3,3.086261134965444
400.3907481299898,10,5,50,12.057622994138708
1133.4110567783655,3,4,12,6.295864893116484
364.79417485743613,9,8,72,18.933381881423824
902.8884694473674,2,7,14,10.429703330670122
401.34134870133516,8,7,56,13.875610340375292
1306.2749301175697,6,10,60,20.586647182902322
1419.059636285494,6,10,60,19.501639848309072
825.8901649191366,7,7,49,13.135808369402469
593.2324378928496,5,1,5,4.740119416809685
427.68088502449876,4,7,28,10.363468749411723
169.69340213226127,6,4,24,6.979848806309835
475.9001066764935,8,3,24,7.185231855837011
1015.930091923445,4,5,20,8.031474296153178
847.0637038328952,5,2,10,4.9131041408668095
1421.6577895932985,7,8,56,16.95736295818342
654.7881674883809,6,9,54,18.083522739088064
1071.4086792597523,4,5,20,9.030850774847721
785.05184646517,4,3,12,8.483326745647853
817.6067022938963,10,10,100,24.487859223181253
474.88404044576447,4,7,28,13.489798457978273
736.9310875787995,1,1,1,1.1035086945597323
759.0989958177902,5,10,50,11.419654802564256
1089.2995304485075,8,3,24,9.788384381420148
1416.8959988605593,7,9,63,18.58278072632765
561.0497884755059,5,2,10,7.286415009202072
159.08065601381782,3,9,27,11.724851780119103
794.8131757008956,1,1,1,0.10095942073182451
862.2458650088361,7,4,28,9.366154476644743
335.81677158468136,3,10,30,10.280164146479999
1164.6504487864934,4,6,24,7.798858759433713
1478.9007518180883,5,7,35,12.2979858626572
1424.0846038118452,8,3,24,11.684458486020217
375.94845435311305,7,9,63,17.645465743301468
1325.508535861065,9,4,36,12.912770013514923
1086.2910909763586,3,5,15,9.866615927154898
735.3851893296762,10,8,80,20.193508263885725
856.8553920546207,1,3,3,5.582446599326947
1289.4402449754414,1,8,8,6.021306432791908
772.1889154937224,10,1,10,5.285982570220705
622.4903167471776,1,8,8,9.060698961330349
790.5464902363801,2,10,20,8.449334665625233
910.7817256490688,2,8,16,9.542027147467678
364.70871528968837,7,6,42,10.738945445984134
1361.270822373787,9,5,45,14.757823486764323
1043.8617283614594,8,9,72,18.684042837070095
986.5764842724844,4,6,24,10.247353687986358
239.29471665289338,2,1,2,2.8448435557082012
945.8435134416285,3,6,18,6.89938213669201
269.34492713388926,10,1,10,6.563529885651623
210.17674527355868,5,6,30,7.10661170325471
838.2352538993506,9,3,27,12.215128655373203
663.899747665093,8,6,48,13.8666581257921
924.3343782187126,3,6,18,3.306968447334495
224.91103528013403,9,1,9,2.937081282924414
703.3762879861617,10,9,90,22.533339386621243
344.70140106322117,3,8,24,9.830349456770486
1481.9401202937631,10,2,20,9.177799081934214
885.6102974092441,8,2,16,7.606761445069711
1062.4116053172143,1,5,5,6.263281427960881
555.585592955651,4,10,40,14.277868514311509
232.63448069108182,4,2,8,5.027049314593979
1466.2192078969513,6,1,6,5.191854131678188
500.7626495364565,2,2,4,5.047952720563387
693.3314592430039,7,5,35,7.476673457418692
1009.8094903836051,5,10,50,14.59990019791943
134.5762167605558,10,7,70,17.49921753210253
1234.3627827242017,6,5,30,8.959637682476448
851.2094660400684,6,1,6,4.884869884702482
489.504061896351,6,7,42,12.708969561543249
186.25117940945694,10,6,60,13.608835098863775
327.497781664218,8,7,56,14.540667671535592
1353.0474023948116,10,2,20,7.671787877314925
1060.4339135102473,4,5,20,9.829312009629833
449.8624102916458,10,8,80,19.899732787624025
191.84107092304134,8,7,56,15.091792983997045
1066.8614373412909,9,6,54,15.22966468167425
901.3708163548712,4,6,24,6.5038061625054855
666.327334241529,1,1,1,1.983562036831507
609.0560288660894,3,1,3,5.557334384907656
403.5399863007516,1,7,7,6.481639185701428
1037.4557591525247,7,3,21,11.142866803436522
1458.9352389114188,1,6,6,6.60085145943625
346.0013441715562,4,5,20,5.854143852459277
935.9632680217047,1,3,3,4.701856784315241
693.8590780443667,2,6,12,5.899558665330709
725.3642104425309,1,3,3,2.563795060447763
455.80619217894014,5,8,40,9.00947087181664
1255.1888259259867,7,7,49,15.261768901166796
779.3578458061376,3,9,27,11.514252379809548
860.7681930775698,8,5,40,10.374315729281493
526.6652779162561,5,1,5,5.93714636910582
354.5318519337296,5,10,50,14.083552429135018
220.27454348394866,5,8,40,11.306055991904651
1099.7667972948823,8,2,16,5.970445028000723
374.7279943629979,2,6,12,6.340709384653595
1066.1054958643167,2,1,2,1.7031279177369296
646.5270244657354,8,6,48,11.86065426560431
682.084721385512,9,4,36,8.55555690272461
756.8484945298804,10,5,50,18.06430196964072
614.7919113785605,10,10,100,23.15729398191037
240.8679681116261,2,7,14,5.067214860990027
533.4845340039841,4,6,24,8.204198712291985
1029.2281049715139,8,1,8,5.305410255890808
1032.0981620564194,2,9,18,8.69543964938901
500.7140301359921,4,6,24,8.759197971974146
744.1436771807631,10,6,60,15.278854601494972
370.82611921671247,1,9,9,6.177659026934954
394.5209141417701,2,10,20,11.888473541309779
132.26592376925038,7,5,35,6.8644196115127265
1355.4451698708424,1,6,6,4.603326365180518
394.9893311048687,1,6,6,5.130283157025863
418.54742771104867,2,7,14,8.389746201724602
491.4420057031845,4,9,36,15.671230114264993
278.3713003736006,7,5,35,10.528509579192784
994.968036453908,4,5,20,6.361371216052401
205.2001344486212,5,4,20,8.768405403684964
287.8833968568904,4,10,40,11.962669638663234
1002.65941722613,4,4,16,7.334250883116008
575.5248686740199,9,8,72,14.936645654783192
1091.1269573816646,6,2,12,8.335053390342177
880.3946425381988,3,10,30,9.778958186356167
458.4296422861183,6,8,48,13.967211411399937
1011.1591306850593,7,2,14,7.123215684290392
262.7831524100329,7,1,7,4.374816664207912
850.9745363120426,8,10,80,20.17976473510227
712.0073470630485,4,9,36,10.492927453934076
475.02301594441707,1,8,8,4.38851120206532
945.6069968353002,6,6,36,12.912811029985956
1319.8670292763954,8,4,32,11.416025207206749
1498.4665796683073,5,2,10,5.81465299857516
950.8678762407943,3,8,24,8.83316353285988
666.5882240608382,4,3,12,6.565168202884999
415.2899403026822,8,10,80,18.213438872426423
459.93452515315647,6,4,24,10.313693708247479
771.2369694096719,5,5,25,8.559066002195992
614.1887817929929,9,4,36,10.404061241763108
1379.340331674922,10,8,80,21.885480411608032
615.6136547179933,3,9,27,9.355009312666622
622.8224276036096,7,1,7,5.368220072324921
636.9483174075677,9,2,18,7.390434637734238
1271.2682945147214,4,4,16,5.138624075302928
1011.1036491856626,10,1,10,5.321283368698224
959.8363904464497,10,6,60,16.758912545122943
567.800231337407,3,5,15,5.609066558561471
1245.0658475654152,1,7,7,9.728272874669603
153.70940589798158,9,6,54,12.327187797684774
1319.1160412733584,1,3,3,2.6244156809279175
817.8498597115014,2,5,10,5.795174682875835
657.550328808778,9,3,27,9.641523931610438
796.0341930047599,5,9,45,14.767375847293845
1034.3817427473637,4,2,8,1.5112813235696958
117.8715971250563,9,6,54,15.696972009469857
1320.1725990415468,9,9,81,19.127115143636125
725.4353354359499,2,10,20,10.684704020956325
580.1531275801094,3,7,21,10.946564229061739
293.54379188767996,3,5,15,6.857168104920545
715.251524101819,5,2,10,3.510366657579442
794.8518797981304,3,2,6,3.9002043464080547
665.1053722908689,10,4,40,13.063598583464518
1050.1241313576559,6,10,60,16.95008606700154
689.2551402629164,2,2,4,1.8047128779072938
1445.9846089852026,6,8,48,15.241728163572256
938.9885249530286,6,10,60,15.902915646195074
1230.4691099126726,2,7,14,8.863873107051074
253.0982643532704,6,7,42,9.813604134260245
656.207810124268,6,3,18,4.111192728805705
571.5867820260138,6,7,42,10.51830265170141
897.2753433912285,5,8,40,9.936283815798541
1305.5589280859958,7,5,35,11.018649595567618
209.67350486680934,5,1,5,4.075998674124033
201.6047172625951,1,1,1,0.6623007630309223
1290.4447914206385,9,4,36,12.24447241296285
397.9901204537004,3,2,6,1.8884768735146533
1036.2545562297391,2,7,14,7.60226976457776
860.0293853051272,10,3,30,8.986024016033754
1266.0510328421212,6,4,24,7.748927967655931
275.1244737709649,8,9,72,17.011511574040448
281.6961520116558,2,2,4,1.5487693251044554
879.5457043896306,4,8,32,6.737808330169605
1424.9301147017193,2,1,2,4.030851356997714
680.9968617190559,9,3,27,7.8505636174570945
557.718940356573,10,4,40,10.151212604531588
949.3650524770402,2,6,12,8.792594252290597
1402.6280407630436,10,1,10,8.985979539858183
1271.698965982473,2,8,16,9.3057438902696
1493.6770550265078,5,2,10,6.877731648122941
131.59601648332793,5,5,25,8.422005935125924
258.0014025978671,7,6,42,10.727322773089698
953.2548687132708,1,8,8,6.725209159158225
1248.8070150673896,2,3,6,4.592078405453827
499.34207922947314,6,9,54,14.66706864064645
434.8955232479063,2,5,10,5.398012092578003
1201.7661191336813,4,8,32,11.938268928700706
178.9345953945242,10,4,40,10.40667823237736
617.1357066156191,6,9,54,15.770389896719612
808.1329116292617,7,8,56,15.012668390416128
884.4881440904528,10,5,50,13.926741478270593
1120.0612195098877,5,3,15,4.458125288689557
596.7840128029216,8,1,8,3.916550386227922
957.7580825444501,6,5,30,11.514376529923299
919.5255919073388,5,5,25,10.264530225336566
866.6625409152459,4,4,16,6.900310513122114
996.6766103990971,6,10,60,15.955992541453476
463.22883949530683,6,10,60,15.953671704092251
218.50825501848055,6,8,48,9.045317148371725
266.9803408556408,1,3,3,2.693520966116304
414.4153357154615,6,10,60,13.758338850731942
800.2771097318994,1,9,9,6.714291711820589
1276.6198507644283,5,3,15,7.821884325966467
1081.8106789237377,7,4,28,9.539184603228009
1204.656845882866,1,6,6,7.129177239674144
591.3658734965279,1,9,9,5.48467688467943
666.5152383079702,6,10,60,15.04011732985172
651.154640386858,7,2,14,7.238783568752568
368.6224581663021,6,2,12,4.597008382491934
185.70332140100084,5,2,10,6.191496053116381
927.2825299581175,6,5,30,10.174865921785768
1484.9033567888205,3,6,18,9.796730055933848
333.561586930368,9,3,27,10.01401219100095
165.35874785898326,5,3,15,5.173294105753015
1191.344354553506,2,2,4,2.092044317096037
453.62040935861387,10,6,60,16.248485670848716
1261.5013274940998,10,1,10,9.212245194725405
1085.5113338483216,7,9,63,16.922675641858557
1423.9429518711265,3,10,30,13.736906751796123
672.4981300593408,1,4,4,2.092958899570709
1026.7577752308878,3,2,6,4.8779413339076765
750.796693138579,9,6,54,14.272803920699744
982.8241762319609,5,5,25,6.850322095334423
729.4384684108322,7,3,21,8.506269545015114
364.0851449937048,3,3,9,2.846042620698663
811.0563824047333,4,5,20,8.38674913282481
840.0178820124192,1,4,4,2.6831225620335433
1234.8453875642256,3,5,15,5.108977443354245
1129.7289881110137,7,2,14,6.1881313387561825
1029.3082735180217,4,1,4,5.811336516778807
258.74193377360154,2,5,10,4.377591316829907
1108.862806929201,5,1,5,4.921218666413794
800.4272188963207,5,3,15,6.760301881129469
1351.739350548623,2,8,16,9.056069672204993
1387.8193077827598,6,8,48,17.786962511619045
177.21922684249964,10,9,90,20.392121889968223
1248.8981844962702,4,1,4,1.8394003881601861
152.77634659173887,1,4,4,2.2476864001030292
614.0374759730317,3,6,18,7.330572244103913
859.2199658695108,9,7,63,14.777142459330868
307.3411180779784,10,5,50,12.7577111164509
1144.8393375967075,7,7,49,14.201726478166538
111.696585840994,6,10,60,17.687222692357807
336.03866780765156,1,8,8,4.355597842422566
913.1155617948659,9,10,90,23.45065226156435
1100.1425868522092,9,6,54,15.181347240264781
1383.3003437714826,1,4,4,6.556743694864244
1087.6953127084735,6,1,6,7.3689254999986264
1040.4909783568123,7,5,35,12.00280350566871
652.07760489093,2,10,20,8.817913800335726
101.79819573752198,10,10,100,23.92641496625387
268.22296222987075,8,10,80,16.741541098734253
848.3763626584548,8,4,32,10.756632276851475
1045.1818401821874,6,5,30,8.52072655297226
684.4275974550475,9,4,36,12.268646859913922
1122.9506161397462,3,9,27,10.943470871211346
830.6072134650502,2,3,6,4.252658573842646
203.84667383203708,2,3,6,2.5526563494595984
368.8227513551284,6,10,60,16.55272232169817
1275.99751254152,7,7,49,12.121157753545381
1114.8778452742154,6,2,12,9.483698362681789
1352.666781817493,3,9,27,11.04187706890375
264.5801487693112,5,8,40,9.279329420597943
1486.3115484611035,8,6,48,11.029181456222966
393.169399529907,6,9,54,14.033940484306838
116.49182680129881,2,3,6,3.2783155298651128
1496.3921146749758,7,4,28,11.350801493115592
493.5034396231584,8,7,56,12.411444600335031
1035.227233517584,4,1,4,2.425607696403284
347.3552398468273,1,1,1,3.578883228204297
912.3199450787984,2,1,2,0.7957870671056364
1365.648981036383,4,8,32,12.098263628125236
548.253634399814,7,6,42,11.318610790666558
1038.3555664621028,2,3,6,3.972829038350883
363.0650243177831,6,10,60,15.115150742316995
974.7135582062153,2,7,14,6.640041301773682
571.0304925445142,7,6,42,11.082659057810144
395.69156202313235,2,5,10,6.3893916287161145
538.4548709850892,3,3,9,3.9212136183593707
350.3774959109191,9,4,36,8.57280367424211
1362.6825509730359,4,1,4,4.7995427788027145
656.0616408439804,5,9,45,11.573895096947087
443.3910269641143,9,5,45,10.706023028388053
727.770977422306,7,2,14,8.6384127836177
548.7506335290938,8,9,72,17.622736233103108
1142.1869553386564,3,7,21,7.2182345140621464
1459.7078766396921,4,8,32,11.965004872500211
713.2471193767055,7,3,21,7.972220840810411
1305.4467599611364,4,7,28,10.500284226808388
892.2083029834673,2,1,2,2.3517129993100787
320.12993113192687,10,6,60,12.959359381559988
1066.871838913878,6,10,60,16.31028993389425
818.8082959761482,9,6,54,13.646654710071488
1010.8491325529449,2,10,20,9.43868109078142
1345.5623776003308,1,6,6,6.925124977710954
716.6083989184646,8,3,24,11.26034249892355
1361.6486725042978,1,6,6,7.485528466482586
1150.9366199943167,1,3,3,0.17982026285943142
784.0468962291786,3,10,30,11.301663688104455
944.5109899211492,5,9,45,16.012676516274336
555.813585526616,9,7,63,15.847933989452677
1477.036219634284,10,4,40,15.887449873632887
1034.2916282705544,2,3,6,3.1116015363293505
161.38559349528185,1,6,6,2.60651129383082
557.2706680472122,1,9,9,6.111017784331205
972.6402072626805,8,3,24,8.92598564275636
178.86658891893572,10,8,80,19.812800591034406
133.43786784679986,10,6,60,14.66978458716989
730.0339353389236,10,4,40,11.89663208436854
565.766251569738,2,5,10,8.945956781878571
713.6180512464323,9,3,27,8.210847991663062
467.7706338320072,9,2,18,9.068534694742175
330.6048457201733,2,9,18,8.1846224784384
1064.8006997724729,3,3,9,5.029782860424049
820.3995627749207,2,6,12,6.829025899209215
380.21589574911354,6,5,30,7.83413167567561
547.4251967639976,7,10,70,17.82420849418028
928.5310707286562,6,8,48,14.051106537087499
201.121087581469,3,5,15,6.266731604630974
306.4342129726514,3,8,24,8.137749793343515
202.54384575034618,2,5,10,7.004342949847222
1237.2442657997665,2,10,20,8.751007894638159
1153.3729264968129,5,6,30,9.67376963966035
1154.63810463096,8,5,40,13.068118849620959
1102.8554808664394,6,2,12,5.397301304511926
1037.139593137817,9,10,90,23.283729614597313
767.788681529445,5,10,50,16.507133037469224
999.189428909961,10,6,60,15.618987277566841
153.70617670316452,4,7,28,8.639594579911682
970.0501917194985,9,3,27,10.872153590503295
1189.028787751628,10,3,30,12.403041645684521
800.5017045381462,5,7,35,16.367737240501498
600.5186597981317,1,10,10,4.964675014960829
488.3974287213708,5,4,20,9.318063634737154
999.9228702269155,5,2,10,4.836106936072566
1069.9216780818722,5,9,45,13.089600308473258
1319.3546398075596,2,9,18,9.753201219201053
579.267715445387,6,6,36,10.851700539538845
1177.6812303398199,5,2,10,8.031617420864707
885.8981538650731,2,3,6,2.266019356916416
1335.9710869493108,10,5,50,10.707875827471684
838.936951613869,8,5,40,14.978612436009517
824.6817597571542,6,9,54,12.989341851908096
909.0279140172728,10,10,100,25.32563852900602
1149.0414971994082,3,3,9,7.840205422807654
1450.5666703598454,9,2,18,10.803068675420482
202.98869590207192,4,10,40,12.373123582354872
174.80844334742403,3,8,24,9.168353767379342
1412.5704723702738,7,7,49,14.291240852867046
841.8258757254886,8,9,72,15.612129242513973
960.8642203937105,7,3,21,7.850392319017512
775.3930422326204,1,6,6,4.335351691701795
231.1204336504643,1,5,5,2.0953668011385407
1175.3251297861332,5,5,25,9.674982917345202
1146.1145031240217,8,10,80,17.768165735943015
536.3846500899367,10,8,80,21.154428796912637
528.7349433197605,3,1,3,2.7030462886040296
1272.977933267726,8,1,8,5.804845119252083
201.30016083785728,3,3,9,3.3883127146624377
1333.547207699192,4,2,8,5.632432534721932
459.3263658542802,10,2,20,6.164194739357947
930.1786468576915,7,2,14,5.300424006910029
1410.3918506024888,3,4,12,5.159302355676282
1049.3715021513049,4,1,4,2.1697766986617495
680.2017374538513,8,10,80,18.476294485692602
1065.3478924675812,4,9,36,12.109686501016403
581.5714908429183,9,5,45,14.264740187039536
488.16178288886056,4,5,20,4.811796222680304
1495.3565891085516,4,9,36,14.563800386412893
1151.1063236517027,5,5,25,7.139537898628447
1002.6079683345447,1,8,8,6.849883662926881
597.4055005070463,7,1,7,2.4692092869161946
168.82516081706743,9,1,9,2.89075575771761
143.47962644921785,9,4,36,10.461403078192014
875.8537576283184,1,8,8,6.908975411388547
1166.8458094546716,6,3,18,9.157149337795227
852.3308666213971,3,1,3,2.0572886957371326
1277.0991007147604,4,9,36,14.249210707087109
146.7971463305103,8,9,72,19.438574590055506
613.4529069963162,4,9,36,11.776625935161245
431.89854764384927,8,9,72,14.983681373428855
726.1821554199709,4,2,8,1.7587318058193322
201.32695047177145,9,4,36,10.332172299559984
1435.7842981995016,6,2,12,6.41323468701927
412.55756149710527,1,7,7,3.4816538316267573
1391.2308856770187,10,3,30,11.231768689483403
696.2504170513545,2,9,18,7.755451115904163
1479.7337865573052,7,7,49,14.968997310354792
875.6817368442951,10,8,80,18.630748697215314
1403.1660098461305,7,9,63,20.925593320855935
107.48858417191198,3,8,24,6.283952583295438
1147.5343286532602,1,7,7,6.041238448226751
1364.2709143435216,8,9,72,16.465946122833664
295.6087937705357,10,1,10,3.7565380803544253
234.5761924250121,10,4,40,9.117004677445404
694.4016500603378,7,4,28,8.48169607698985
1407.1504685861091,10,5,50,14.940959452657053
859.3411842666143,8,8,64,16.285926889629444
838.439049210425,1,10,10,6.656326715555657
297.5765656190506,3,1,3,2.6665328952648135
101.1053155305063,2,6,12,5.438660187884218
1234.1961270436457,1,9,9,4.145867106078694
222.6043881807335,5,10,50,15.031665228234441
987.3897462294535,3,8,24,10.066635281449226
1380.463036321268,10,2,20,6.622079716288099
392.1126784218034,8,7,56,15.732200950480845
1031.3819707316752,6,5,30,11.892321698093973
210.17800739051324,10,2,20,4.237539445281027
945.2572013726582,9,1,9,5.872109813587645
329.50440933448385,9,2,18,7.254652336959106
1130.3349847212492,6,10,60,18.665348106137582
521.7238127114715,2,6,12,6.580547439273664
748.7474123265047,9,8,72,17.352837328986066
939.2027588386703,2,3,6,2.9546084117820386
339.7827749327354,3,5,15,3.6116795405716706
1138.2929460646692,6,2,12,5.284235448223743
523.6964768915404,2,8,16,8.054041240525212
1027.3206038778549,5,4,20,9.536104024138478
321.5962709791231,2,10,20,7.677320791644205
1063.3647228888904,4,6,24,10.971352822701508
279.46330193464644,3,3,9,4.62064852979727
695.4990947779771,5,8,40,15.883139792953436
446.08850323442755,6,8,48,10.343444732944976
1147.7253491994556,7,3,21,8.417602636699696
466.8490063096244,10,9,90,21.352001908561185
1334.4042289535548,8,10,80,23.840212278231196
1348.5482959692579,9,5,45,11.964960761456314
375.0178413119002,4,10,40,10.50100962430233
959.384323010814,4,9,36,12.201326448856014
222.80469840795007,7,7,49,10.860778851616072
648.1519394422809,10,10,100,22.923552900470376
1098.650421301781,10,3,30,8.444142785841414
1023.1925455898828,9,6,54,17.03921582463149
974.5809371692511,2,10,20,12.067901557959846
495.557209127421,6,2,12,7.964074455725592
629.2349292081628,10,6,60,15.88835694660494
244.12460258040065,10,5,50,13.251135322294413
1106.6319486070415,8,3,24,9.394945529060038
805.4443155077829,5,7,35,12.452428137785706
1092.2718852839164,5,4,20,10.176597802195358
448.5209347156219,8,6,48,13.967025817781739
554.2135200890928,1,9,9,6.7222997464472645
567.9014721641605,6,6,36,11.793936258962827
136.0393736461027,10,4,40,10.856316021698827
577.4670219628729,9,10,90,19.342878271926345
1224.626402925247,6,2,12,5.9619548671872415
1356.217894049634,7,9,63,18.181866865723084
825.5056418902984,4,4,16,5.545435762352003
737.7023733069084,10,4,40,10.665806345697677
143.15446617911834,1,2,2,2.6135626469205357
1330.8860726195358,9,5,45,15.132512641545025
118.21429879622181,6,6,36,10.279949472674646
1422.6501122942966,3,10,30,11.498697651806307
784.9027481633269,4,6,24,8.263339395038505
578.7082910046172,10,3,30,10.907481204748715
1393.905808779724,6,9,54,14.935328809700653
134.14739035413544,6,7,42,8.985949011658773
913.994852816722,9,3,27,10.53878344444278
868.5055342990727,4,4,16,6.757911259607873
407.0485616959349,5,7,35,12.324921239944105
700.4424038902948,5,8,40,10.502991284542741
1013.1696083212782,3,6,18,9.638368437246614
1117.9836756346986,2,4,8,4.760285094307857
101.00360218921169,8,2,16,6.975142001900318
1411.5948021274214,10,10,100,22.89059909576067
330.3355213499374,9,8,72,14.952959394075283
427.0126079113029,10,1,10,6.2803979119941085
468.8628239713875,9,9,81,18.974954499505095
152.94819117284942,5,8,40,11.244906142334068
272.2729730264549,9,3,27,7.031191815238954
1480.8898921218267,4,10,40,14.653898288711629
541.3034323282004,2,4,8,6.393484503910665
261.42152647466907,3,10,30,11.567840732122193
249.78776564447264,1,4,4,1.9874918570268933
1107.2439547379606,5,2,10,4.130072427000697
1296.3961296456973,1,10,10,8.388192258580519
459.7332193118578,1,5,5,5.240689918342477
129.27331726932897,7,3,21,4.176371684729571
412.3260258234981,2,1,2,3.0387587048448728
179.12196711546028,8,2,16,8.973668045389843
244.7529112820581,6,7,42,12.348973590586406
704.1113677866994,4,1,4,1.2749594000390831
421.8857192062856,9,2,18,5.344657929841022
822.3242299355927,10,10,100,22.609731433094648
454.8912545600665,8,7,56,14.292249929458666
1416.7522215441268,10,1,10,8.257021863797576
1368.3215550967702,3,7,21,10.66732400102723
893.5285470146524,3,8,24,9.039344455625713
596.1935887823406,4,2,8,4.776429742725224
633.6056348486298,9,4,36,9.345114069475848
676.5931964022957,9,7,63,15.244199572654818
1118.6110509889218,5,1,5,6.214663296608016
732.294593726373,9,6,54,15.342803396904205
1299.4219251082563,6,5,30,11.76426772686586
1421.7327003025105,8,6,48,13.284507122902614
570.3246147305074,8,8,64,16.283791999266217
884.9722739259522,10,1,10,6.797960983617056
233.0791515655902,7,3,21,7.40059309715036
380.6566668729026,4,9,36,12.487206924384305
678.8520733942241,4,8,32,10.62539223459404
388.6838022624904,6,4,24,10.16286692022986
1327.1846871042046,9,10,90,19.906526424052153
321.6007584827373,7,9,63,15.33077269686015
737.9251501743288,5,7,35,12.574424306144895
947.9789366438259,5,2,10,4.576344292090501
1068.6094714251822,8,1,8,7.387815708326074
636.2971176171094,6,1,6,4.519415658810391
1316.73869621462,1,3,3,7.430810470118146
895.6468115090958,1,10,10,7.364543350804496
715.3108926265725,9,2,18,7.421874443162592
194.13688767285126,8,4,32,11.89006001559374
750.565255823231,6,8,48,13.15894892556242
1249.0301771420225,1,5,5,7.13243818770969
960.3574255098416,2,5,10,6.482085944603387
1265.0274352207657,10,6,60,18.560807992464937
791.6163388390279,3,5,15,6.209622242266511
265.8463871322746,10,5,50,12.871898480814217
119.0957841702335,3,7,21,6.536904266639115
524.5073654060277,2,6,12,2.8882378553717682
1077.1866600969095,2,10,20,9.356779092985688
1206.3638655183713,6,2,12,11.61572976667751
514.0539684684611,7,1,7,3.479603294510408
793.9154892365459,4,1,4,4.006781195684647
689.5664662077143,1,4,4,5.6658809797690886
674.731898091999,6,2,12,6.5317515073068
423.8881984802107,7,6,42,11.531424490420088
290.9195470412417,4,9,36,9.440481959462302
375.3639815236984,6,10,60,17.714248289184635
177.46534202868452,9,10,90,22.21786095058289
377.38303855300785,4,8,32,12.082576035926248
112.88125667553123,10,4,40,12.803567829248623
978.1617608903696,4,2,8,3.015042415326176
542.925570342756,10,1,10,5.4581472104040225
1462.402595997672,5,7,35,12.941261900857057
371.203871086817,3,10,30,8.715631778997642
584.1599984334315,10,3,30,8.923076017275122
600.9776220981464,2,6,12,6.962819340392293
111.83209448744475,9,5,45,12.572686002010919
1274.8911342552426,1,5,5,8.241100071125903
144.7922442020546,5,2,10,3.0077297985146374
1416.251768620938,5,9,45,13.287470886953724
1348.9040915310688,8,4,32,14.645025182335194
849.730682520349,6,10,60,16.130870621413187
861.0338048758089,6,1,6,1.9718175659072656
1015.2890921386189,6,2,12,7.0300530266566845
641.8700167088417,4,9,36,9.871234934453582
1006.1111967569976,1,7,7,5.5828071892295705
162.67574416388163,3,10,30,7.598886936885677
175.6666782896172,10,2,20,8.818544133359191
740.1225874673621,6,7,42,12.992561156437082
869.471221548449,5,4,20,5.904411887519638
1342.9446964701467,10,10,100,24.983411665283192
246.52488747105477,1,2,2,2.899693846998204
1251.707098071445,5,4,20,8.285930272089434
394.06627220889743,2,5,10,7.371203234195178
651.7171079140446,1,4,4,5.365670256490855
543.2434087583781,4,3,12,4.563769553790547
660.2173820115586,6,6,36,10.580379579480919
310.69369730161975,7,1,7,2.31645797975721
804.9981041649769,9,8,72,15.765053601430033
1222.2996257639143,5,5,25,8.389071686313159
718.1476145304557,8,8,64,15.582163896253949
786.8590062574788,8,10,80,21.96342958036452
1288.2746193938399,9,4,36,10.214417286384592
1088.4813604932433,3,4,12,6.622987415145937
786.6361719276986,3,5,15,7.045040547498255
460.77390746485156,9,5,45,11.310860410915195
1338.8974455829532,7,6,42,15.007041712165647
907.8285623667817,4,5,20,7.5468029572827335
409.6066541549707,1,5,5,2.980227127818469
476.7676536932145,7,8,56,17.117020324395217
1224.3863245107443,10,6,60,15.585826623603998
161.80378692243764,6,2,12,5.891326055850796
1488.9290618403481,3,4,12,6.426224893490596
282.4923516007085,5,4,20,4.8421988722969616
1214.4959355557123,3,5,15,7.083348100898435
652.6854434803561,8,6,48,16.839001150727732
789.1026566024536,5,5,25,6.662519382184412
1332.910808450409,10,6,60,16.015211948898454
678.0756654248985,10,8,80,21.39978548465532
852.4912551425283,6,4,24,7.295257265266499
169.0195273728379,2,3,6,2.135154981281784
103.28646341443442,8,9,72,17.2085748367194
442.71982220241625,9,3,27,8.498154344657314
1052.8163300862743,3,8,24,10.568923115541876
269.7708507027914,6,10,60,14.945426685401742
259.2667423263692,6,5,30,8.827198499125931
675.3448512502646,2,9,18,8.054592749634992
1006.9718540515171,10,3,30,9.487533116253697
1096.9007891471028,8,10,80,17.81856205132904
349.83094373772474,5,10,50,16.582496061635577
211.42340632085944,8,8,64,14.380111299353898
1416.555847523762,8,7,56,15.28010791423716
464.9329355869424,3,7,21,8.07745936369594
1294.6850966522134,5,10,50,14.037747284325286
1308.8880306479457,7,9,63,19.141387226311455
1181.5316284675623,5,8,40,13.444978777784431
336.3670493135981,6,3,18,5.965881422253458
1250.5220429558806,2,6,12,6.55153029890543
1176.9507829382214,8,6,48,12.553214304176876
935.412186148704,5,5,25,9.590821534162306
572.0828492365338,6,3,18,7.048462354531618
467.5120459731617,1,9,9,5.216009597470874
270.64489691250253,10,7,70,17.627421910675558
813.6598936612199,2,4,8,7.39811368014262
919.3652257137851,4,6,24,9.060779474165656
603.0745867221021,9,5,45,12.285293690886194
765.502694753216,6,1,6,3.1900527246092287
608.9202403169734,8,2,16,6.579196815563427
997.4084802489817,2,1,2,2.6657186640886352
1361.7628909151886,10,9,90,21.25371975316302
329.4883668657228,5,9,45,13.18584482928152
633.9723338643728,1,5,5,4.728041880867526
297.21604553120585,4,8,32,9.909025582643828
974.9212785709648,10,10,100,23.40652391032585
1120.418713284034,1,4,4,6.122993724862391
1404.6778256364382,9,1,9,4.633899210542797
490.4206967653509,2,4,8,1.8261825284404924
1430.2956882116023,7,7,49,15.448814618632325
188.5677405489447,3,2,6,4.8737106617166805
944.2194087104234,2,2,4,4.069219717202155
179.98580708066197,4,6,24,7.750619931186604
1351.2838628667228,7,9,63,16.28174984325228
841.7326798980757,7,3,21,4.916754764753566
1037.0876910679144,9,7,63,15.562224145096929
1264.2034962746336,3,10,30,12.894828387958636
310.43487147755627,7,9,63,13.412103504103836
154.02818671338738,6,9,54,12.530277981471144
1330.433604277993,10,4,40,10.911600645292296
540.9065184425056,7,2,14,4.723995651660444
280.57047109803136,7,1,7,5.8210730783638
755.8457319219211,10,6,60,15.002802927945188
937.6285059744263,5,5,25,10.496798829765812
143.35884479151417,9,6,54,12.615173073441184
484.8539215599228,7,7,49,15.381521042030663
145.9198239876544,7,9,63,15.965418894835897
688.4695448736985,3,10,30,10.085826217796662
1353.140040692742,1,10,10,8.263527743327534
1475.713376090997,5,6,30,9.189110241427294
991.8665749050786,8,6,48,13.217197677595987
326.29277129842853,5,3,15,7.733436786678551
1368.1891459990281,10,8,80,21.47534066185039
822.7469524800847,3,9,27,7.063854123320506
315.24903694408533,9,1,9,4.823871659920233
1390.417337232326,2,6,12,7.8329242144100455
1160.4566710123443,3,7,21,10.296764811936427
1124.3873818124123,4,8,32,10.886497782439138
1092.8529853121665,10,10,100,24.005633685696548
380.47574953501925,1,8,8,7.010068335510702
395.4093683905365,4,7,28,8.62594095996259
1063.610197798157,4,8,32,10.234172674949052
407.6118501545556,9,9,81,20.518833148092327
714.1403755242684,8,10,80,21.109916246615988
1194.802555831518,2,7,14,4.6483705783683105
1197.5335253369774,7,3,21,9.233472020319025
734.5664815362035,6,9,54,13.45806939337621
1209.0659135853432,7,1,7,6.567998814297981
1274.0705146772796,4,8,32,13.177020012732608
1016.6860517979643,5,6,30,11.362240108169551
419.7961932317882,6,3,18,7.61650939971001
483.6164925397665,9,9,81,18.426695586036434
540.7776175722295,2,6,12,5.195191864938739
263.52575082753276,9,7,63,16.36608377553928
482.4234685179232,10,2,20,7.8712488406086045
393.32691403754495,1,1,1,0.0
737.460249732043,4,1,4,5.012045005581115
1371.812567021171,5,3,15,5.498514695975809
246.27244345554132,9,3,27,8.929690441877485
1108.3750935263538,6,8,48,14.727653266848373
1062.1962061783788,4,7,28,12.096758533478141
234.05587812870073,2,10,20,7.714451103320212
1391.60136686812,5,8,40,10.439758476617627
895.8610830195474,8,1,8,6.006663502649761
609.215729589958,8,4,32,10.5173348029241
1159.1540168934293,6,8,48,16.128744501561307
460.31164176228765,1,10,10,5.928766219795074
1070.9137718648485,8,2,16,8.796619879131704
155.59569060114612,4,7,28,9.85674188100412
1275.1712526529807,2,8,16,7.652109236784877
727.4391858298459,1,9,9,7.180380845349416
991.3700801011184,7,7,49,12.024782938463542
409.73294772935714,2,9,18,8.565620738230013
1047.9031977218272,4,2,8,5.629386683682605
1181.1363862505873,4,1,4,2.704228531050733
762.4984616381582,10,1,10,5.829595532622886
964.817693686512,1,4,4,6.05704469202838
738.856293351358,2,1,2,3.0774851591312604
1351.7279169609837,1,7,7,5.829261572030106
797.0168527200468,6,8,48,12.642357958412644
1278.5321926403465,3,3,9,7.51181155802324
1221.8928815783481,1,1,1,2.557227467546222
674.7067498876992,8,3,24,8.880335715119568
422.11828860046506,4,2,8,3.42477523630508
668.5149855836794,10,6,60,12.418731769809913
1256.7043260853081,7,7,49,13.783553586611514
418.6855501471493,10,9,90,22.644318018439435
834.210884200849,2,5,10,8.984343489800242
1228.5354471450464,6,4,24,8.297014934939952
594.8684651797303,6,1,6,4.78972514154624
999.0934918037764,7,6,42,16.291306788068333
443.8842036683403,1,8,8,7.389198652594145
252.99122351542388,1,4,4,1.187583216655077
1212.1379151299989,2,1,2,3.3273977837488116
238.55607277218957,2,5,10,4.963636131627307
479.9339531114184,5,10,50,15.868936824594327
1297.153190796416,1,5,5,3.8394332802476416
585.0570019101341,2,2,4,4.331438816547805
1462.2634893198256,6,6,36,13.57987693493536
1471.6280686834036,3,10,30,11.887283666141279
475.58642863497937,4,9,36,14.367394707281939
157.36951114984663,1,6,6,2.5476681065700664
1087.0885978875308,5,8,40,13.420321627379566
731.3811037076812,4,10,40,12.961865730209855
241.0539815434068,8,3,24,8.246118463729537
1090.53194656926,3,10,30,13.314281550894778
143.64487275668972,10,2,20,5.073282608198387
1318.275366689139,1,4,4,5.374335736526225
294.1135407586252,10,9,90,23.642525122938032
278.236630245415,5,9,45,13.60383191172962
345.9412171560183,1,3,3,1.650573992218541
1444.3729018888932,5,1,5,4.3387261682394485
1070.4371043553845,9,1,9,7.367537321755097
1221.9201496490914,5,4,20,7.809870829657754
656.6889800258542,2,4,8,4.4991525582766725
570.8378185069378,2,10,20,7.626487392422287
428.2776094964379,10,6,60,18.367490695486705
772.9072396373725,9,5,45,13.515496066516222
872.5602269478359,5,6,30,10.224274928691715
984.4847811138575,8,10,80,17.920360958122853
459.9659055981723,10,7,70,15.981659294055897
1428.115713264187,4,7,28,10.964812797232277
337.66189748999017,2,10,20,8.1856994134733
1451.9144446729772,4,10,40,16.59516601611991
120.7985715105053,4,9,36,10.627263391265185
773.5759685435838,9,6,54,16.30459986026442
566.7149733631879,10,8,80,19.6023795911625
728.7727795023511,6,2,12,7.149055327679639
898.9304105731046,10,8,80,17.49590299702458
709.8248212177926,6,9,54,13.034902064204605
680.785590422233,5,4,20,8.847282311020255
1125.8127815786293,6,5,30,12.796436625504008
1060.2267851210504,1,5,5,2.610765737502893
1266.579794850187,5,2,10,6.351456235026816
449.94257373529376,6,5,30,6.9505403211406716
953.339913655689,8,9,72,17.710426454016254
919.2726995499954,4,4,16,4.187279463043102
617.6329352217642,5,10,50,14.057606058048174
780.4805586637533,4,3,12,5.484229758262053
539.2950006280203,7,7,49,13.03367980229729
298.5821566637793,10,8,80,18.35818234519156
399.32169492782594,6,10,60,16.551009740418895
247.71910496168152,4,6,24,10.267129431879322
1056.2974052661739,6,6,36,9.899444362470447
1025.0183503528121,4,5,20,6.989274264952849
1430.848920211822,8,6,48,15.055790115249055
1121.5497791061377,3,9,27,10.391053541336891
172.86417425858403,8,2,16,5.470797239952459
1337.9432435005358,2,10,20,8.307240037649583
1307.745228124016,6,3,18,7.631894378145191
720.6484490817782,8,1,8,4.772719308278143
920.2082707390902,1,4,4,4.668629981194671
1466.5096654615263,6,2,12,5.9718263747094555
845.2261093874328,9,6,54,16.228994684171262
1367.4505597265256,10,1,10,5.737847203434547
216.25426093426103,10,8,80,20.963782095294803
367.472616192156,2,10,20,7.108356795022917
717.0569208178449,1,6,6,7.197535474958332
918.6595316722265,2,9,18,7.612453415739053
1242.7189926079204,5,6,30,12.131295687863783
1483.5669612004615,6,10,60,17.21985968632571
644.392095063763,1,7,7,5.559667040992562
166.3818905961189,7,5,35,10.585518123269683
1221.6401046134547,4,8,32,11.142936984024137
946.1330067159314,9,8,72,15.73727075398838
377.96000241548234,6,10,60,14.601951133304471
792.7598392699882,9,9,81,19.27723975366938
1139.234343747214,1,6,6,8.471260389857758
1178.5765018961013,4,1,4,4.486334180323063
799.4657767982668,2,9,18,8.754845578896681
527.3003421804028,6,3,18,6.581172912878444
1463.239614853891,4,9,36,13.45336246851773
1028.70765533909,9,7,63,15.150748694956075
671.5325270848182,3,3,9,3.7624901433440776
492.6485138865134,1,9,9,7.229093978753988
1123.544176204987,1,7,7,6.062276804918428
439.05682383127476,9,7,63,15.67616190564691
340.39398456316343,9,7,63,15.600499578058683
841.7674445468984,5,2,10,6.515671997620263
505.9823497017986,2,4,8,3.450718270903574
980.4672028930611,9,10,90,22.310820923863155
265.1141448239269,8,8,64,12.500358111621644
1016.9175463942502,10,2,20,6.416075053526937
496.6151391967831,10,4,40,11.220229747294946
100.34010820831783,6,10,60,13.3428080765197
277.7104807438469,7,8,56,15.730325259371565
1407.0615289691318,6,3,18,6.911963263661911
1314.296494761501,5,6,30,10.836922024229185
427.05264485073155,4,2,8,5.257747501393453
1189.7206663636878,7,8,56,16.81934956913313
952.000230443564,4,8,32,10.286899429366763
1459.2665960298173,10,1,10,7.233696693403149
623.0479233476827,10,3,30,10.65812549770334
1054.0448575240398,10,2,20,10.118417483638002
188.95001139348602,9,7,63,17.573302812815328
654.7462855429683,5,7,35,12.067294606394054
1449.3447256634527,8,4,32,12.726760378167556
854.5732242301688,6,8,48,14.423057761980443
503.0313046687824,4,3,12,5.387350822802123
268.3793483800496,3,9,27,8.530393272168574
1084.9396762541426,6,5,30,11.217560662450888
1002.7984608016175,1,2,2,3.0509198776917117
623.5141990452845,2,9,18,9.191753999811343
1431.317892612168,7,1,7,7.4961695788167635
131.08393818299044,4,8,32,10.16750832114354
525.2133922845561,5,6,30,8.517018511691418
1389.497280819414,10,1,10,7.54656757819751
549.3096136472166,1,4,4,5.224399994942569
453.15396739723855,2,3,6,1.0459406546357934
847.9085739037463,4,7,28,10.180933914369515
1253.322449888753,8,7,56,17.242228290678636
244.40546522970547,10,6,60,15.540744105640973
1420.2289935040305,4,10,40,17.144499909630923
1213.1020336536296,3,10,30,9.40841358923021
353.7503577721727,3,8,24,6.632030966051984
1096.8111456774277,5,7,35,12.017102818781382
638.94221169258,3,4,12,6.975827171254987
663.2125493068462,8,7,56,15.012471780865894
1196.6061294144129,5,1,5,7.020205103249414
1447.898731173025,7,3,21,8.479930874018054
277.31822198607153,8,2,16,5.745341769276043
688.8823316303472,5,7,35,12.071791733052878
773.318251318025,8,9,72,17.816022620385816
626.8365437369966,3,5,15,7.808998786425914
608.464773202715,7,9,63,17.409068505807195
173.17613458623515,8,8,64,14.921850380092243
1059.7540687876726,7,1,7,6.118844428509732
710.7001839680636,2,2,4,2.7043793402875567
372.71132370149746,8,6,48,11.407038197042949
1242.4469032228958,6,5,30,10.197919701001952
1223.585047412279,10,7,70,18.47801625517442
780.9482793244513,3,9,27,10.279472123865721
517.8309256068648,4,4,16,6.072650141298881
993.3298161150333,7,8,56,13.054147680656142
503.41299008836427,3,4,12,6.793105769174272
430.41110245319686,1,3,3,0.2574245264050714
1122.7205156368573,6,2,12,6.92869363343264
156.45533560933097,3,8,24,6.901448742522977
232.67585944843154,10,8,80,18.884426259272317
109.50344363302568,6,3,18,5.582785778047151
314.1204610655966,10,1,10,6.049827835054702
196.58601219464325,3,6,18,7.173851398533389
1494.1233148918861,6,5,30,12.845105555597305
504.33395793572544,4,8,32,11.368382204425433
308.9752177369462,4,6,24,7.880029773725582
437.39476119428514,10,4,40,12.889594397397044
1410.5758001561885,10,10,100,24.05792642370321
828.224312234154,2,10,20,11.777807633863075
610.7453348309996,4,2,8,3.529915925495564
1322.7480410729072,4,8,32,11.14083437292685
652.9863787686454,7,5,35,7.930533099617536
569.0119979407741,5,8,40,10.836404531619365
390.1955315696298,8,5,40,10.779808070623082
628.9155534731761,7,6,42,11.64936096693779
543.3580984236964,10,10,100,25.611068588196208
1048.2255430173973,9,5,45,14.423945237220279
505.415786539018,8,3,24,9.619344842126381
908.0796449915861,9,10,90,22.016339800700152
192.2490310447618,1,8,8,4.032869954689058
367.80481937512013,10,3,30,12.70395267785316
670.3673802558883,3,4,12,5.489350340906674
1411.7289554721735,5,6,30,12.190170667316636
628.1527800019736,9,2,18,6.035004848761292
1029.703769679768,8,7,56,13.903486431326812
457.1221113899574,10,5,50,15.65797651587689
277.84700636252444,7,10,70,17.804449313939315
181.9512401120702,2,5,10,4.130222531042754
527.5788979598519,6,5,30,9.072208951527822
320.72543751567116,4,2,8,2.288788263120173
343.61462722257386,5,10,50,12.845639282779477
1165.0630317417301,5,9,45,14.818700750446354
122.17329932282391,4,3,12,4.512821570210281
880.9341760296082,4,7,28,11.091086743904416
631.2459328308507,4,5,20,3.3513771124163387
809.1699998719661,2,10,20,9.479790491828695
887.9623321004441,1,10,10,8.745674682879704
538.7147722401894,2,5,10,1.868197436737891
513.1524042579995,7,4,28,7.375294665326505
1126.762589068868,1,10,10,5.884457372250135
1319.78778336962,6,6,36,14.184368274365594
369.61428544193905,4,7,28,9.047370120864423
236.66626474920852,2,7,14,6.185035891936273
1356.9141289488364,3,8,24,12.115529060098169
589.853649106358,7,5,35,10.36349881682755
871.8443469279398,6,7,42,11.668907415937761
603.3604023280049,6,4,24,8.463529421154377
276.1232708844718,8,9,72,17.997583618425832
925.0643029268193,8,5,40,10.55386388981984
835.1971924774815,6,3,18,9.720016167494531
384.1909828676761,1,5,5,0.9785173022156699
732.616662513189,10,9,90,22.05491552657829
1215.7265056219042,7,8,56,18.642012106967982
926.5965443510479,8,1,8,6.034748808811393
235.6842578937928,5,5,25,4.639072590267865
867.2300961207891,4,6,24,11.164358438365719
1083.8336190054215,7,10,70,18.045845953217132
1209.784768093052,6,2,12,7.990888036818524
980.7646100879734,6,6,36,12.189916793061775
313.72143035709723,3,9,27,9.153112732440784
1094.242573226225,10,4,40,9.700089916634905
1048.278584514123,4,3,12,6.906987963618043
134.1976361168865,5,9,45,13.225546859031152
676.4467346263405,9,2,18,5.151422383231519
566.1303457473226,8,9,72,20.444135576979278
1037.1768899551007,3,10,30,10.895090696839484
402.590137235289,6,2,12,7.929783456465745
927.2206921639619,10,10,100,24.85497486809719
1378.4883465398414,1,3,3,4.742486005488883
1216.9233210920509,3,7,21,9.440984669140141
1390.0408307031425,10,2,20,11.057330639822505
1469.9083537057659,7,1,7,8.781795654462176
114.93817780862787,7,9,63,13.922077568788984
971.8377869284686,2,6,12,5.845818413217318
677.975156862469,3,9,27,12.392994034176654
1303.7962864691704,7,3,21,7.734346252319332
452.54058281278435,6,3,18,6.638295009480828
1473.4412847611065,7,10,70,18.515950335062477
959.1911573612462,10,3,30,11.727203977066772
1210.9523631203633,9,2,18,4.926375738282832
219.83937395187564,8,6,48,13.541675245908438
356.84103866241105,6,3,18,8.154218697538655
1161.7651422478846,4,5,20,9.509733060872879
130.78113085505305,10,5,50,11.51439612078094
1243.629180251296,9,10,90,17.3722799773443
119.52862616867603,7,3,21,5.672835050783869
1019.9663746857826,5,3,15,7.967599737228774
611.1314883245282,2,1,2,2.485419379849881
956.0927938068787,9,6,54,16.430397711341964
1074.4439697847592,7,3,21,8.267045489489238
579.4653068608259,9,1,9,5.201177472357552
251.14742735516978,9,10,90,23.10257588952256
197.50421484757192,10,9,90,19.45929590564033
924.5104315875669,5,1,5,5.4688558400775165
828.9174952277561,7,5,35,12.183972288991452
1139.0814127695855,5,5,25,13.085245443245917
813.629714005512,3,2,6,6.710806724748037
691.4241060432307,10,1,10,7.106388697015927
657.3220495307232,8,6,48,14.379262713902778
137.02566363673446,8,7,56,15.766870848053683
569.78008237532,9,9,81,18.627172370236128
1466.428220534292,6,8,48,17.77501099868763
1322.9778067179243,2,10,20,10.199161422121856
561.1292938479048,3,3,9,5.594867294299656
922.9135670929211,10,9,90,22.488048992010558
1286.2154437496915,6,1,6,4.536906959885848
717.7840714500961,1,6,6,4.464088880226847
125.14100925021134,2,10,20,6.654209233079723
204.3146465460961,8,2,16,6.337548863394186
814.5498098881892,8,10,80,17.73127893250998
1457.2151259462296,6,9,54,14.930990281521801
1070.493359106415,3,9,27,10.025924282099167
199.28266801399735,2,8,16,6.361965063318995
365.1052261086079,6,7,42,13.813971054497884
1179.85240050359,1,6,6,7.452152470351687
1278.0156639387426,10,2,20,9.180076505854133
964.7724206640272,6,4,24,11.65115227932553
1002.1924374817432,9,10,90,22.707799041505147
139.6724305367385,7,7,49,13.540529460677174
1259.942363414112,9,6,54,12.883222349955997
1203.5852914391614,2,9,18,7.894546630913226
462.649201744686,5,5,25,9.746771685601054
1092.1474079517097,9,6,54,16.366438757967572
400.7964489949973,7,10,70,20.094425246879425
156.46222547211818,9,6,54,16.089175292481997
381.59115962652817,6,8,48,12.16712997522229
350.08042745601927,7,8,56,16.126835401143605
572.8471954287861,10,6,60,14.071836507852703
685.8292960456413,5,8,40,9.689585256712672
811.9544480967911,6,7,42,13.002522567417847
767.4554257116594,1,1,1,3.532988239314894
478.94444835140513,1,5,5,4.509996840066693
140.83893600370425,2,10,20,9.31592709029134
947.1422711320109,4,10,40,12.221855902102202
654.0427617862961,9,10,90,23.036305589016333
518.1410203425696,7,5,35,9.606424318773307
1313.7174599627172,6,10,60,21.010672102094084
1145.4406309174237,1,9,9,8.82495920811032
1300.871767721419,5,7,35,14.517738651815174
792.9759125974454,4,7,28,7.919269912137752
283.30375297748844,5,10,50,12.935555800461348
1074.7100105697814,9,2,18,8.220854884143746
388.5032919120453,3,8,24,6.7345017913042735
717.7215367284035,4,3,12,8.057387605440498
191.0011045284439,8,9,72,17.267118014793585
1255.4317633921753,3,6,18,6.246490308251159
276.3168974665008,3,9,27,8.357613309141403
1364.3365098690335,9,9,81,19.493719332908736
1309.92284316618,5,7,35,13.287611334560713
750.4158702149444,10,10,100,24.41135325497786
1142.115486025587,1,8,8,7.95563380052487
967.2231033454146,7,2,14,8.40543663182565
1224.305899272843,7,5,35,15.094424837864395
704.5271411002768,6,3,18,9.83085500745964
1200.1318779420901,6,1,6,4.828419624512327
747.4395438912071,3,6,18,10.689019770713077
1417.3521029799115,3,9,27,11.084274764816586
780.9209411552066,10,2,20,8.519221253291366
747.6669807072213,9,9,81,20.052032550136943
1199.1006061889177,1,8,8,8.095249762711301
1250.208768465173,7,9,63,14.850210707517613
876.2847600496391,10,5,50,14.289926833487806
351.7169388931055,7,2,14,6.146470166122304
754.8615233406114,8,10,80,17.38251948096715
1455.3015040735497,6,10,60,15.155462318801051
1154.1806702548593,8,6,48,13.069769233673675
1235.6276454307852,1,7,7,5.510458217666241
145.95569834693617,1,3,3,2.30625004833194
755.0032476878239,9,6,54,14.51039811855431
1005.2695871205775,4,6,24,10.97156246599421
1262.0457570793046,3,8,24,9.654142219641965
168.98311501588006,6,1,6,2.8959882065961655
1293.4144398986223,10,4,40,14.692667243969334
867.7613114386763,9,1,9,3.331484465602894
376.2395588064839,10,8,80,21.61288384563117
544.15730302958,4,2,8,2.0045323033699507
494.70137245218507,9,8,72,19.22069296674024
843.2026480038661,5,3,15,7.902643892103747
172.35995187558456,7,8,56,16.39256862468301
321.95062189989295,3,6,18,5.57229841408521
1237.7702607260953,3,1,3,4.288647636369256
285.6455870455355,3,7,21,5.693795756364531
426.7547772413778,8,7,56,14.361555075142755
734.7188478458203,6,6,36,10.915822801068654
823.9692433586627,9,1,9,8.42837268802405
1169.054671459822,9,5,45,14.594450552150267
726.2653973326629,8,1,8,5.401684644239085
1205.8104694497542,1,1,1,3.1913756577078733
965.6848298636404,6,6,36,10.842647776210484
258.33963519335146,4,8,32,9.358057467276167
318.864013749974,4,1,4,2.960923365906165
711.8472156296791,3,2,6,6.932043198981759
655.6451503246554,9,5,45,13.363982774802935
1140.9619774922123,2,8,16,6.928919801969867
913.0319957162926,1,4,4,8.238128559934573
643.3863134031491,10,5,50,15.338481284790303
339.06439683053986,3,10,30,11.536088986925261
417.5719432556932,4,5,20,6.7111434320094725
905.7014258566826,4,3,12,7.207684061440851
692.8143268597095,6,6,36,11.442079048208596
820.8985124049409,1,5,5,2.652874845373539
338.94840942312715,1,2,2,2.7583561435302197
1028.0687532823922,2,10,20,7.773728813165613
1293.5542371983538,4,4,16,8.234172726067362
461.1153095016608,7,4,28,9.409216160656099
788.1199161645573,6,7,42,11.107765682255106
1465.7382606292624,9,7,63,18.057822834760856
566.5384367710187,7,9,63,17.17476542720582
933.0648828932657,5,10,50,14.097277974009247
226.27398028034213,6,2,12,5.538291066590347
948.4210034712205,10,6,60,18.20530031113238
225.48448262646508,9,2,18,7.914198633147726
1442.9296094533508,1,9,9,7.670998208436351
1101.927712901236,9,2,18,10.5836392631786
1203.423703389989,6,6,36,13.136200115676925
1085.7461050802917,4,8,32,11.117828884023949
925.6206505070521,5,6,30,9.32605615358888
729.8778935197075,1,3,3,4.337842526148237
1301.7227316654873,7,5,35,13.581487051025162
1439.5699345602882,8,4,32,13.380268764409944
798.6506420657138,5,1,5,5.171757501786837
1404.1490688173667,2,5,10,6.396861086013173
916.6660739839245,8,10,80,21.085520139135582
853.7378616550064,10,5,50,12.916216671001326
736.2758261374994,7,7,49,14.157595566697685
393.0028661421678,10,7,70,19.78346295472141
105.20752514528286,9,2,18,4.899222678110931
438.1087175984858,4,4,16,5.245987067613446
813.6124402449913,9,1,9,7.497368080381882
631.9439331636536,4,5,20,6.149303167024183
727.8793192036873,3,5,15,8.907846371256316
1472.9075073896695,3,4,12,8.710001055495873
590.3813189370586,10,10,100,24.707537172503866
733.0561151041511,2,7,14,8.672900966354849
286.9217718939474,10,6,60,13.035224510731904
167.1408254117827,3,10,30,8.111817416876981
1185.5733204294925,8,3,24,11.551298593812186
898.9564451007701,8,2,16,6.937546713554514
1164.986728461453,2,4,8,5.621544336710493
309.8079184411723,2,9,18,8.581452910417378
900.5602796557673,2,10,20,9.62808056389868
455.09946407792575,10,5,50,15.031227859242863
419.28654366002786,7,1,7,5.256319993739932
116.13641967417936,6,3,18,5.635618807057381
282.47701299670064,1,9,9,5.672538965117262
532.9753560995734,2,7,14,6.953471921338571
263.6302648273147,1,3,3,3.0621886866998884
1480.2018165753125,7,1,7,7.717500711839794
532.085707933531,6,4,24,8.312503666245439
282.45352538325943,2,9,18,7.338044978136532
378.71523795914084,2,7,14,5.98734811116376
922.7845196780671,2,5,10,5.297382630466107
189.66093341070393,8,6,48,14.786546445056219
1307.4077821976196,7,1,7,4.854994499908848
1446.0995509320062,1,7,7,5.1515095617099975
445.44638893433324,4,5,20,8.427980770338337
730.1333760272031,4,7,28,10.382365923143677
130.9882314412959,7,5,35,12.708578746640006
996.9943146181101,2,5,10,5.968846111210993
679.4964812736245,4,3,12,5.515529428421169
478.081852542178,1,5,5,2.770686612326252
389.57195486325185,4,8,32,10.130247121693724
1015.6323087222646,1,8,8,4.130580272936398
682.7038434452402,2,2,4,0.5337541222494444
351.5230046418768,2,1,2,1.1879509907035253
1064.7527140815537,10,2,20,9.028985297296071
891.1011962513711,3,7,21,7.751759242204048
1302.1408769012946,8,3,24,8.936528940726136
264.46625842709005,6,8,48,10.466478967880386
1199.9332427222387,6,4,24,10.34720184827334
1042.9235015441627,9,10,90,21.216854227842212
261.01531155933696,8,10,80,21.411337992400085
1072.7490218204089,2,8,16,8.24162332580474
718.1662044317626,6,2,12,4.2591774565548395
1422.9786997781803,1,5,5,2.437398870269761
298.25589086505903,9,6,54,11.954293632486513
999.9667471420332,4,1,4,4.104842759847771
634.7720636481243,4,1,4,0.0
1439.5405388272288,9,9,81,20.140270049159213
561.964853406387,3,5,15,5.475749069992853
1447.0602732885202,5,4,20,7.883829868024193
1362.0801915410486,1,1,1,2.697402431018518
478.53652943491886,6,3,18,5.95900529293509
1224.9584875569988,3,4,12,5.57221430292843
1493.8458825249083,1,5,5,8.242595068780595
453.7282030397953,10,10,100,21.982341881563222
711.4880370526475,6,5,30,5.780745861039353
828.2530311934636,10,10,100,21.202107208524954
512.9035901254101,2,8,16,8.128691677420793
121.37077550444167,8,3,24,8.118402408055601
408.1809418765373,2,7,14,5.52866494091944
494.7116380784618,4,6,24,6.0724485895847184
721.0395818454621,3,10,30,11.909293296167323
339.54346977876264,9,10,90,18.498432321532707
1322.5560993683416,2,10,20,10.805552132922063
1086.8755858238706,3,6,18,7.5300525678398955
219.2806685835268,7,10,70,17.78800019523211
1010.129431595904,4,9,36,11.460474267771177
1015.1190669678685,6,7,42,15.120643899637772
1438.7096431010787,3,7,21,6.960082126414219
104.22921989862574,1,1,1,1.9214127107617491
447.1054297281301,6,1,6,3.4750284806113374
1398.9080711254417,4,9,36,11.94202489183834
1404.9874815575963,2,9,18,11.592732751120927
1108.8209871188924,7,10,70,17.29124146949513
1172.068649466556,10,3,30,11.395338552984335
228.07614110150595,5,8,40,11.339207674233291
819.4261686895271,6,9,54,13.293342563591201
424.21618780459914,6,1,6,5.18676578464434
353.7052610590641,9,3,27,11.688978601979901
1234.4246187726656,2,6,12,9.698388854466426
289.0533913527664,6,4,24,8.173814407685288
756.1122917949393,9,8,72,17.870210040280664
1414.0095354204464,4,9,36,14.252451502769079
360.16487779147957,6,7,42,13.07238137588403
1469.1907932335284,7,1,7,6.624833949805484
1492.0031800654826,1,2,2,0.7994153136269802
877.8640165553641,5,1,5,2.0712891643068083
338.1998362480211,4,9,36,11.56589439245195
542.546843117254,10,4,40,12.172132548210593
694.2899657471492,2,10,20,8.295672715169216
533.0539141015121,2,8,16,7.677947946936984
492.88981182712206,2,5,10,2.8892186592703153
1461.1215929029006,7,5,35,12.003581729434096
314.7107583820439,4,5,20,6.32544547994428
1126.6590722036071,6,5,30,7.607229994407366
100.57440521484482,7,3,21,6.7820749352026874
934.6557371633276,9,6,54,12.781127361514297
1382.3202055356733,2,1,2,5.378419445303079
503.1077317305066,10,8,80,19.70830585232344
359.7363653608069,9,4,36,9.417186913805615
1012.3517128297977,5,6,30,8.898063803303613
1097.6419702177504,6,2,12,4.507630190994297
1063.2427265327738,6,2,12,5.812549448061081
547.0436320299236,3,8,24,9.952932695914713
453.0833630230632,10,1,10,5.298434019986574
1438.2863199468618,7,8,56,16.318480530545038
1392.6193115779013,7,10,70,17.727347823441765
740.2432538499485,8,10,80,19.122873467939225
1284.6714126161228,5,1,5,4.880643829513831
733.2528686880145,2,9,18,8.552672165494936
694.1446253015146,3,1,3,2.8743608316987608
319.46812663901255,9,4,36,11.012064815152227
696.9684790887619,6,9,54,15.876364263470839
852.3837140397297,8,1,8,7.997462503372336
131.50605840016107,8,9,72,17.39287508209522
721.758207245569,5,8,40,12.774754138236851
1193.8987057532804,1,5,5,4.653859059458771
1052.0644789239777,6,6,36,14.012167138393224
989.219784409509,7,5,35,10.622841662750186
1373.3775998120834,9,4,36,13.349821351276097
125.24481375532201,2,10,20,7.1111566822780725
879.8666206691278,2,4,8,4.943066349570516
1202.2883877735899,10,10,100,24.43453359296159
857.8695357817742,1,8,8,3.4854197333786257
553.4537736125308,5,8,40,12.10449768250754
290.75079112876904,2,9,18,7.361141476712801
1342.5883005426679,3,3,9,5.124383145799623
759.0673493426442,2,10,20,7.611236751628887
1329.361275779982,4,8,32,10.897674570627284
920.1929714064356,3,3,9,3.6964049836348716
1043.8689632610012,9,2,18,7.537107240228018
1225.96561612983,10,2,20,8.247721607221276
1022.8177624401881,2,9,18,8.423024085186372
657.2767769505128,7,4,28,10.356818194663031
819.0867375001114,3,5,15,5.424506315732902
1224.2637345462317,10,2,20,8.37331293892278
623.1104149221778,8,9,72,18.221183414145127
643.3700394758959,4,7,28,8.016289638229253
233.96616248120162,4,3,12,5.811036481962316
1380.4182093104469,9,6,54,14.513510260740777
227.45084092361844,3,7,21,7.506500494107525
1007.4928484279783,7,6,42,14.40797139125933
678.4722703239167,1,10,10,5.681533984563624
667.8671463576193,7,10,70,16.736245410835537
1051.3725712017576,10,6,60,15.826403757655275
193.9312256818302,2,8,16,6.61662585692052
931.1880961320085,6,8,48,13.867010786057124
1180.8445003612967,9,5,45,13.785982202075957
1259.497861041232,6,4,24,10.278309277713698
338.7425451512854,3,5,15,5.546614240241511
1356.3866701094432,1,9,9,5.764544063674687
1018.6045285864191,4,10,40,15.147441548062913
1334.596721148956,4,6,24,10.516254296434004
779.3930039542776,8,3,24,6.848069018739848
858.8466831360828,10,3,30,10.141226914163163
1386.6535878401396,10,1,10,8.851350584792856
1359.8733606965404,7,5,35,10.707051603315481
727.4252227166028,10,6,60,17.241490818388847
484.17768428995447,7,8,56,13.215771233317033
650.4386083899698,7,9,63,17.095486499165677
642.8700599416496,2,7,14,2.9433683289032717
501.61362497591153,9,1,9,6.86806743534663
476.0114460661532,6,7,42,9.02202916679947
1305.4881110716071,2,10,20,11.997728861069174
197.80668895852637,1,9,9,3.896999004318807
1048.6556549394318,1,4,4,7.422615096367325
341.9480720390332,1,7,7,4.9882689519062975
582.3082507516885,4,9,36,12.88983141303081
186.16024778877158,4,1,4,2.292713910592869
477.9630915976469,9,10,90,18.872869003579062
1175.7894995641389,1,9,9,6.199052468940762
1339.021454366162,3,4,12,7.677090658835081
410.1380126633139,3,8,24,12.870818774264883
748.9669749624906,8,3,24,10.861270816865826
758.453667112089,2,2,4,3.64912027215035
1323.005428063628,6,8,48,16.263048766287163
1167.9186740261275,4,8,32,11.861703521437228
818.3081057152698,10,3,30,9.98856342521517
1039.0460806604829,6,8,48,14.364757718575104
1286.2970754731136,5,6,30,10.11966401901017
113.35453563576291,9,10,90,20.531856199529166
664.0460434700681,9,9,81,20.316802913824517
1370.1404341879102,1,10,10,8.439610415249563
1136.438243181532,3,6,18,7.55509217006847
859.9779240677045,1,8,8,5.62079691731462
841.5023378491868,6,2,12,5.664373886391644
586.8781366462129,3,1,3,3.085645164600226
828.7287470981203,1,10,10,6.72211001998154
1017.5364792488346,6,10,60,17.6185951099391
685.7082538003103,5,2,10,2.7161394120589133
1099.8144049490436,8,4,32,11.308000052935487
1305.7251181645402,2,10,20,11.665668356534896
316.5587874588056,8,9,72,20.082273091834065
732.1658319443942,5,7,35,10.896226380087919
671.2281277991135,8,9,72,19.11171404608851
1062.4507256696193,10,9,90,22.532760502621723
449.8144513611011,4,9,36,12.621748216951062
996.3512809331868,4,8,32,10.823597610000258
1328.484938424083,10,6,60,17.791823051278705
685.3842397110718,4,10,40,9.312331726597227
1375.421979970908,6,7,42,15.125270612535065
1490.4292345068698,4,2,8,6.36107287105376
248.5288699271329,9,1,9,3.8936582950698684
426.2744631788021,9,5,45,12.705446443742362
1430.5316520749304,3,8,24,12.670249081115674
1441.6587610739414,7,3,21,7.885379413780648
236.79018554146188,5,7,35,8.670751534957288
120.99790052799136,9,5,45,9.237486931079705
325.54003255899113,2,10,20,6.900311699958998
1494.4178967351477,3,8,24,9.246925514542323
351.9994632549616,10,6,60,14.798009636608919
803.5666494108324,5,6,30,10.069056938859505
1287.7848170027155,5,7,35,10.011069803295076
128.56225496348887,10,7,70,17.024135619557473
946.2845751618432,7,4,28,10.163331769758065
487.835628417474,8,10,80,19.712718008899625
1307.2688830156242,8,10,80,19.69545855148962
496.84560896971084,1,10,10,9.673798883544995
1061.4580083946726,1,8,8,7.766953523829715
1043.9074854263558,3,6,18,6.073691048517036
410.090968403496,1,8,8,3.1252316069080868
148.71887981569017,1,7,7,3.2312161960435795
672.9494032995561,10,1,10,6.3775776569555855
504.8704127522176,8,4,32,11.974581636838717
1232.568849459192,1,7,7,5.59715866919094
1220.5098638374834,9,9,81,18.56472955976102
739.8335330696757,2,2,4,3.909998232958627
949.1171154525065,9,5,45,12.6407804905282
945.9633223816952,7,9,63,17.203346953478064
1258.0214077986727,9,9,81,20.717760107072102
695.0033797724765,3,6,18,6.981761877479613
485.6253517067127,1,7,7,6.657226789213448
471.0488853967665,1,9,9,7.0734645642096865
850.6691909950858,10,10,100,24.02123554051532
728.8074838250976,6,8,48,10.42460136915299
716.1690793789106,7,10,70,17.650531663892583
227.59227472559013,9,6,54,14.949078486597852
1106.045236966274,6,6,36,10.348738775918395
399.231363174675,5,7,35,10.00306613371837
375.7350822922099,2,7,14,6.1676033513171955
677.8616483883509,2,2,4,3.692533481471506
418.889678264922,8,9,72,17.020081119153392
917.4015742312215,1,4,4,4.957117052232186
620.0486750682601,8,10,80,20.20889473318701
728.4764116299061,10,9,90,20.180859890577292
852.0370502456404,7,10,70,17.117834050236485
384.9497314745268,7,3,21,7.474986676804948
318.0522720117417,5,5,25,10.07949897399769
1332.5906640230467,3,5,15,9.315086041800956
707.2131839639894,7,7,49,12.811421476100682
676.9310534855548,7,4,28,8.04574108700404
149.85701038197806,7,4,28,7.627987811853184
797.1668236223505,2,1,2,5.1951671619599935
875.8376102554001,3,6,18,7.726896380835137
882.3772193365331,3,4,12,6.336834581198752
1089.843637052038,4,10,40,12.141705674977898
348.4745689874165,9,10,90,20.931501803654857
453.11238792286633,10,5,50,11.126681325698332
1235.0226513225778,1,9,9,5.63988993251165
1426.0388635807517,7,4,28,10.870999668890823
290.3058463142489,7,1,7,4.475885706784096
796.7093763073054,4,9,36,11.165676036950275
399.84675383542157,1,5,5,4.326297486069299
184.10243569697542,3,10,30,7.829215366010867
555.7046733765897,5,7,35,10.13918737266724
301.16267525789783,2,3,6,2.342815219327181
1093.906302807945,7,4,28,9.956405141297502
847.2155791400222,10,10,100,23.237180701367713
301.3682593864352,10,9,90,24.099985641545764
112.93822376772012,7,10,70,15.395974042185337
1231.4198686338977,10,1,10,7.355541908490764
346.67216862994655,5,5,25,12.124364182890595
948.7032991090724,10,8,80,21.013875925011256
571.6906783074438,6,10,60,15.884227645673635
919.6803136410498,1,7,7,7.212967937677083
541.9150777752536,4,4,16,7.229430052314412
221.71538496915582,4,7,28,6.9876037646575355
412.13001198085504,8,1,8,2.500548900015354
363.2819930707058,2,6,12,5.671578274787856
699.2270934155014,1,9,9,5.929393829836864
1021.5972967966203,7,3,21,11.903961877404408
469.3285049249006,6,4,24,9.617386441625353
116.89790942086513,5,8,40,12.611972030076195
826.5123099706597,8,5,40,8.4979210017893
948.0632851025608,2,5,10,5.1111356870289315
1448.0186916025336,2,1,2,4.1805014162121825
925.2591243305455,9,6,54,13.947807422038187
759.6415831293986,1,2,2,1.9816559411212835
902.7622762567854,6,1,6,4.520001716451775
1399.0608818068379,3,6,18,8.984897495820992
1259.7294038423047,5,5,25,13.828759618582753
552.1702267093312,8,5,40,10.496395355684633
432.15610911999215,7,9,63,17.282792957572937
467.6870573125031,4,10,40,14.330802255411005
806.1894556012983,8,10,80,18.519665892866406
1141.6692317200088,10,3,30,14.001960327566678
804.506890056147,2,1,2,3.2622784557768245
194.91495415935762,7,8,56,10.346941763788237
1113.0129806159732,5,5,25,11.308722832260496
1228.3581801393354,6,5,30,8.33037775248549
505.2970111676075,3,8,24,10.897441066567136
1029.7760349966907,10,8,80,21.719595641366016
697.2286614761507,7,2,14,4.834052362763627
1344.76709801842,7,3,21,8.554423370311884
1283.3157814250358,2,10,20,11.193379803194823
835.6047976334992,1,10,10,6.638789424494382
1068.1077641390323,10,1,10,9.646372473525501
1336.6895814309455,2,3,6,6.745417496213814
794.0038141095857,8,4,32,8.145874677160204
538.5510366843507,10,7,70,17.11397476008945
1155.1325930734138,3,9,27,11.639869405113439
408.0927566985685,4,5,20,5.846787968726426
643.9436072084588,8,1,8,6.925401077837161
1312.0181319495111,3,2,6,6.145795878282678
1114.191276377041,6,10,60,18.105728933446112
665.335407346499,2,2,4,2.85812882825999
400.6423033717004,3,9,27,7.823132674381741
598.3557471651311,1,10,10,8.82306993055612
497.74580891840617,9,7,63,18.586095725062215
346.52500312139546,4,2,8,5.442801614254684
1140.6660789919194,6,1,6,6.718085857727695
452.8978415902401,7,5,35,10.349462014694176
735.8344582348693,2,1,2,1.7089092679851132
640.2032255705527,8,9,72,19.192829942353768
1474.908330089883,9,3,27,9.959331026794903
647.5291418075087,10,2,20,9.597953109832545
211.9754759154567,2,6,12,5.632040617440131
225.75605360091765,5,3,15,3.186316433711976
927.0552098942908,2,5,10,6.03809820951893
939.1089724335718,5,10,50,13.01353778905693
686.262586675717,7,8,56,12.986568589460557
704.5811692368416,6,10,60,12.885856270143783
175.5056159772197,4,2,8,1.5282693344833418
823.1651145449672,2,5,10,3.9623766585984006
806.6352655324923,7,8,56,17.220510386672213
309.3690459797224,10,1,10,6.379429036641708
245.3751405552986,9,10,90,23.689520628515112
273.0014868392867,1,10,10,6.053644512526433
241.43954508776193,3,4,12,2.8404475122911172
953.5914737514637,7,5,35,11.243915492072297
375.0757133640861,9,10,90,20.31301082275143
452.00221306244885,5,3,15,6.488643386737008
343.0010018120156,7,2,14,3.5500845461946016
1440.9694262279043,10,3,30,11.653472981681846
1296.4644484125695,7,5,35,13.964695675592502
422.69277229212923,4,7,28,11.090141290693559
558.5928114909764,5,2,10,6.70199037904974
393.849979226996,2,7,14,7.114453334535071
788.6263432451533,8,6,48,14.987391977734966
127.45474546395504,1,7,7,4.346880266792289
1039.915212455514,2,7,14,8.210857857138034
832.4214097446983,3,9,27,10.02155442005696
1358.0944996215446,7,7,49,14.145887979497552
330.1497580597798,6,6,36,10.645913509398756
1225.7529444855843,7,10,70,21.60276747737664
1208.745420253402,5,8,40,13.535655894497314
278.0536649036417,4,7,28,9.480813422836674
657.9829138017786,7,6,42,13.281985985181327
338.21369760232363,3,4,12,5.460234649437867
456.6087006405685,10,7,70,16.88299962080046
468.5446447627621,7,8,56,15.808427646471749
878.7309516360818,2,8,16,6.858592611516631
675.9753044646517,8,4,32,11.916972125287712
1426.8259256088274,6,10,60,19.54383810445084
276.9181987258072,3,9,27,9.032884414345233
1463.1689887902783,3,3,9,5.383249646397992
422.89409629996953,5,9,45,15.897266376855692
1182.0235109345942,3,3,9,4.761495753633257
574.55789664195,6,7,42,11.607016911230353
300.31395358423947,2,4,8,0.9866537490033052
1301.0448593447359,8,5,40,15.06500273157241
532.4052589310485,9,3,27,6.861279854132301
1022.3975659175791,7,2,14,7.776279095823716
893.0211591212772,3,8,24,9.942324368567364
760.458833147224,10,7,70,17.70381108118773
794.1472617079547,4,7,28,8.975022995322053
1125.1330797292026,10,8,80,21.11122848618366
222.88207977281678,2,1,2,4.359871455459129
1035.4529267410671,9,8,72,18.39159067412452
1354.13694195801,5,10,50,13.22491064793633
180.9034758278098,2,5,10,1.7448155485950596
296.91467492713343,10,8,80,18.51145396500584
1103.2847113828439,6,9,54,15.02197829945761
712.1943075424646,7,2,14,6.167663923246263
664.9680691391637,2,3,6,4.458970416864146
291.75328836193023,1,6,6,3.458068423832856
809.4780570049033,7,9,63,20.909168071864777
277.1634356749281,1,10,10,6.928000470996508
767.2686388347565,3,10,30,12.287462517720309
1169.0614185463194,4,8,32,11.303517299675176
461.5701010420289,2,6,12,5.498756794747798
773.1006354516182,7,5,35,10.005484662723475
1488.82235715557,5,3,15,8.040546656010278
1061.3105926956523,1,4,4,2.3367243077083626
1277.8994798272781,8,7,56,13.745858581167766
680.7866491847641,10,7,70,16.731358096286055
1175.0052923761975,7,3,21,7.380448379057398
156.71284211785058,4,4,16,4.58388424667679
272.075655559143,2,3,6,2.73931057147819
384.29883008808696,7,2,14,5.3350419252028605
662.7326944613073,2,6,12,7.34439402433632
1284.0428296560685,6,7,42,14.627557358344914
584.7724711031027,1,4,4,3.626593675879561
1016.469670921648,7,5,35,14.36073464616468
1093.0400127248768,7,8,56,15.186208864914814
920.655295723678,4,9,36,13.289834742723295
600.1387554381906,4,7,28,10.158763841577228
907.874678398962,10,10,100,23.489792985672715
579.1718299056447,5,1,5,3.6134083901184426
217.42323397281692,2,3,6,2.473140641900567
1489.92556946042,9,5,45,15.567815690123322
278.0554350855152,10,3,30,11.129304512985374
201.28773737048027,4,1,4,2.6574426126142723
1329.9430488900182,9,2,18,6.058802774181476
522.5685252500532,3,8,24,9.564422513016227
1010.4157637029107,9,7,63,16.70220886392755
560.608021527126,1,10,10,5.3386022774319635
648.0359791122596,7,3,21,7.859004083098766
466.95816082351513,4,4,16,5.612072544634183
580.2616081102143,7,3,21,5.965843181793754
674.9805608211603,10,4,40,11.6180883983283
1108.5824967292801,6,8,48,16.533700749590945
816.1506719287086,4,9,36,12.044963710059905
1420.9913040197678,4,7,28,11.08059377722035
158.6325513742857,8,9,72,17.787352843691725
804.2956516848394,7,9,63,17.111763002289592
917.9147043644053,4,7,28,9.614749551119559
1388.2757805039835,6,7,42,13.96912583901098
168.82193306999864,6,8,48,12.663825216547593
902.8994189093024,1,10,10,4.384465469852589
1295.08189993914,2,3,6,6.083977044248465
438.6988193669312,4,8,32,10.144854628571654
1326.8092879335125,6,1,6,6.565743461513643
126.66077298400856,6,6,36,9.824702620966548
1125.4364807872216,1,2,2,3.1247149798417997
1406.3585096361141,8,7,56,14.98219781299053
1020.0767262960871,2,3,6,4.981916703090695
714.6409415726272,5,10,50,14.664968550067934
162.83342306180523,4,5,20,8.550315182669394
1388.1593386516802,5,10,50,15.05184814053093
758.4147117682047,5,2,10,6.931594526792606
140.5954420703272,10,1,10,6.373184815364905
1065.7494998602667,8,5,40,11.377536312013923
774.5721550067615,10,9,90,19.574259834468727
274.08344441937504,7,9,63,17.220179565170486
399.9805330343634,9,7,63,16.43881835297102
190.2869526381848,1,9,9,6.861510042829014
904.010955592003,6,4,24,9.031135897699643
970.8412709528129,6,3,18,6.107923725902683
808.0392176976221,2,4,8,5.286298047275449
1243.942986203661,8,7,56,17.064953424962603
1305.412349831219,6,8,48,11.471582579747075
961.8741553563773,10,2,20,9.443356135815812
117.85907159040276,9,5,45,12.92852289505855
1073.32151804683,10,5,50,16.044308754975848
685.1989036884922,5,9,45,13.906087383499816
891.7804765169418,7,3,21,7.6022293026210255
1008.7128428264382,6,6,36,11.519784646487672
590.3312600579075,5,10,50,11.964511439442848
1383.937907240512,6,5,30,12.643740645763975
287.5648134496937,4,2,8,4.962655470335301
1040.1165301934525,3,2,6,4.178895770905957
106.1034119392126,1,4,4,3.6071190640011
1394.511547567253,1,4,4,6.22045792032448
257.5057865333281,6,7,42,9.768955996651137
232.83792220660447,9,1,9,7.968794272642811
566.2106862731418,8,6,48,11.873362347147667
622.9928004547129,2,9,18,4.9657348658832445
400.0201012520301,9,2,18,7.603475772034201
919.1703252979746,8,5,40,12.743778350612615
720.079737258749,9,10,90,21.047786722348256
147.84582465752237,4,10,40,11.81071876492898
547.5128871574209,9,4,36,9.61811201249724
1234.6060790024387,2,4,8,3.308557124761626
1065.582148806616,1,8,8,8.294133444966773
1114.8191950118326,9,6,54,15.887568612122374
1077.363693716933,10,7,70,17.89752861261074
535.3622299362466,8,9,72,20.488572693724148
239.52949090748623,7,3,21,6.486590694407708
481.4540576463344,8,2,16,7.451699741621399
1264.499420259223,1,3,3,3.0096906805632004
1472.6591168962996,9,8,72,16.335520652308382
791.3858206381859,10,9,90,22.604498845655296
113.5804968922591,9,10,90,21.303806421297622
296.06273698792063,9,5,45,14.914021000636478
550.9128054427721,6,8,48,11.61496428515242
910.0194880301297,4,7,28,7.503896518380507
205.13110412743956,2,9,18,6.389238279613604
1420.7002181938342,4,4,16,8.872299037013805
611.1171425981611,7,10,70,14.537851691935
1377.6179050947521,1,3,3,4.824810103914928
1192.7305238598306,9,9,81,20.142066650073478
1157.6121815218137,3,8,24,9.416376878293423
949.4074116951248,4,7,28,8.783015108061418
977.4973438725824,5,1,5,6.270324555532362
993.2045293027473,3,2,6,2.194757749235959
980.2099418358149,4,9,36,13.582885466273941
875.2195239577057,5,5,25,9.726179862457792
1480.9796258760446,1,1,1,3.0946609812949757
1125.2067943959746,9,9,81,23.012057183992972
1187.7249437495295,10,1,10,4.443569663844137
1321.447941117144,10,8,80,22.341283356122545
401.89566781618885,4,5,20,5.352693144483237
217.3258227330851,9,6,54,12.947703911727357
776.0522112380381,4,1,4,4.219432767457126
819.7129738669825,1,2,2,4.608985535887923
1260.8544919298847,5,7,35,10.63800817289523
721.2970109952699,9,2,18,8.498317272980136
899.1942357620378,3,5,15,6.2901488231057
837.8993139188417,5,9,45,12.244405521587627
153.48389726034748,3,5,15,2.990127072164179
961.3008552356796,3,3,9,4.803028269531081
1259.260600083953,1,6,6,4.198397410839804
320.50076730612534,2,7,14,4.3074643558574355
932.0644274972341,2,10,20,8.733662283887318
931.0547622249801,9,10,90,21.705491665834288
329.85894967890226,7,8,56,13.536968395268469
272.8490032230304,8,3,24,7.849747194693927
1472.0727201670786,2,4,8,8.871788682508601
651.2068375142526,9,10,90,20.49632556068138
418.39042021294097,3,4,12,3.79648356184509
339.8543622361249,10,2,20,6.07575255276754
1034.642399016529,2,7,14,3.3891975596368153
953.2234162581904,1,4,4,3.4543268012302124
1000.9729721823845,9,4,36,14.374027091266658
223.20843851603314,8,8,64,15.751352340654321
1350.9484168978117,4,6,24,9.295407251676984
644.9729555326676,7,6,42,12.878389412760106
538.7171690025011,3,9,27,8.982704780819246
747.3060261468348,3,4,12,7.652304852808255
646.0924920466796,4,9,36,11.304682027516229
1309.0078043948042,2,1,2,6.016127504728413
1400.965365277049,10,9,90,23.295849252191353
524.8345030294487,4,1,4,4.043864137984151
1309.5101304439368,10,7,70,18.69052107790525
1194.1323813462939,3,6,18,9.842061804616701
1403.1307412826666,8,7,56,18.95117163864417
444.050437060243,2,9,18,8.593290318920213
907.7428101693707,9,10,90,21.743561566584784
484.36241863662246,3,4,12,6.730950626051605
1253.732286678124,4,9,36,12.001011457162132
107.45386679948996,10,3,30,11.040345126529644
890.7468280409546,10,10,100,23.02026957485285
574.8848037806852,3,9,27,9.590838030252907
551.7571899089482,3,1,3,4.158043312490584
1002.8688534108837,8,5,40,9.339978696149336
1292.0782290395914,8,10,80,21.456428265287993
952.8735479506568,6,5,30,10.444624470866417
1294.4421701054114,4,1,4,4.0912696168478755
470.43595663344195,1,1,1,1.3044929368755356
827.3025966709736,4,3,12,4.586984790640617
730.7511546939064,8,9,72,16.818837007754613
116.3028593043347,6,7,42,10.510450159176072
879.5370003970362,2,6,12,5.065277024438949
1026.1340538046447,3,9,27,11.367574972116968
928.6801661866981,7,4,28,8.67847527274761
1130.79185829679,4,4,16,8.659301555619026
899.875339834308,4,3,12,4.580069753632157
193.45035679105968,5,5,25,5.7044721114638515
263.02373371859596,8,5,40,10.597362255931715
935.0644085615334,7,10,70,16.733851238870436
484.97086876309623,9,7,63,15.714440532526082
211.50318064867218,5,7,35,8.789704224972025
701.4438408279655,1,6,6,3.1111932315370776
876.0516373171175,4,4,16,5.079668934649721
560.2443836894493,6,7,42,13.781113561790246
1108.6071831160891,6,2,12,7.668749750243694
1001.2788513417426,9,9,81,18.487045787388908
565.9457055283408,10,7,70,16.242588496615213
1156.821540471985,5,2,10,8.342983687083933
1008.1730595462496,5,10,50,14.972563708771407
992.4235302050629,6,2,12,5.870006524201071
874.7987811018953,6,6,36,11.510706291462151
115.94553532397391,3,7,21,7.477290861525418
1075.1100568676447,6,9,54,15.634056311661313
626.458507552819,8,4,32,8.848974738437565
1419.6535942221178,6,8,48,12.056573751935215
1245.1786795080875,5,10,50,15.460275721522287
922.772257343837,3,2,6,1.671447969411159
453.0547745469772,1,6,6,3.772756680300051
385.20435058873323,5,4,20,5.887492781135963
576.5387727485688,6,8,48,12.265587544645419
767.195121012026,6,9,54,15.670975011896381
514.4917140545259,6,2,12,5.1090193573364155
820.9012935494759,3,7,21,9.20181603944209
331.5185957184603,4,7,28,6.167812885350717
1468.7979379556998,3,8,24,11.772524504587492
251.0943769509914,2,5,10,5.982126793162239
1404.721795516121,8,3,24,9.934366650726151
1379.009215963773,7,1,7,9.211769973823717
835.5046745472972,8,4,32,11.483782154106976
1114.874380570518,6,3,18,7.87856321881036
710.4676171616229,7,2,14,8.5688791621777
982.0484085594135,1,6,6,5.690300179465411
576.8063123895662,10,7,70,16.068426120761348
521.6226276996235,5,10,50,15.259939667522671
909.5217006373192,4,7,28,12.289145727553326
797.3815438575725,10,8,80,17.4934267912221
911.3509168099735,3,2,6,3.7277919899755596
501.3248138018322,2,10,20,7.838673418571227
613.7409645437933,9,6,54,12.514348855060653
217.45714488047304,8,6,48,12.01168733958017
173.186921181088,10,10,100,21.172699176379062
454.83998154222274,2,1,2,2.8411258768186936
203.94560306276406,6,2,12,5.548841031749317
245.28459208863697,3,9,27,9.248864116351049
1238.0997675515118,3,8,24,10.492740113752387
154.42317582336503,5,4,20,8.665931677899732
1022.5199115086399,7,6,42,15.86761431793467
481.58084834156074,7,2,14,6.876212483575386
1320.163952991377,10,5,50,14.381094562846462
778.9891984084993,1,2,2,3.3773025985911205
527.807043058956,7,5,35,10.451917735640745
824.6945099652083,7,7,49,14.923243579344813
634.7412266633763,6,7,42,10.842038178946122
890.0214905377622,6,9,54,16.39821733727252
260.3460156568875,2,3,6,3.343781884256187
1495.7867039375715,3,4,12,7.164595274164502
695.7782287754046,3,9,27,9.87411156882537
587.5228955903161,3,8,24,10.896722887414246
1094.293787642771,2,7,14,11.791768985791979
609.4591690934654,9,8,72,18.096198551653323
1266.5840270402607,6,9,54,14.935907652737093
735.9790141045953,2,4,8,4.854492993396597
1107.3817785716087,3,5,15,7.828146735648816
250.43450301864115,10,9,90,20.843214404407824
1284.5668597771564,6,7,42,13.72368182753821
1130.0051814893538,4,4,16,7.19462598199052
396.40348984675194,7,6,42,13.614970123707394
303.4004136441013,6,1,6,3.302101155940093
542.8092882158742,6,1,6,5.392835796829271
1466.498820444666,3,9,27,9.21755942673036
459.5642043938821,8,8,64,15.269565615195026
738.5780925252866,9,1,9,6.366683401422003
142.02831600427083,6,2,12,4.6371542423593475
656.1185413927255,2,4,8,6.5375440675639584
899.8480216063439,1,1,1,3.0534640923017324
1434.3744575111511,3,2,6,7.455639046414996
823.4304629160902,3,5,15,7.52717914281062
1246.7502566487628,8,8,64,16.468624523278454
865.9786995964608,5,6,30,9.843275472249472
157.09901880972535,1,6,6,3.719312986737372
541.0115852656836,4,4,16,8.198199222825952
905.7693109635445,7,2,14,6.440407475054617
1430.831552303574,5,3,15,7.606917968210793
1302.7825036517265,10,6,60,16.406790021541283
419.6978598503867,6,6,36,10.62277290026667
408.15376202682893,10,5,50,14.294687378968788
381.64215395946104,4,6,24,9.015170787324404
1391.4984548235045,2,6,12,7.113091099966862
1293.7326143424089,9,1,9,4.03521791263948
1184.8368051541283,2,6,12,7.583375984421569
649.8291599139186,2,5,10,5.5521368977708265
806.1329860182735,2,8,16,8.041343527013385
750.0644427132139,1,9,9,6.759422897588964
454.7573505831217,3,6,18,7.367507926492799
807.0392646082737,6,10,60,13.390504420590776
142.69516699385625,7,4,28,8.404300438436945
284.5345228964428,1,3,3,1.0281712187588932
1341.225434636525,5,10,50,17.459496944400705
1152.3516738439926,5,1,5,5.139702917820688
692.015772682722,1,7,7,4.447725928333118
824.0105071974281,4,5,20,6.074888186261882
617.9984403439684,10,4,40,10.551702211116138
1137.0918140249414,1,9,9,6.560523595598195
1197.8620509249115,1,7,7,6.605817130644725
1168.5992662844228,7,10,70,17.14697679101395
1111.6564147682293,7,8,56,16.28624617156205
386.30607416991415,3,4,12,6.5769616106891595
573.1579709366703,7,10,70,19.401473196549304
757.7836089771449,3,10,30,10.339344771217572
563.1101879987178,2,8,16,7.284253794783666
1156.9162802216606,10,4,40,11.92122348607239
561.0949339499366,4,1,4,1.5125134338972357
293.52492149947204,10,8,80,17.979520770200292
658.6566328676257,3,1,3,0.3595158005395538
1471.8802058953324,7,3,21,6.430575566657077
416.23397810700624,1,7,7,5.436218495599888
957.0221225205207,6,3,18,7.993531758773167
706.1622697755888,2,8,16,9.441893667775323
199.4343947090573,8,5,40,12.951621001458546
783.0272483972833,5,3,15,6.78916943434693
1083.0300601076374,3,5,15,5.901464710801161
818.5079661589463,10,5,50,12.717303217220064
1320.9484892452135,7,8,56,14.78163636995772
504.5118233206157,2,9,18,8.28678191334318
220.74883982555087,5,6,30,7.714837592414655
1411.1918563212087,8,10,80,19.114872090125107
629.4748893395066,1,3,3,3.840375861321581
906.9677720350867,1,2,2,4.504222941768171
1208.8043765822742,3,3,9,4.747648522701543
554.0391294258128,3,9,27,9.606320841837842
1102.6303534486556,7,7,49,16.647697820247
289.58638974495926,6,9,54,15.479125972412298
507.8112460877074,7,6,42,10.431744596300073
302.59489059112786,4,8,32,12.136316916348557
1235.722781761901,2,10,20,11.148974650136282
411.7089293174995,2,9,18,10.16111148670715
1104.3649775672943,10,3,30,10.638340568599324
1420.6177561439135,1,7,7,5.709612660646464
838.8810926964278,9,9,81,20.068626115440704
856.0408691649627,7,2,14,4.595770167845957
745.4469953369369,10,7,70,19.032899811718455
556.2462007510999,3,5,15,5.433172324832733
765.917043294884,2,8,16,8.317344454282411
943.9305451734632,3,4,12,9.43267666998074
1480.3882010389232,7,1,7,5.779174177505728
1412.870383045514,5,10,50,15.82525372197457
1307.0141416103704,3,8,24,9.613325752795404
1344.7827499868017,9,6,54,15.671304224933573
754.9888566088601,2,8,16,7.3582725221649445
1020.4220580484507,7,3,21,9.99042210322953
1353.0934121106998,10,8,80,22.239604717425678
650.1310709878943,6,8,48,13.15931966498723
1446.4674696836564,6,1,6,6.1730542688677685
682.1004868968562,7,4,28,8.762317185361221
941.5157315505019,6,7,42,14.905990555504786
1093.7265985813206,2,1,2,0.0
1430.8288183063137,5,3,15,6.634282248637145
442.46278367317245,3,3,9,4.973475773114969
1144.5833695340991,9,6,54,16.755912591693065
829.141820601715,8,5,40,13.961825891312408
475.9799968688975,10,7,70,17.252107144977188
1187.2495757149468,2,3,6,4.189484354903735
873.1111922433852,1,1,1,2.5553892114620327
1025.3633489095462,4,3,12,7.703431744212843
552.0614960090614,4,8,32,9.382244305299276
773.783532558647,10,5,50,13.955817640043916
964.2959513832939,2,3,6,4.178998173166014
666.8751399777816,7,8,56,16.904213252481902
377.72155578678183,3,6,18,5.012714063792382
1446.2966892414256,7,3,21,5.5561924643418505
816.0545560596644,7,5,35,10.797105382100742
1127.4885184027808,1,1,1,4.035354179095113
675.4660709784814,6,6,36,10.18493425825185
597.1844696360029,4,9,36,8.640505022151908
670.030017853975,8,7,56,15.914203624835613
672.8753012999097,8,8,64,15.87887419514612
861.852162318735,3,6,18,8.061710540396536
860.8578179739084,4,5,20,7.479923380734204
796.0153422360203,1,6,6,1.8761460301016673
288.70009888441336,10,7,70,17.364323092999342
794.5056699007436,2,9,18,9.342594471076609
336.7454605889121,7,8,56,14.081190334334329
276.5901008140712,7,5,35,8.211976769107466
1405.7040042776348,9,7,63,20.520043675632063
946.930018406786,10,8,80,20.67952621923892
1023.286081374418,9,1,9,4.4468652709646594
662.5111384667093,9,8,72,21.475108751457697
1372.57324868081,6,7,42,12.727599055480605
993.1026854115316,8,2,16,9.584301385931408
1176.8378173330225,9,2,18,9.536310392531263
615.9874566387994,7,6,42,12.564575129759485
1444.0166331467756,4,3,12,9.173599981245644
1248.6458062216411,4,1,4,1.962677851125683
1295.5278482203612,6,8,48,15.650381323572539
341.071974396056,4,7,28,8.375548168664888
479.34849101970735,7,4,28,12.468967078599329
499.8772395570079,8,1,8,2.1055379713138622
479.27291254561965,8,2,16,7.026819799720612
1297.5714269460032,8,9,72,19.969410589783518
144.63871329202897,2,4,8,2.7900498550742907
206.53998457308404,10,3,30,8.72455802188673
483.4808188818652,2,8,16,6.472809254827954
379.8221645092211,2,4,8,2.7018894249003282
424.6034594359877,2,7,14,4.952354639169474
1217.12046495462,4,5,20,8.393482220535793
888.3772314488657,5,5,25,10.039612105978328
108.0789258101552,4,6,24,6.432799508963113
701.0518719858734,5,4,20,3.994515666808992
671.0388975905025,4,2,8,4.400709268730426
259.523377222361,7,6,42,11.744650380726211
1046.59850404204,10,5,50,14.227684767328094
1082.9360637312875,1,3,3,4.179848517518268
1109.2505066729368,1,4,4,6.101228885812834
1119.8593237820287,2,3,6,4.837348477790335
100.07395770521552,1,3,3,3.374933307229321
1435.489125385411,10,4,40,13.9364197242069
1239.8922738765282,10,2,20,7.869597423971669
1365.5743752249994,3,4,12,8.705341798036745
121.90061343040779,6,10,60,13.022081253827867
1407.402314100035,10,2,20,6.478324550709974
1233.7039401633465,6,10,60,17.41722126667321
1272.106800142178,1,8,8,8.142960111586095
230.6023386107559,6,10,60,16.056799206141854
1134.2892404860368,5,5,25,7.707181579002764
1443.8833654989273,7,7,49,15.356730592502931
1049.9662779854248,6,4,24,6.608181834827324
898.7859664744491,7,10,70,18.92137755569298
1423.8815488485957,2,6,12,7.780989486352925
720.1119704282104,1,10,10,8.05531176186482
939.0109928346702,7,4,28,10.961452343339051
766.8736108921127,9,6,54,15.532880496285502
1405.9847099044189,2,1,2,2.115047236299857
206.51861747171017,7,6,42,10.448790672523867
801.5675811554875,3,6,18,5.894502604302807
1061.7334179396137,6,2,12,2.7124756139404558
1208.6691537911317,3,10,30,12.933069329595288
916.2261064217909,10,10,100,24.787524941801514
1372.4848417700355,5,9,45,13.206125443300467
1418.7880256374203,2,6,12,6.460333498180205
190.04691247101692,8,7,56,13.930641839892408
663.3187553579241,8,2,16,6.101661557730188
132.84263040961622,7,2,14,6.916783581008622
561.1833203242202,6,2,12,4.944329811974941
851.615505158843,1,10,10,6.237981809353887
1375.1129027139284,8,9,72,20.197115556649
1285.176051451564,1,3,3,3.156400865613102
278.49961734078,8,4,32,10.417019523651813
230.24252463725398,2,1,2,1.6725412040934482
924.9742742593338,8,1,8,7.216209729884893
844.9651614422958,10,4,40,13.786842630348973
472.9286980020334,4,2,8,2.1896197462586433
1359.2343183753694,7,8,56,16.51672429677057
1398.3129732461748,5,4,20,8.82713529471337
663.6560136762278,8,3,24,8.355069819741445
1346.4235799589283,6,3,18,10.132240567976226
637.5284519681617,5,6,30,9.651567421366611
1131.5435645615803,1,6,6,3.784553394584721
766.3191045668138,3,6,18,6.843743223614158
271.6164191100562,10,6,60,13.893023187018503
1399.10788173183,9,8,72,18.879791465728296
735.7352307285513,9,8,72,18.149170199485532
1128.281856451365,5,9,45,13.059409625026403
614.0433402038091,3,1,3,3.896153881996051
126.43323000672852,6,10,60,17.332399124891815
240.74250216857027,5,8,40,11.446241865730656
794.7072712858942,1,5,5,5.821273595441036
1065.9500999769075,2,3,6,3.339713016143366
568.6294572109907,5,10,50,15.420357823747242
1073.6838428487104,9,3,27,12.153285620253406
1078.0898252047384,4,6,24,11.192627552346034
1085.5102702589631,9,8,72,17.996507839412363
789.5305956287118,3,10,30,12.837082643058556
1380.8406101701055,1,2,2,6.801766745202035
784.8751251728618,6,9,54,14.228403290678724
730.3712708952935,10,5,50,15.01229057467312
379.1331466148778,7,5,35,9.244798733633527
530.7171222988711,4,1,4,1.2272498166596808
159.26828952562468,10,6,60,14.39747010516058
986.9494110626383,5,5,25,8.381050383524197
447.95004149793004,4,7,28,8.891603437016885
525.8173562796512,3,7,21,4.026885920837772
1179.1403303300497,1,4,4,5.434600339212031
558.1096564260354,6,5,30,9.067762847463017
439.07424881839904,10,10,100,24.004012825447575
336.68084878718804,5,8,40,10.685061131986258
1184.8017630547383,1,2,2,6.3689473542443515
281.58876118603763,5,1,5,2.557284085332477
735.2552643504949,6,6,36,11.239488261036193
809.7021625080722,10,4,40,10.746444499569078
1062.3458777600003,5,10,50,15.27014159618055
986.5968752661937,1,3,3,4.326361061301356
1235.0089421232447,5,7,35,11.170714745472488
162.6520074967334,10,8,80,19.663809855183217
515.0170146911561,1,4,4,2.687079367925042
492.18776628553167,3,10,30,12.085448088933443
304.4236678289515,2,6,12,3.353783287350658
504.8495553990204,1,2,2,2.3114256976507073
533.6714398000647,4,8,32,14.209218969937382
830.6382466984696,2,6,12,2.8709220821694563
1029.1862704967584,5,9,45,15.339337530591074
633.5407190565397,10,6,60,16.14193185098742
1107.2583238387338,1,6,6,5.354050474577958
570.6314740114119,10,2,20,9.590457246916648
506.3971482406645,1,5,5,4.7041708634900665
857.663278199834,10,9,90,21.3722513179001
133.20290442810685,4,1,4,1.3617975368088668
211.70477308760053,7,4,28,7.688848729935515
685.1573610211378,2,10,20,8.600832734518379
1420.077795948459,2,10,20,10.176512858869405
1110.1164917807932,1,3,3,2.9774839033488654
223.37719730078084,5,1,5,3.3212257289289426
1284.8452178932232,6,1,6,4.692376544518213
1125.2210788514533,6,1,6,5.554526811540804
955.3251359837144,2,1,2,6.078516102695887
1248.4101448528484,7,2,14,8.777905793876215
665.7537868401399,6,5,30,9.573349041807743
410.10147119539386,8,2,16,4.648268892512757
816.832744752263,6,4,24,8.846402567373454
868.3784578308633,9,9,81,22.86606591579795
853.6569208138769,10,3,30,8.895216430293003
891.1033080721473,2,2,4,0.49041212974963244
1428.1868855348532,7,4,28,11.22956540159785
1363.143872334724,5,9,45,16.882290346146693
1326.003851182515,1,4,4,6.973994478033369
1221.983535272078,3,5,15,10.07705233869856
1420.7993501713995,4,4,16,6.109829267159196
237.89249835116456,2,8,16,6.078008104161221
471.1725660240353,7,4,28,9.395747592381277
793.0783239164189,1,2,2,0.0
1285.1482903727674,3,4,12,6.828798920349161
807.2319961318254,9,2,18,7.016678426212224
1147.2486350782242,2,9,18,8.824698308665909
294.5438673484827,5,8,40,11.689923749714966
453.37933816718424,4,9,36,10.60112992183359
1124.4865330527414,3,4,12,4.913966512464086
330.62761244281364,5,1,5,4.369520554613958
591.8983085168975,6,3,18,5.2327938483703615
470.812760939,1,7,7,4.92258515776992
589.8063719114698,2,1,2,1.2318246687339842
1091.6536687091584,1,8,8,7.908790851517629
614.9860535999214,3,9,27,7.419026274634977
877.3686516511162,8,8,64,16.80679264024567
239.9046278761735,8,5,40,11.340978716156156
1227.024770528479,4,9,36,13.070487985733292
617.8440759073748,6,4,24,9.847081713188258
1007.9478226466795,9,9,81,21.70669292849989
1115.5454423265655,7,1,7,6.460467785151925
393.52529095638056,2,3,6,0.49936573363208003
1338.5449789346899,2,4,8,6.940568211041002
962.7139522497341,3,10,30,13.139091323973634
700.2151984520741,8,1,8,4.2351442559738945
355.2692570095073,10,6,60,16.8530768522161
1419.2213130616894,9,4,36,13.895081710935223
1157.095485784275,3,4,12,5.558000678278338
391.2343878265484,9,1,9,4.4414416152748935
572.7950846139142,10,5,50,12.202622077750732
1233.5439613233025,8,9,72,20.85570224608544
1073.9487285014745,5,6,30,9.521255604919807
1172.098009802014,10,8,80,19.545712656127716
717.6815430981054,3,4,12,5.383691818985426
1103.0667676990338,7,9,63,15.666601563263788
641.0912120094791,9,7,63,16.96562019261528
395.768083713475,6,7,42,11.246385843913984
985.747848777904,3,8,24,11.318165539706339
1466.4194958383118,5,2,10,8.009997707860402
534.8413599534615,7,6,42,14.315688508279994
745.3574290975555,8,7,56,12.737951381679128
1043.601919497795,4,3,12,4.371387208504358
858.108794971483,2,8,16,7.920813961022204
1280.798913992669,10,1,10,7.637666904329153
1166.4397890573223,2,1,2,3.1990867892798707
181.61608540729986,3,10,30,12.224529657133168
1497.7897274932836,8,3,24,9.59446207474334
1153.363435207254,1,6,6,6.608073552641473
1309.4646428117585,7,7,49,15.373843164611628
1011.676796933485,6,2,12,5.514911147906486
1298.7991792654673,2,6,12,8.095146790796601
257.3361649001932,9,5,45,11.95899738609684
586.8329697830418,5,6,30,11.431572152755708
1326.98932104629,2,1,2,5.698867357654201
382.3172957736491,3,10,30,6.38354897970709
209.53893801203182,7,7,49,10.36208690340703
1203.3665159233067,7,8,56,15.888789339775215
1269.6806179006146,10,7,70,20.13405439626837
327.71310546586085,1,9,9,6.090150457214585
1296.0843758958017,10,1,10,8.11404956455153
1061.4749138360376,4,10,40,17.506716000102976
828.1157565032174,6,9,54,14.221896381366417
1262.350269893939,8,3,24,10.387906202333829
686.9489490465521,3,2,6,4.220505807097
371.5915387127561,3,6,18,8.031637871511943
498.7937472548591,8,5,40,12.822954624290501
807.2296256106407,8,4,32,11.247036010038574
843.863109742446,8,4,32,12.589426373906276
1227.813157017727,1,8,8,9.165531753764357
1207.8938131132682,8,10,80,21.43698858575959
913.9131800864049,8,3,24,8.869768167223134
1193.099676711667,2,1,2,4.121015672987788
368.4828416111394,9,5,45,9.696081196826318
170.09033793061207,7,8,56,13.251444820086693
1323.0873516885802,8,3,24,8.397590708566993
205.7762912678774,2,2,4,3.746720461387392
445.36380164159624,4,1,4,5.116237068810299
1073.4465294741385,7,4,28,11.03854716274596
673.2271126782327,6,2,12,5.552495884148868
1326.8395578817124,7,8,56,15.24424993287023
517.1717125271773,1,10,10,8.149191746111939
116.61988533710301,8,9,72,18.601239525507935
520.9178967850418,7,10,70,17.4985150886637
909.3050688587643,4,1,4,4.108327736834204
626.3137255646106,1,2,2,2.1267243330286902
848.8218580622573,8,6,48,14.321960653287949
1327.2373663690262,10,10,100,24.071365641230933
1377.479075922516,7,7,49,14.886551191805772
472.36369051575696,8,2,16,4.788525865809701
746.996662577861,10,8,80,20.087342350264677
868.8016213380316,1,10,10,10.16461523080357
1428.757439643546,5,9,45,15.228497215037413
1498.0642468301385,9,8,72,21.259731331447234
429.5701483781373,5,9,45,13.854482984160928
1117.7718198841417,10,6,60,16.452228416997436
629.2434871264733,3,7,21,8.087932444281634
111.35147564069851,9,6,54,12.601124699836674
112.9535314102633,9,7,63,16.64392671529742
744.7924105871581,4,3,12,6.391934375556045
783.6688782060685,4,4,16,8.271796600933637
131.5975752028197,8,9,72,17.22380592069216
1061.6983834840235,7,3,21,5.88938036122677
511.6047440329344,5,2,10,3.741169506200383
883.8503421503292,6,7,42,14.169682586251863
521.2867024315863,3,6,18,6.7478011994346065
333.9880408170301,6,3,18,7.962207042410725
670.0432340384255,8,6,48,15.456105513880878
425.1827107067011,10,7,70,18.545175808796973
848.7213676868353,9,6,54,16.235152746889064
378.3599424010719,3,1,3,0.0
811.7683673024778,8,1,8,5.27291453034797
320.3299208164146,3,9,27,9.181634008338921
1039.364593280099,2,6,12,8.220941282407715
1155.5127582179937,5,2,10,6.281517984076458
254.55192794990728,4,1,4,0.4663250496435172
754.9233768522748,5,2,10,3.1012024525847735
199.22038091682302,6,8,48,11.871018450822136
937.4554237588034,3,5,15,11.057155853615141
470.16601710150354,1,7,7,5.511004472763357
838.674239574191,4,7,28,10.645389944046268
824.4454131380077,6,2,12,3.837742491098303
1394.0960846713206,2,4,8,7.843509125267861
868.7165115962121,2,2,4,3.261296861814461
916.1978716056419,1,7,7,8.239322233954931
662.3143760701324,9,5,45,10.91047719739524
1428.7114444559436,3,1,3,4.4666365784409425
1188.0602732154534,2,2,4,3.6089813346790445
499.5674064239782,4,6,24,9.151743818888502
1281.893420086725,6,4,24,11.033704978008885
705.354904259126,1,7,7,4.616184070012757
1260.1340009470316,9,2,18,9.927807681807721
1252.0432956109028,9,2,18,10.832292967231174
364.41826146799616,8,6,48,14.200295222652763
1081.5975839370076,6,8,48,13.502603933577676
506.90015702914354,4,1,4,2.577853048056644
516.4897379897354,2,5,10,4.813919571364394
514.887307632813,8,1,8,6.449980763963625
1115.7955465839275,7,6,42,13.675177332592293
421.7564585095505,4,7,28,7.156470725882295
101.26816934452631,3,6,18,6.178573762888194
1101.3315948756863,6,9,54,18.15613894736915
339.65864136917537,1,3,3,4.108094602425341
246.27535343096852,2,8,16,5.791326197267406
432.52256883168417,7,3,21,5.011133308028567
631.8607312517856,3,7,21,7.365247017643854
766.268858462481,1,5,5,4.5774682961971
162.39805699768314,2,1,2,1.0078128785416796
1458.8026656783047,10,4,40,12.04506789202763
1102.4882747873812,10,9,90,23.183837925564543
552.4716914540707,9,8,72,14.21996261585447
546.1761601995563,7,3,21,9.224400425599859
727.9595691158431,7,2,14,7.588324460018833
976.7427518682462,10,9,90,22.69394111772738
304.9222932245549,8,1,8,5.503520962413507
364.50173927093323,8,9,72,17.102995140841422
1303.2084159669712,9,7,63,17.51574316686448
458.7568934447016,2,2,4,5.122251572579527
632.2729971652485,8,5,40,11.436369835144497
1319.7805913301638,8,2,16,8.8158747180771
1028.4069611597515,5,5,25,10.097217479598145
578.3966310783637,5,7,35,10.864846981161696
1057.1793640144692,4,5,20,7.993261835759763
127.5565015339792,5,2,10,1.4351777214729164
1129.8997240159113,2,5,10,7.583409431912034
781.8224567227353,2,10,20,10.780380243539485
1238.4550061982457,5,6,30,10.98591478710668
1436.4927128090558,3,5,15,9.88795845815894
1396.1039692923957,1,2,2,4.7620698947402165
1372.9710608374771,9,6,54,13.004768650866495
817.037938307442,2,6,12,4.852214689932018
604.1989597945133,10,2,20,7.274884935531429
751.0494546229419,2,4,8,3.9870413424864015
1065.854404638705,4,7,28,10.443086746500166
1337.5968876196614,2,1,2,2.5982971773505468
389.7808242001674,7,1,7,6.884767423380889
1385.4704218463842,10,6,60,13.941841912575716
1241.2523247578447,1,7,7,6.511160330399586
1470.3984212495284,2,5,10,5.916622155936491
1332.352482594362,5,10,50,13.710110678258864
491.9122615686693,2,8,16,8.068348823805211
248.33827588166676,9,4,36,8.67945998241882
257.1375007882241,4,3,12,4.774821142481621
507.71264600958654,9,7,63,14.538658538058668
959.857213578355,1,4,4,1.5630149065178127
1226.0484565360416,1,1,1,2.9678909158504827
1358.9504297741905,1,8,8,7.8765111899523115
973.2547381169259,4,5,20,7.249596376229238
107.88383784727522,9,8,72,18.890358431496324
360.8434871259469,8,8,64,16.3653840601258
239.61668539471512,7,5,35,10.915882783956814
608.654265796614,1,8,8,4.93161449454532
801.8913910872443,3,7,21,7.5066469764750705
160.7560500099852,9,3,27,7.76286228157468
587.8691661139175,9,4,36,10.346046239353317
350.85154447545165,5,7,35,9.558432487220056
1005.8982327624235,6,4,24,7.34751113221531
749.981317054076,6,6,36,12.285776544616335
793.4447057074723,10,2,20,6.18632301654972
698.7685032468455,4,2,8,5.5363309186476855
1438.4275946811938,1,3,3,6.0714332544279515
400.62917517018855,5,10,50,13.370848372341976
823.329963781424,1,7,7,9.599561260447196
1130.4243157114704,1,3,3,4.2245820480617775
879.5821783883875,5,3,15,6.270177969788612
1400.6292400035215,5,4,20,8.531094331190761
629.1556978977978,7,10,70,19.487246186436497
749.1461280824492,2,6,12,5.900347774679165
223.93124130061977,6,1,6,4.50044770983624
952.5987554726998,2,6,12,4.677197558806707
503.49675582734847,10,8,80,19.42685694164596
324.4326553217964,5,8,40,12.829019704087433
862.3438100663113,4,6,24,8.86348998138068
845.2343687318748,10,6,60,14.956013452706685
206.22029771366658,5,3,15,4.9348892162521505
1077.5016348922618,2,2,4,2.0184627047097314
973.281066911194,8,7,56,16.91504996150575
364.6241958450961,8,8,64,17.759825371419897
757.2088070156614,6,10,60,16.124115769362
1108.452083069984,3,6,18,10.486460537238235
841.2100367577871,4,5,20,8.993991715282384
653.6847066569983,1,4,4,3.8349031982523454
551.2738413133211,9,1,9,7.570053293029863
954.551413301675,10,9,90,23.07827606622137
1414.7521776343367,5,10,50,17.612628157271345
1040.4427766684767,8,4,32,12.969035439117867
204.6442650908417,3,2,6,2.6506033646065172
744.9589628749873,4,4,16,7.723484141029434
1347.1537841148786,4,5,20,5.996163561993173
232.24739612152163,8,2,16,4.321754383178217
1484.4259969925606,9,7,63,18.675763524848687
1428.69715110359,3,3,9,6.852236616587814
209.58427302182622,7,8,56,12.694341621956973
1406.778648629377,9,4,36,11.94587170252775
608.3856263632471,2,5,10,5.851460780422804
1282.5928339062075,4,3,12,6.75867948804641
685.7366727985801,3,5,15,6.1788226037083005
717.1971577835222,8,9,72,16.11906832928578
987.9403273685597,4,2,8,5.701594595258026
1184.2683869863768,9,7,63,17.03419528177069
147.3048113275481,1,10,10,9.353801542893734
930.418393737988,1,8,8,8.6682774809383
361.42619173631937,4,3,12,5.124544549451998
584.3293250084841,3,4,12,2.557492978563145
587.156132617303,3,10,30,14.211421955223711
756.6844763096151,10,2,20,9.538590520270612
567.7909766266428,2,10,20,7.909728436411006
250.30556583093485,10,9,90,21.92951304514559
303.880233935632,10,3,30,10.500889272062896
146.81317978553673,2,9,18,6.210116643068494
758.348719460256,8,7,56,13.720681708324761
1436.226772794184,1,6,6,7.585249420171371
261.9453131073632,8,3,24,9.337155689658907
1424.7702902043147,10,7,70,19.631267293390803
1126.706120624931,3,3,9,6.08749329105631
992.4983241078285,2,6,12,8.815931849033761
1003.3888574529881,9,8,72,18.4817508450841
1257.418707754795,5,5,25,5.431759885095807
249.68781013174993,5,3,15,6.25091029101133
806.6560529917584,6,6,36,12.94243108320781
1075.927593565062,4,8,32,12.06473767218884
921.5486231029892,7,10,70,16.524677075714994
1265.8906994326126,7,3,21,8.019634188309166
201.1803926158921,9,5,45,11.643278806732946
1066.9814552988323,6,9,54,13.650118227972424
847.6388225386048,1,10,10,6.630575726353093
630.8252095719208,9,10,90,23.553862967551716
576.3849751276432,10,3,30,8.361121206554994
969.16568588387,9,2,18,7.692858373073467
1347.3935245019707,5,8,40,14.469743526466395
794.6462965415614,7,7,49,11.424828383115383
1254.6124297076883,1,9,9,9.793187481667168
663.0189345815545,4,4,16,5.599486993258254
243.35224791044715,10,3,30,7.607106890271321
186.10803104209396,4,10,40,13.653825011705958
171.86811985314858,5,5,25,8.901381724202496
632.210198740738,6,1,6,2.827120437200109
572.1328511701788,4,5,20,6.771787011551776
1105.1118330715972,6,3,18,8.335605569221382
1139.9501022188122,10,1,10,6.689437005373671
171.19555636723575,7,3,21,8.718945936551599
409.57256804462094,3,5,15,7.264101048100711
483.96659022245956,9,5,45,7.914253403984878
866.6567777999333,8,10,80,18.893881245028087
302.3213134697304,1,8,8,4.494419929925614
287.51770716000055,2,1,2,1.169395571522897
1421.3044448911412,2,7,14,9.011666813747306
1225.8840702168934,10,5,50,16.6539470582355
352.9168629276384,9,3,27,7.695011843327379
669.1949310676873,9,4,36,9.348079705054328
597.8707989605917,9,3,27,8.6598026946974
1207.4057036915701,1,8,8,3.8671586109310043
814.2980830693709,7,4,28,10.573899019183907
278.9896317908538,3,3,9,3.820172340932486
1134.5888884187414,9,2,18,7.847139098791754
655.6431695148865,8,3,24,8.839413121879563
468.0939466850059,3,7,21,6.409654168848583
625.6980708290082,1,6,6,4.326179356969477
796.8591890496549,9,10,90,20.776173188433454
580.3617229838133,10,5,50,10.819837583695907
438.668081628461,1,8,8,5.567278405530711
657.9028403255725,3,1,3,6.842371468260305
126.84207504985754,6,3,18,5.995594991899681
1181.4969845348394,6,2,12,5.6032433656372245
339.3228509946201,10,2,20,7.563921993210124
161.46645908289213,4,1,4,0.8807195096491407
1015.1781700671108,2,5,10,5.2351938000435
1183.5105803531412,10,5,50,14.228165207010948
1239.3607842299805,6,3,18,7.346504990218624
790.9128557248399,10,9,90,21.241007083655003
387.51545856597943,5,6,30,10.21122569867506
1132.1187481497575,6,10,60,16.45422117494986
1079.598308016072,7,6,42,12.515051615525726
444.77902774444254,9,10,90,18.213466007280918
1364.7708582079101,7,6,42,11.545433087501875
246.12004131596058,4,2,8,3.8144060931165322
1475.763535427856,10,10,100,26.664183255590814
1304.3469353684504,5,10,50,15.326233420989599
1063.0581036707053,6,8,48,14.215372929463848
1414.249843591766,9,6,54,13.900263890260408
1111.235635653191,5,3,15,5.941535603831877
366.6397958420643,5,10,50,14.09068462720322
719.0185933579364,7,9,63,18.392150569672467
200.1042340642895,2,2,4,2.701804694274426
645.5203912033616,3,7,21,7.944212378196759
1138.2442276320921,2,3,6,5.364117110629494
641.0206913031443,10,6,60,14.165743674327318
562.4118456553878,10,5,50,12.2276284901023
933.4980115144366,2,6,12,6.320541479820304
1321.086340598453,3,8,24,8.609306445397468
166.6164695645574,6,3,18,7.083372093351264
639.6586085796296,5,2,10,6.4878409119166145
321.5370385413678,5,8,40,10.934603781057106
1073.4959510246176,2,1,2,4.58050253982215
248.0143846035888,2,2,4,4.727093863817679
1030.7308620123424,1,10,10,8.465981028301487
500.65321911707025,3,1,3,4.096701645195431
378.4835392321146,7,5,35,9.992940852746058
1410.8935809549796,5,8,40,14.872214607511367
125.9344074443382,7,2,14,5.064325131189869
712.8881806453966,9,4,36,10.080434787396408
130.2777894465113,6,4,24,8.30070983778264
777.0302673460607,2,7,14,7.383724864807422
801.4663289121855,1,1,1,3.6226188856994552
550.3274599526458,1,9,9,5.239074094883199
285.02648853503314,10,3,30,9.746295662950258
626.9425528282654,9,6,54,15.867258301726858
1041.1681159055925,6,10,60,16.21305252024569
1195.3541321022428,6,5,30,11.892250547833576
843.0508433433993,4,4,16,9.245326946829035
925.7681522156579,2,9,18,7.86810308826101
380.8629195745138,10,9,90,21.26020492161269
502.26246651870923,3,1,3,5.38642519335054
326.6538540733018,3,7,21,5.350013478323483
449.01349000645587,8,10,80,19.905043266006416
414.84149231574446,6,9,54,15.368946360744907
827.2283009477326,7,5,35,11.035347100954892
887.7642581070212,9,1,9,9.581453591053185
1422.9263891501064,1,8,8,8.282127086853043
373.79890594213225,2,5,10,6.864843921976979
998.3459942260943,9,6,54,16.447140428502344
1244.162976582532,5,7,35,14.280045311988953
884.3380492962735,4,10,40,13.23296934737514
457.005113501506,1,7,7,3.1062460685131033
467.5703220280003,9,7,63,16.70467468235572
154.95427429939988,9,1,9,2.23095820615183
527.6219171678744,4,7,28,8.754571021198053
1142.4451506047321,9,3,27,9.535352088094275
166.52486008995453,10,5,50,12.251179066022479
407.01339550676295,1,10,10,8.510338923547248
1088.7254979444947,5,5,25,9.389274356381245
1195.7121879520273,1,8,8,10.175084790872491
737.4457740866998,4,7,28,9.577782000233205
1077.3040738701084,5,7,35,8.498261645381094
643.1330361168489,3,6,18,6.397960399455222
323.87854303377856,2,7,14,7.423684131175502
657.4092909320691,6,7,42,10.193262614661435
911.9549482844,3,5,15,6.439958283276622
1427.2745945940464,10,5,50,16.579117340227622
196.25133292414824,1,4,4,2.4193147698796795
810.3517313829449,5,4,20,6.888505637527952
560.4876894950141,2,5,10,7.102355321061189
811.6363719873724,2,10,20,8.882915254397856
133.56562632714434,4,9,36,8.903751346521993
538.2354965822138,4,6,24,9.52689723002631
1247.815406537807,4,8,32,13.400819754889
875.5184273964925,7,9,63,17.171905725380288
730.8154899425643,1,4,4,3.0922502829026284
499.7351004014754,8,7,56,13.268491153008773
517.2595319078982,10,5,50,12.704111071970814
636.3420070268182,9,4,36,9.081850501081874
1269.7989939503846,10,7,70,18.10076559945553
1454.0984895315758,6,3,18,9.432128357294294
714.1175338905243,4,1,4,4.733240081197941
650.6939742468666,6,7,42,12.24204799747919
1285.171086147808,10,9,90,23.24400399516799
697.6674488908251,7,2,14,6.042633754388105
872.8254412139116,6,7,42,11.549938365761983
423.3183304382422,1,10,10,6.133003756973722
1140.9035500907053,5,2,10,7.768257999106212
844.7836455790946,8,3,24,5.474968686406294
1232.6483703364784,8,10,80,19.145960915954827
1193.0258220401377,10,10,100,23.676128330968247
401.00667557804,9,3,27,7.0852280865959045
1101.8897707808674,4,4,16,8.060981351574359
1220.0761711319199,10,6,60,14.540044396650977
584.5501370953531,6,3,18,8.674139087630838
341.65275806318436,7,9,63,18.76773761460741
103.68501781142345,5,2,10,4.380564236712119
731.2651143304074,8,7,56,14.134174051383697
593.4058241543783,3,6,18,8.577055061839342
876.8737673555725,8,2,16,6.92942150856122
363.25752962430005,5,3,15,4.394668060017194
1303.5317667330653,1,6,6,6.286088470233455
460.85730187935354,6,10,60,13.356475031818688
417.00144712271,2,4,8,3.1240436325007592
772.9996790780983,7,1,7,3.9473690791141993
798.3914332419839,9,1,9,5.904896185602699
401.11932029913,3,3,9,1.8678233517863387
480.60501741628207,10,8,80,17.771280905160864
337.58733481734293,4,4,16,5.104961566849338
1105.8442496524335,4,1,4,5.122783250492673
1178.1246437557147,4,8,32,11.560100479872771
747.2598964429957,3,10,30,13.346807644242235
1099.7218317590246,5,6,30,9.242361359028909
1130.3095487124237,9,1,9,8.035480188098356
293.58573874893204,8,10,80,20.310918619398365
1452.6492347683513,10,10,100,25.175893788178826
1249.4447259350034,2,6,12,7.5113625265358035
386.2768456741529,9,1,9,5.6185376725567995
360.63105004449835,10,10,100,21.312372647578236
275.92560381141584,2,10,20,9.592580079770363
293.7299875586857,7,3,21,7.149759706239118
1147.4265186401747,5,2,10,4.291100749356715
757.515959732273,7,4,28,11.201787650787859
1196.107841835814,5,2,10,6.02926249966325
1144.7568520902876,6,5,30,10.669006327719238
946.4577989073102,8,4,32,6.927167207415238
1060.9132492101512,1,6,6,5.598120375350839
125.69801413079851,1,7,7,6.305087841910307
536.4887055270308,5,2,10,3.9317211335868283
992.9510509631743,1,2,2,1.4539692645934306
113.08293488074187,3,8,24,8.610066672369769
146.16772115563077,10,9,90,17.778120477115113
1292.6431754585365,9,5,45,14.936902136045752
1057.6348063689006,7,7,49,14.059894689386919
471.51762636848156,6,9,54,14.5654224879498
1063.1479761661926,8,1,8,9.673287198995942
1209.4393367949685,8,8,64,17.994531841973043
529.5119963541417,6,10,60,13.851468487443817
150.4523284988624,4,10,40,11.67317507286921
1405.8907745628283,4,9,36,14.12634087330144
583.2517736138827,4,9,36,8.337955411814525
249.07446859858894,6,10,60,15.278974872513375
788.5996199504063,1,7,7,3.1304882654684527
1175.8549139297872,2,10,20,9.988808847754001
410.3062404645828,6,3,18,8.837426783088148
477.2860701867087,1,5,5,3.3529727239828624
439.80098151801644,9,2,18,7.1976739813773
1488.3422739643495,6,10,60,18.196347349948205
376.3652272227596,7,3,21,7.7166213582737555
905.7283037525735,1,10,10,7.833615444506292
1395.3704983197501,8,7,56,13.378213914891623
305.6551964288909,5,1,5,3.5382159072269705
1459.1958770147803,5,3,15,6.916657430893387
1426.4681281538744,6,5,30,9.441802590509134
1338.4007818815676,7,4,28,10.87569817162801
400.37912986200314,7,3,21,7.459527520840053
987.6770784153766,5,6,30,7.718070989488979
1165.2480621457362,1,6,6,5.331462098973167
1480.4390994750015,9,4,36,14.67354476699547
352.5933509139186,6,9,54,12.317975355179804
1172.436259327015,9,6,54,15.79565640675729
574.3216378979581,4,9,36,9.540401994812893
345.8770517952032,2,10,20,10.752405310960018
689.9277176993969,3,10,30,11.826870529401033
1211.3702770080629,4,2,8,4.378679322958087
750.789725185673,10,6,60,16.22227703745637
852.5323402842679,8,4,32,8.449379854077025
1493.2231742801698,3,2,6,2.867631360445375
658.7530193803964,8,5,40,11.575198894301202
961.5610565929358,6,3,18,6.486684663544491
611.3418822615206,4,6,24,8.720158638344797
649.8999048601869,7,8,56,12.485665518733349
1073.8970548235714,5,4,20,7.413392973594278
1413.0417665328368,5,4,20,11.222038248407694
859.30253068925,9,5,45,15.314685807831872
1175.7599005282918,3,6,18,10.860976970505089
224.88918234374935,10,7,70,20.1393258833832
395.62125240469777,4,6,24,7.385232534020267
802.9842972873454,5,7,35,6.986578620641314
128.0164130802847,1,9,9,7.161946849448204
453.9969702675823,7,4,28,7.13313148263628
824.3618057549526,8,10,80,23.138086161983423
120.94567755882099,6,1,6,3.466157598723036
470.3648007164584,9,9,81,21.844227789659946
819.6431472662173,3,7,21,8.257757566278615
902.408947173744,2,4,8,4.185508900203304
1396.0523702774276,5,10,50,16.883255737230837
1003.483872550851,9,8,72,19.440834933016653
680.6301235419912,1,7,7,3.7932943601070592
1402.491647986295,1,2,2,4.153055240856749
1198.836176742912,10,1,10,6.433926893498077
380.0124895578466,3,9,27,9.616370981710883
283.1793058883477,10,7,70,16.814249397038484
1046.1362900398262,3,10,30,11.696956766910523
883.8364318077773,5,1,5,4.440926228803362
1205.5430593098579,4,4,16,7.082222053892491
1134.327070110161,6,5,30,11.108118097122375
975.296147400521,8,5,40,11.212917119144002
1480.9350402804491,8,5,40,15.83453878278954
847.0256221545721,4,3,12,5.870162559643357
258.3480591024078,1,5,5,4.830038169937748
1259.5829907423838,7,4,28,9.617285078932472
452.5947072839926,6,5,30,8.568613846833781
1188.2230074014856,5,7,35,13.309742783702118
1439.949934400072,4,5,20,10.21952901346118
1075.513719550078,6,8,48,14.16695534748479
934.4422253297215,8,8,64,14.391592185152257
744.5406459450568,6,3,18,6.403007220950197
610.1738123935645,3,5,15,6.237749239597567
594.2066513605707,9,4,36,9.864834349828676
990.9217879934268,3,5,15,5.2235660329560165
1151.7823637128442,4,8,32,12.784581043598024
1049.92389727818,5,4,20,7.929036207992162
377.77414167098783,2,5,10,7.568882986108671
791.5820522008877,10,7,70,17.63174794764631
1208.296101056288,10,3,30,11.3827581286068
765.9857094646787,2,6,12,5.4487843438808685
851.2725916296914,6,9,54,17.4691142163474
1179.590467439151,2,4,8,5.305642383443039
1025.771428771128,10,4,40,12.347163417002841
673.0828892353496,1,6,6,3.5177719917246746
1353.5777956719064,8,6,48,15.276559060496275
327.59389612887,10,3,30,8.86039042825642
1493.7230280264546,10,1,10,6.433514265806045
266.39360986673205,1,3,3,2.4099797052540115
120.92995954593447,10,8,80,19.52860649993676
1346.0264616082707,6,8,48,17.364271252967725
442.93491171233853,1,6,6,4.839609476951705
1121.5794784254092,8,7,56,15.01728732975979
1235.421524904897,5,2,10,6.955885861255027
1302.5809474449636,3,9,27,10.944536815268561
1488.2319299298333,5,3,15,8.010921453780467
511.6555940559987,1,2,2,2.420173930190942
1094.3406786981627,1,5,5,5.930745964996846
261.5598015931595,4,1,4,3.615856105997933
669.5330078995892,9,5,45,12.714925943899317
1287.1603706376266,9,10,90,28.05127179776563
614.7212644827517,1,4,4,5.10731535663713
927.5335327498597,3,6,18,4.736178351202417
805.2828212144877,4,5,20,7.290287024003263
1004.3321435568631,2,9,18,8.879576175300933
1462.0521451427728,7,5,35,13.187922763604217
178.02973710196295,3,8,24,10.807187568794038
903.5461245022816,1,2,2,2.1279807123963934
1308.2402909503987,1,3,3,6.292877278349455
773.9357964477985,3,3,9,5.303291122394268
209.93806031820196,6,3,18,6.613565247838941
884.7550933834792,4,6,24,10.760973500304889
564.9034471533487,1,7,7,2.7842399014016417
316.9184994731103,7,7,49,13.686104331356951
1288.6483185968623,2,7,14,10.55600151935853
830.2393181875702,5,3,15,5.023571623950433
1406.5869773306933,8,1,8,6.816666649711313
1228.4231064442968,7,6,42,14.274361861571792
1070.1605112831344,8,3,24,6.405222235983675
107.03570471143671,10,3,30,9.41802876203271
698.9528392935499,6,3,18,6.706761881161604
376.4807943128452,7,9,63,18.00567150269123
1375.117075468415,9,4,36,11.341024192413709
344.41757854690434,6,5,30,8.925762869680108
500.4840723229997,9,3,27,7.743608157132828
823.5714748282988,2,10,20,9.068590240678297
468.70906659731094,2,1,2,1.160845771375513
393.8105481907696,2,4,8,3.6092904429030095
938.7390551438534,6,1,6,3.2579349553851884
224.5013318570334,2,7,14,4.9049636874802625
181.4348622092946,3,7,21,6.086813256179796
621.1434132605,8,4,32,9.35431822352258
1108.9302363110073,8,5,40,12.44300426285342
876.7294615835272,4,10,40,8.596178833424974
692.0270558534904,9,7,63,16.548415898916886
892.0521899144153,8,6,48,15.64279472764067
611.6320785145831,1,4,4,4.854148689379271
1410.6048696049581,8,4,32,10.320872686243511
176.86684727508407,1,2,2,3.2878492928365652
1042.7480706417691,4,10,40,12.072348255275987
1347.7957307588508,10,2,20,9.934900829871612
1225.4385922293548,6,4,24,5.82603919891454
357.6574487500254,7,5,35,10.979571618299566
514.2968885724038,10,4,40,11.636129517465958
1103.8671141899467,4,3,12,6.615709822452719
217.97878285307175,8,2,16,6.062071423235049
1236.6063797656177,8,4,32,14.075538118144713
1106.4697224467063,9,5,45,14.973607975777846
1121.4493089294797,6,1,6,6.416829972361013
240.33791837462795,4,1,4,3.513598691975967
1104.864762742723,2,6,12,10.018402453598156
1051.745375307958,7,5,35,11.075517231709828
1263.2914871505907,10,4,40,11.043649687918288
158.2343387590573,3,1,3,4.641927533266332
132.35493585490906,3,7,21,6.401944498814112
622.209939829985,3,4,12,6.287883892200449
308.30359738881407,4,3,12,5.598600787519516
881.7382685983107,2,7,14,6.162547689981159
1384.2884621094483,5,2,10,4.448060392369008
648.071622467622,3,10,30,12.29502788330049
1282.9305281816457,10,1,10,9.368521569172703
100.33722432501307,5,4,20,7.250643058818566
335.9205008428579,7,8,56,14.975063901092877
142.59295551571986,9,6,54,11.387584046776244
559.4060527210961,2,9,18,7.52110010313102
1371.465433975104,9,1,9,9.013429455558592
235.73297303858286,10,1,10,4.201140800057093
948.9736874413205,6,5,30,10.397146390351411
732.0943147672218,6,6,36,11.755929484196484
1413.8554973121375,3,8,24,11.29967439986722
271.5267995519314,10,3,30,7.70618762010447
396.83899070312054,9,6,54,13.817103425393345
141.35875605609058,4,3,12,5.751487241891203
707.5093494839233,5,8,40,14.903574301068545
488.966059390516,3,4,12,4.954192742495978
1317.8683074464493,5,2,10,7.052482396420341
946.9171384768571,8,9,72,16.954326361801776
959.7270331659823,8,10,80,19.955488441029974
844.6749756338235,8,8,64,16.139384276471382
228.5904721208814,6,6,36,12.964074485032407
723.0261572154974,1,3,3,4.495745827226079
1499.3072655919232,10,2,20,9.938777559905004
1269.3210071844208,6,4,24,6.683060184238787
1350.8426758339622,10,4,40,13.764297422672273
1252.5169029450992,7,1,7,6.532740278362819
244.25837080337575,9,9,81,18.59828399119039
418.4275556907195,8,10,80,19.306896888962427
104.37031189897348,8,8,64,18.110986918260245
524.914174829356,7,7,49,14.722966712288514
252.05036328508962,2,6,12,3.9760536221745584
761.9106834222163,1,3,3,6.402374340425487
1047.9784840034627,2,4,8,4.30457722853899
1324.307413053308,6,2,12,9.472681622114415
1148.9040311272574,2,7,14,6.711668303799352
1414.0198340899074,10,2,20,9.400963358805834
175.4576065513043,4,10,40,8.382186048874438
117.05176958315802,10,1,10,5.925128043367416
1025.8733593706977,3,6,18,5.107365017509009
505.0933743111447,6,4,24,8.321177529719412
454.9014225480824,8,8,64,15.457892337943044
563.2419227713119,6,1,6,3.5913815541793817
477.7144810493098,2,9,18,8.446416201554118
816.0109688222221,5,6,30,11.261405602972856
716.2078261137855,6,2,12,7.795584841041036
817.3999719273188,9,8,72,16.58025630243202
1041.7990561006106,6,5,30,9.916845697789547
641.9827125596076,10,5,50,13.712408476434819
451.8307619990195,5,5,25,9.058095857929922
332.6807515322437,1,7,7,5.689146745456884
589.2637673456757,10,7,70,16.211465272706747
1138.529065344641,5,10,50,17.079848992528728
1159.3868741560575,5,7,35,12.48394985470343
1033.6675413578944,6,10,60,19.550799049908996
427.6394454296244,7,2,14,6.330903594211512
923.3207441965768,4,8,32,8.042758423429579
898.9655262075871,7,1,7,4.112842636246397
777.9726773536157,5,2,10,5.114426732065596
869.9705809374099,6,7,42,11.37360783406735
788.5068856731353,4,4,16,5.455303899371378
891.6389125037515,8,10,80,23.039861299336987
1101.7083364695802,9,10,90,20.529437010796983
253.47947216481563,2,9,18,6.612971724725896
1149.4760530086332,4,9,36,12.598233840159972
290.24061017863187,8,3,24,5.80745443634698
193.27919777452456,8,3,24,7.341933812328057
1466.5115607100547,9,9,81,17.83722939189692
1439.788476418618,3,10,30,11.452962896667534
184.61116291678968,1,8,8,3.391349759744215
720.554818064947,9,1,9,5.430962022494295
360.7429136196846,1,6,6,4.237826864184472
779.4828559881853,3,7,21,10.432014169701386
1262.2481401994223,3,8,24,9.309146569722795
1430.8564846400463,9,2,18,12.26750841563014
987.9537148321523,1,1,1,3.14428754504057
595.4679340965438,7,4,28,7.676698967364068
944.6557919024377,2,1,2,3.3920398694598966
536.8018285518305,7,2,14,7.92689136146037
1373.7530971648846,1,3,3,3.095900884527619
1318.5606483481718,10,4,40,16.150444719824815
881.5244503915254,10,6,60,16.96129238190863
554.7184815325047,8,8,64,14.593392077695839
510.7455458161697,10,9,90,20.33818058666323
146.78519258708326,10,4,40,10.270063519038821
1242.1491914354133,2,1,2,5.446733661338946
730.5364982546112,3,5,15,4.842005143802545
555.1860997603702,8,5,40,13.819564349179325
759.5544969968554,3,9,27,11.781515217593144
1246.2331866365128,1,6,6,8.589026202837976
274.4598907905297,9,5,45,12.087136442451582
1300.7183835385583,8,10,80,22.85376533628705
1356.5123691516956,4,10,40,13.551949234636282
1425.3910810474435,8,5,40,14.78325293654203
656.4831893916789,5,8,40,12.144274443723363
403.9965656527406,3,1,3,5.259595076720489
